   create database nckh
use nckh
create table Faculty
(
   ID_Faculty nvarchar(10) not null,
   Faculty_Name nvarchar(50) not null,
   Email_Faculty nvarchar(50) null,
   Phone_Faculty nvarchar(10) null,
   Address_Faculty nvarchar(50) null,
   constraint pk_ID_Faculty PRIMARY KEY(ID_Faculty),

)
create table Department 
(
    ID_Department nvarchar(10) not null,
	Department_Name nvarchar(50) not null,
	Email_Department nvarchar(10) NULL,
	Phone_Department nvarchar(10) NULL,
	Addess_Department nvarchar(50) NULL,
	ID_Faculty nvarchar(10) NOT NULL,
	constraint pk_department_id PRIMARY KEY(id_department),
	constraint fk_department_idfacutly FOREIGN KEY(id_faculty)
	references faculty(id_faculty)
)
create table Teacher 
(
    ID_Teacher nvarchar(10) Not null,
	Name_Teacher nvarchar(50) not null,
	DoB_Teacher date null,
	Phone_Teacher nvarchar(10) null,
	University_Teacher_Degree nvarchar(15) null,
	Permission int null,
	User_Name_Teacher varchar(50) null,
	Password_Teacher varchar(50) null,
	Email_Teacher nvarchar(70) null,
	ID_Department nvarchar(10) not null,
	constraint pk_idteacher PRIMARY KEY(id_teacher),
	constraint fk_teacher_id_department FOREIGN KEY(id_department)
	references department(id_department)
)
create table Module 
(
    ID_Module nvarchar(50) not null,
	Module_Name nvarchar(50) not null,
	Credit int null,
	Semester int null,
	Theory int null,
	Practice int null,
	Exercise int NULL,
	Project int NULL,
	[Option] smallint NULL, 
	ID_Department nvarchar(10) NOT NULL,
	constraint pk_id_module PRIMARY KEY(id_module),
	constraint fk_module_id_department FOREIGN KEY(id_department)
	references department(id_department)
)

create table Class
(
   ID_Class nvarchar(20) not null,
   Course nvarchar(3) NULL,
   Class_Name nvarchar(30) NULL,
   ID_Faculty nvarchar(10) NOT NULL,
   constraint pk_id_class PRIMARY KEY(id_class),
   constraint fk_class_idfaculty FOREIGN KEY(id_faculty)
   references faculty(id_faculty)
)
create table Student 
(
    ID_Student nvarchar(10) NOT NULL,
	Student_Name nvarchar(50) NULL,
	DoB_Student date NULL,
	ID_class nvarchar(20) Not NULL,
	ID_faculty nvarchar(10) null,
	Course nvarchar(3) NULL,
	ID_Card_Number nvarchar(12) null,
	Phone_Number_Student nvarchar(10) null,
	Adress_Student nvarchar(150) null,
	User_Name_Student varchar(50) null,
	Password_Student varchar(50) null,
	constraint pk_idstudent PRIMARY KEY(id_student),
	constraint fk_student_idclass FOREIGN KEY(id_class)
	references class(id_class)
)
create table Module_Class
(
    ID_Module_Class nvarchar(50) NOT NULL,
	Module_Class_Name nvarchar(50) NULL,
	Number_Plan int NULL,
	Number_Reality int NULL,
	School_Year nvarchar(4) NULL,
	ID_Module nvarchar(50) not null,
	ID_Teacher nvarchar(10)  null,
	constraint pk_moduleclass_id PRIMARY KEY(id_module_class),
	constraint fk_moduleclass_id_module FOREIGN KEY(id_module)
	references module(id_module),
	constraint fk_moduleclass_id_teacher FOREIGN KEY(id_teacher)
	references teacher(id_teacher)
)


create table Room 
(
	ID_Room nvarchar(15) NOT NULL,
	Room_Name nvarchar(40) null,
	Capacity int NULL,
	Micro int NULL,
	Air_Conditinal int NULL,
	Projector int NULL,
	constraint pk_room_id PRIMARY KEY(id_room),
)
create table Participate
(
	ID_Module_Class nvarchar(50) NOT NULL,
	ID_Student nvarchar(10) NOT NULL,
	Process_Score float NULL,
	Test_Score float NULL,
	Theoretical_Score float NULL,
	Status_Studying nvarchar(10) NULL,
	constraint pk_participate PRIMARY KEY(id_module_class,id_student),
	constraint fk_participate_idmoduleclass FOREIGN KEY(id_module_class)
	references module_class(id_module_class),
	constraint pk_participate_id_student FOREIGN KEY(id_student)
	references student(id_student)
)
create table Schedule
(
	ID_Schedule nvarchar(5) NOT NULL,
	ID_Module_Class nvarchar(50)  NOT NULL,
	ID_Room nvarchar(15) NOT NULL,
	Shift_Schedule nvarchar(5) NULL,
	Day_Schedule date  NOT NULL,
	Number_Student int null,
	constraint pk_schedule_id PRIMARY KEY(id_schedule),
	constraint fk_schedule_id_module_class FOREIGN KEY(id_module_class)
	references module_class(id_module_class),
	constraint fk_schedule_id_room FOREIGN KEY(id_room)
	references room(id_room)
)
create table Fix
(
	ID_Fix nvarchar(5) NOT NULL,
	ID_Schedule nvarchar(5) NOT NULL,
	ID_Room nvarchar(15) NOT NULL,
	Shift_Fix nvarchar(5) NOT NULL,
	Day_Fix date NOT NULL,
	Status_Fix nvarchar(20)  NULL,
	ID_Teacher_Option nvarchar(10) NULL,
	Proof nvarchar(100) null,
	constraint pk_fix_id PRIMARY KEY(id_fix),
	constraint fk_fix_id_schedule FOREIGN KEY(id_schedule)
	references schedule(id_schedule),
	constraint fk_fix_id_room FOREIGN KEY(id_room)
	references room(id_room),
	constraint fk_fix_id_teacher FOREIGN KEY(id_teacher_option)
	references teacher(id_teacher)
)
create table  Notifications
(
    id_notification int int IDENTITY(1,1) not null,
	title nvarchar(30) not null,
	typez nvarchar(30) not null,
	sender nvarchar(30) not null,
	time_start datetime null,
	time_end datetime,
	expired datetime,
	constraint pk_id_notification PRIMARY KEY(id_notification),
);
create table Notification_receiver
(
   id_notification_re int int IDENTITY(1,1) not null,
   id_notification int not null,
   id_faculty nvarchar(10),
   id_class nvarchar(20),
   id_module_class nvarchar(50),
   academi_year int,
   constraint pk_id_notification_re PRIMARY KEY(id_notification_re),
   constraint fk_id_notification FOREIGN KEY(id_notification)
   references notifications(id_notification),
   constraint fk_id_faculty FOREIGN KEY(id_faculty)
   references faculty(id_faculty),
   constraint fk_id_class FOREIGN KEY(id_class)
   references class(id_class),
   constraint fk_id_module_class FOREIGN KEY(id_module_class)
   references module_class(id_module_class),
);

--------------------------------------

go
INSERT INTO faculty (id_faculty, faculty_name, email_faculty, phone_faculty, address_faculty) 
VALUES
('CK', N'Cơ khí', NULL, NULL, NULL),
('CNTT', N'Công nghệ thông tin', NULL, NULL, NULL),
('CT', N'Công trình', NULL, NULL, NULL),
('DDT', N'Điện - điện tử', NULL, NULL, NULL),
('GDQP', N'Giáo dục quốc phòng', NULL, NULL, NULL),
('GDTC', N'Giáo dục thể chất', NULL, NULL, NULL),
('KHCB', N'Khoa học cơ bản', NULL, NULL, NULL),
('KTXD', N'Kỹ thuật xây dựng', NULL, NULL, NULL),
('LLCT', N'Lý luận chính trị', NULL, NULL, NULL),
('VTKT', N'Vận tải kinh tế', NULL, NULL, NULL);
----------------------------------------------------
go
INSERT INTO department (id_department, department_name, email_department, phone_department, addess_department, id_faculty) 
VALUES
('ANH', N'Anh văn', NULL, NULL, NULL, 'KHCB'),
('CNT', N'Công nghệ thông tin', NULL, NULL, NULL, 'CNTT'),
('CPM', N'Công nghệ phần mềm', NULL, NULL, NULL, 'CNTT'),
('DCS', N'Đường lối cách mạng của Đảng Cộng sản Việt Nam', NULL, NULL, NULL, 'LLCT'),
('DSO', N'Đại số và xác suất thống kê', NULL, NULL, NULL, 'KHCB'),
('GDT', N'Giáo dục thể chất', NULL, NULL, NULL, 'GDTC'),
('GIT', N'Giải tích', NULL, NULL, NULL, 'KHCB'),
('GQP', N'Giáo dục quốc phòng - anh ninh', NULL, NULL, NULL, 'GDQP'),
('HCM', N'Tư tưởng Hồ Chí Minh', NULL, NULL, NULL, 'LLCT'),
('KHM', N'Khoa học máy tính', NULL, NULL, NULL, 'CNTT'),
('MHT', N'Mạng và các hệ thống thông tin', NULL, NULL, NULL, 'CNTT'),
('MLN', N'Những nguyên lý cơ bản của chủ nghĩa Mác-Lênin', NULL, NULL, NULL, 'LLCT'),
('NGA', N'Nga văn', NULL, NULL, NULL, 'KHCB'),
('PHA', N'Pháp văn', NULL, NULL, NULL, 'KHCB'),
('QLY', N'Cơ sở kinh tế và quản lý', NULL, NULL, NULL, 'VTKT'),
('VLY', N'Vật lý', NULL, NULL, NULL, 'KHCB');
--------------------------------------------------------------------
go 
insert teacher(id_teacher,name_teacher,id_department) values(N'0884',N'Nguyễn Quốc Tuấn',N'MHT')
insert Teacher(id_teacher,name_teacher,id_department) values(N'0172',N'Nguyễn Thanh Toàn',N'MHT')
insert Teacher(id_teacher,name_teacher,id_department) values(N'1634',N'Trần Minh Tân',N'MHT')
insert Teacher(id_teacher,name_teacher,id_department) values(N'1387',N'Nguyễn Kim Sao',N'MHT')
insert Teacher(id_teacher,name_teacher,id_department) values(N'1406',N'Nguyễn Thị Hồng Hoa',N'MHT')
insert Teacher(id_teacher,name_teacher,id_department) values(N'1614',N'Nguyễn Trần Hiếu',N'MHT')
insert Teacher(id_teacher,name_teacher,id_department) values(N'1207',N'Trần Vũ Hiếu',N'MHT')
insert Teacher(id_teacher,name_teacher,id_department) values(N'0175',N'Phạm Thanh Hà',N'MHT')
insert Teacher(id_teacher,name_teacher,id_department) values(N'0849',N'Bùi Ngọc Dũng',N'MHT')
insert Teacher(id_teacher,name_teacher,id_department) values(N'0896',N'Lại Mạnh Dũng',N'MHT')
insert Teacher(id_teacher,name_teacher,id_department) values(N'1268',N'Tiêu Thị Ngọc Dung',N'MHT')
----------------------------------------------------------------------
go
INSERT INTO module (id_module, module_name, credit, semester, theory, practice, exercise, project, [option], id_department) 
VALUES
('ANHB1.4', N'Tiếng Anh B1', 4, 5, 45, NULL, 30, NULL, 4, 'ANH'),
('ANHCNTT.3', N'Tiếng Anh', 3, 6, 30, NULL, 30, NULL, 8, 'ANH'),
('CNT02.3', N'Chuyên đề về Công nghệ thông tin', 3, 7, 30, 15, 15, NULL, 13, 'CNT'),
('CNT03.2', N'Thực tập tốt nghiệp ', 2, 8, NULL, 60, NULL, NULL, 0, 'CNT'),
('CNT04.10', N'Đồ án tốt nghiệp', 10, 8, NULL, 300, NULL, NULL, 0, 'CNT'),
('CNT301.3', N'Thực tập chuyên môn ', 3, 6, NULL, 90, NULL, NULL, 0, 'CNT'),
('CPM01.3', N'Tin học đại cương', 3, 1, 30, 15, 15, NULL, 0, 'CPM'),
('CPM04.3', N'Lập trình hướng đối tượng', 3, 3, 30, 15, 15, 10, 0, 'CPM'),
('CPM05.3', N'Công nghệ Java', 3, 4, 30, 15, 15, 10, 0, 'CPM'),
('CPM06.3', N'Phân tích thiết kế hệ thống', 3, 5, 30, 15, 15, 10, 0, 'CPM'),
('CPM07.3', N'Phân tích thiết kế hướng đối tượng', 3, 7, 30, 15, 15, 10, 10, 'CPM'),
('CPM08.3', N'Công nghệ phần mềm', 3, 6, 30, 15, 15, 10, 6, 'CPM'),
('CPM10.3', N'Chuyên đề về công nghệ phần mềm', 3, 7, 30, 15, 15, NULL, 13, 'CPM'),
('CPM211.3', N'Lập trình trực quan', 3, 5, 30, 15, 15, 10, 0, 'CPM'),
('CPM212.3', N'Lập trình sử dụng API', 3, 6, 30, 15, 15, 10, 6, 'CPM'),
('CPM215.3', N'Lập trình nâng cao', 3, 2, 30, 15, 15, 10, 0, 'CPM'),
('CPM223.3', N'Xử lý ảnh', 3, 7, 30, 15, 15, 10, 10, 'CPM'),
('DCS01.3', N'Đường lối cách mạng Đảng Cộng sản Việt Nam', 3, 4, 32, NULL, 26, NULL, 0, 'DCS'),
('DSO02.3', N'Đại số tuyến tính', 3, 1, 30, NULL, 30, NULL, 0, 'DSO'),
('DSO04.2', N'Xác suất thống kê', 2, 4, 24, NULL, 12, NULL, 0, 'DSO'),
('GDT01.1', N'Giáo dục thể chất F1', 1, 1, NULL, 30, NULL, NULL, 0, 'GDT'),
('GDT02.1', N'Giáo dục thể chất F2', 1, 2, NULL, 30, NULL, NULL, 0, 'GDT'),
('GDT03.1', N'Giáo dục thể chất F3', 1, 3, NULL, 30, NULL, NULL, 0, 'GDT'),
('GDT04.1', N'Giáo dục thể chất F4', 1, 4, NULL, 30, NULL, NULL, 0, 'GDT'),
('GIT01.3', N'Giải tích 1', 3, 1, 30, NULL, 30, NULL, 0, 'GIT'),
('GIT02.3', N'Giải tích 2', 3, 2, 30, NULL, 30, NULL, 0, 'GIT'),
('GQP201.3', N'Giáo dục QP-AN F1', 3, 2, 45, NULL, NULL, NULL, 0, 'GQP'),
('GQP202.2', N'Giáo dục QP-AN F2', 2, 2, 30, NULL, NULL, NULL, 0, 'GQP'),
('GQP203.3', N'Giáo dục QP-AN F3', 3, 2, 45, 30, NULL, NULL, 0, 'GQP'),
('HCM01.2', N'Tư tưởng Hồ Chí Minh', 2, 3, 21, NULL, 18, NULL, 0, 'HCM'),
('KHM01.2', N'Giải tích số', 2, 3, 15, 15, 15, NULL, 1, 'KHM'),
('KHM04.3', N'Toán rời rạc', 3, 3, 30, NULL, 30, NULL, 0, 'KHM'),
('KHM05.3', N'Cấu trúc dữ liệu và giải thuật', 3, 3, 30, 15, 15, 10, 0, 'KHM'),
('KHM07.3', N'An toàn và bảo mật thông tin', 3, 6, 30, 15, 15, NULL, 0, 'KHM'),
('KHM08.3', N'Phân tích thiết kế thuật toán', 3, 4, 30, 15, 15, NULL, 0, 'KHM'),
('KHM10.3', N'Đặc tả phần mềm', 3, 7, 30, 15, 15, 10, 12, 'KHM'),
('KHM13.3', N'Chương trình dịch', 3, 5, 30, 15, 15, NULL, 2, 'KHM'),
('KHM14.3', N'Công nghệ Oracle', 3, 7, 30, 30, NULL, 10, 12, 'KHM'),
('KHM20.3', N'Lý thuyết trò chơi và ứng dụng', 3, 6, 30, 15, 15, NULL, 5, 'KHM'),
('KHM219.3', N'Chuyên đề về Khoa học máy tính', 3, 7, 30, 15, 15, NULL, 13, 'KHM'),
('KHM26.3', N'Thuật toán và ứng dụng', 3, 5, 30, 15, 15, NULL, 2, 'KHM'),
('MHT02.3', N'Kiến trúc và tổ chức máy tính', 3, 3, 30, 15, 15, NULL, 0, 'MHT'),
('MHT03.2', N'Bảo trì hệ thống', 2, 3, 15, 15, 15, NULL, 1, 'MHT'),
('MHT04.3', N'Hệ điều hành', 3, 4, 30, NULL, 30, NULL, 0, 'MHT'),
('MHT05.3', N'Cơ sở dữ liệu', 3, 4, 30, NULL, 30, 10, 0, 'MHT'),
('MHT06.3', N'Mạng máy tính', 3, 5, 30, 15, 15, NULL, 0, 'MHT'),
('MHT07.3', N'Trí tuệ nhân tạo', 3, 7, 30, NULL, 30, NULL, 0, 'MHT'),
('MHT09.2', N'Thiết kế cơ sở dữ liệu', 2, 5, 15, 15, 15, 10, 3, 'MHT'),
('MHT10.2', N'Hệ điều hành Unix', 2, 5, 15, 30, NULL, 10, 3, 'MHT'),
('MHT12.3', N'Khai phá dữ liệu', 3, 7, 30, NULL, 30, 10, 9, 'MHT'),
('MHT15.3', N'Quản trị mạng', 3, 7, 24, 30, 12, NULL, 11, 'MHT'),
('MHT16.3', N'Chuyên đề về Hệ thống thông tin', 3, 7, 30, 15, 15, NULL, 13, 'MHT'),
('MHT18.3', N'Hệ thông tin địa lý', 3, 7, 30, 15, 15, 10, 9, 'MHT'),
('MHT208.3', N'Lập trình Web', 3, 6, 30, 15, 15, 10, 0, 'MHT'),
('MHT21.3', N'Thực hành mạng', 3, 6, 15, 45, 15, 10, 7, 'MHT'),
('MHT22.3', N'Lập trình mạng', 3, 6, 30, 15, 15, NULL, 5, 'MHT'),
('MHT23.3', N'Chuyên đề về Mạng máy tính', 3, 7, 30, 15, 15, NULL, 13, 'MHT'),
('MHT234.3', N'Lập trình thiết bị di động', 3, 6, 30, 15, 15, 10, 7, 'MHT'),
('MHT235.3', N'An ninh mạng', 3, 7, 24, 30, 12, NULL, 11, 'MHT'),
('MHT36.3', N'Thiết kế Web', 3, 3, 30, 15, 15, 10, 0, 'MHT'),
('MLN01.2', N'Những nguyên lý cơ bản của chủ nghĩa Mác- Lê Nin F', 2, 1, 21, NULL, 18, NULL, 0, 'MLN'),
('MLN02.3', N'Những nguyên lý cơ bản của chủ nghĩa Mác- Lê Nin F', 3, 2, 32, NULL, 26, NULL, 0, 'MLN'),
('NGAB1.4', N'Tiếng Nga B1', 4, 5, 45, NULL, 30, NULL, 4, 'NGA'),
('NGACNTT.3', N'Tiếng Nga', 3, 6, 30, NULL, 30, NULL, 8, 'NGA'),
('PHAPB1.4', N'Tiếng Pháp B1', 4, 5, 45, NULL, 30, NULL, 4, 'PHA'),
('PKTh.3', N'Tiếng Pháp', 3, 6, 30, NULL, 30, NULL, 8, 'PHA'),
('QLY17.2', N'Kỹ năng mềm', 2, 1, 24, NULL, 12, NULL, 0, 'QLY'),
('VLY01.3', N'Vật lý điện từ', 3, 2, 30, NULL, 15, NULL, 0, 'VLY');
----------------------------------------------------------------------------

go
INSERT INTO class (id_class, course, class_name, id_faculty) VALUES
('K54.CNTT1', NULL, NULL, 'CNTT'),
('K54.CNTT2', NULL, NULL, 'CNTT'),
('K55.CNTT1', NULL, NULL, 'CNTT'),
('K55.DBO', NULL, NULL, 'CT'),
('K56.CH2', NULL, NULL, 'CK'),
('K56.CNTT1', NULL, NULL, 'CNTT'),
('K56.CNTT2', NULL, NULL, 'CNTT'),
('K56.CNTT3', NULL, NULL, 'CNTT'),
('K56.DHMETRO', NULL, NULL, 'CT'),
('K56.KCXD', NULL, NULL, 'KTXD'),
('K57.CDBO1', NULL, NULL, 'CT'),
('K57.CDBO3', NULL, NULL, 'CT'),
('K57.CDS', NULL, NULL, 'CT'),
('K57.CNCTCK', NULL, NULL, 'CK'),
('K57.CNTT1', NULL, NULL, 'CNTT'),
('K57.CNTT2', NULL, NULL, 'CNTT'),
('K57.CNTT3', NULL, NULL, 'CNTT'),
('K57.CTGTCC', NULL, NULL, 'CT'),
('K57.CTGTDT', NULL, NULL, 'CT'),
('K57.DSDT', NULL, NULL, 'CT'),
('K57.KTGIS', NULL, NULL, 'CT'),
('K57.KTHTDT', NULL, NULL, 'KTXD'),
('K57.KTĐK&TDH', NULL, NULL, 'DDT'),
('K57.MXD', NULL, NULL, 'CK'),
('K57.QTDNVT', NULL, NULL, 'VTKT'),
('K57.TDH', NULL, NULL, 'CT'),
('K57.XDDDCN2', NULL, NULL, 'KTXD'),
('K58.CDT', NULL, NULL, 'CK'),
('K58.CH', NULL, NULL, 'CK'),
('K58.CKOTO4', NULL, NULL, 'CK'),
('K58.CNCTCK', NULL, NULL, 'CK'),
('K58.CNTT1', NULL, NULL, 'CNTT'),
('K58.CNTT2', NULL, NULL, 'CNTT'),
('K58.CNTT3', NULL, NULL, 'CNTT'),
('K58.CNTT4', NULL, NULL, 'CNTT'),
('K58.KTDTTHCN', NULL, NULL, 'DDT'),
('K58.MXD', NULL, NULL, 'CK'),
('K58.QTDNBCVT', NULL, NULL, 'VTKT'),
('K58.TBD', NULL, NULL, 'DDT'),
('K58.TDH', NULL, NULL, 'CT'),
('K58.TDHTKCK', NULL, NULL, 'CK'),
('K58.VLCNXDGT', NULL, NULL, 'KTXD'),
('K59.CNTT1', NULL, NULL, 'CNTT'),
('K59.CNTT2', NULL, NULL, 'CNTT'),
('K59.CNTT3', NULL, NULL, 'CNTT'),
('K59.CNTT4', NULL, NULL, 'CNTT'),
('K59.KTVTDL', NULL, NULL, 'VTKT'),
('K59.KTVTOTO2', NULL, NULL, 'VTKT'),
('K59.KTXDCTGT(QT)', NULL, NULL, 'KTXD'),
('K59.VLVH.CNTT', NULL, NULL, 'CNTT');
--------------------------------------------------
go 
INSERT INTO student (id_student, student_name, DoB_student, id_class) 
VALUES
('1306169', N'Phạm Đức Mạnh', NULL, 'K54.CNTT2'),
('1306179', N'Trần Đăng Mạnh', NULL, 'K54.CNTT1'),
('1406258', N'Đại Thanh Quang', NULL, 'K55.DBO'),
('1406968', N'Đỗ Chí Thanh', NULL, 'K55.CNTT1'),
('151100170', N'Nguyễn Hữu Thành', NULL, 'K56.CH2'),
('151101151', N'Đặng Hoài Nam', NULL, 'K56.DHMETRO'),
('151201102', N'Phí Thành Quang', NULL, 'K56.CNTT1'),
('151202063', N'Ninh Tuấn Cảnh', NULL, 'K56.CNTT3'),
('151202493', N'Nguyễn Văn Hải', NULL, 'K56.CNTT2'),
('151211669', N'Nguyễn Quang Mạnh', NULL, 'K56.CNTT3'),
('151600146', N'Đinh Bạt Trung Kiên', NULL, 'K57.KTĐK&TDH'),
('152510385', N'Đỗ Ngọc Hiếu', NULL, 'K56.KCXD'),
('160100175', N'Nguyễn Công Đức', NULL, 'K57.CDBO1'),
('160100355', N'Phạm Viết Hiển', NULL, 'K57.CTGTCC'),
('160100461', N'Bùi Tuấn Anh', NULL, 'K57.CTGTDT'),
('160100527', N'Lê Hải Đăng', NULL, 'K57.CDS'),
('160100674', N'Tô Tiến Dũng', NULL, 'K57.CTGTDT'),
('160100704', N'Nguyễn Văn Khánh', NULL, 'K57.DSDT'),
('160100709', N'Hoàng Ngọc Hà', NULL, 'K57.CTGTCC'),
('160100732', N'Bùi Ngọc Nghĩa', NULL, 'K57.CDS'),
('160100908', N'Phan Huy Tài', NULL, 'K57.CDS'),
('160100926', N'Nguyễn Văn Toàn', NULL, 'K57.CDS'),
('160100954', N'Mai Xuân Thọ', NULL, 'K57.KTGIS'),
('160104203', N'Trần Thế Tuấn', NULL, 'K57.CDS'),
('160113223', N'Đậu Ngọc Tùng', NULL, 'K57.CDS'),
('160201198', N'Khuất Minh Hào', NULL, 'K57.XDDDCN2'),
('160204333', N'Lê Văn Đạt', NULL, 'K58.VLCNXDGT'),
('160204343', N'Phan Tuấn Dương', NULL, 'K57.KTHTDT'),
('160213349', N'Trần Đức Lương', NULL, 'K57.XDDDCN2'),
('160301294', N'Bùi Quang Anh', NULL, 'K57.MXD'),
('160301513', N'Hoàng Trung Nghĩa', NULL, 'K57.CNCTCK'),
('160602013', N'Nguyễn Đức Doanh', NULL, 'K57.TDH'),
('160602039', N'Nguyễn Đức Hiếu', NULL, 'K57.TDH'),
('160602061', N'Đinh Quốc Chung', NULL, 'K57.TDH'),
('160602070', N'Nguyễn Danh Dương', NULL, 'K57.TDH'),
('160702120', N'Nguyễn Sơn Dương', NULL, 'K58.CNTT2'),
('160702121', N'Bùi Thanh Nam', NULL, 'K57.CNTT3'),
('160702127', N'Nguyễn Thế Hoàng', NULL, 'K57.CNTT2'),
('160702159', N'Vũ Quang Thiện', NULL, 'K57.CNTT3'),
('160702168', N'Trần Trường Giang', NULL, 'K58.CNTT2'),
('160702177', N'Đỗ Huy Hoàng', NULL, 'K57.CNTT3'),
('160702239', N'Nguyễn Đăng Thịnh', NULL, 'K57.CNTT3'),
('160702254', N'Lê Minh Đức', NULL, 'K57.CNTT3'),
('160702263', N'Đặng Trung Anh', NULL, 'K57.CNTT2'),
('160702271', N'Mai Tất Duyệt', NULL, 'K57.CNTT3'),
('160702277', N'Nguyễn Thành Đông', NULL, 'K57.CNTT3'),
('160704495', N'Trịnh Duy Đức', NULL, 'K57.CNTT2'),
('160704542', N'Dương Nguyễn Hồng Hoan', NULL, 'K57.CNTT3'),
('160704545', N'Phạm Phương Nam', NULL, 'K57.CNTT2'),
('160704556', N'Đỗ Trần Phương', NULL, 'K57.CNTT3'),
('160704557', N'Lê Duy Anh', NULL, 'K57.CNTT1'),
('160704563', N'Nguyễn Trung Kiên', NULL, 'K57.CNTT2'),
('160704566', N'Lê Trọng Khôi', NULL, 'K57.CNTT1'),
('160713702', N'Nguyễn Tuấn Anh', NULL, 'K57.CNTT3'),
('161302869', N'Bùi Thị Thu Dung', NULL, 'K57.QTDNVT'),
('171100804', N'Đỗ Thanh Truyền', NULL, 'K58.CH'),
('171101780', N'Phạm Thị Điệp Hồng', NULL, 'K58.CH'),
('171200011', N'Nguyễn Tiến Dũng', NULL, 'K58.CNTT1'),
('171200013', N'Đỗ Minh Đức', NULL, 'K58.CNTT3'),
('171200023', N'Nguyễn Ngọc Khánh', NULL, 'K58.CNTT1'),
('171200024', N'Vũ Minh Khánh', NULL, 'K58.CNTT2'),
('171200031', N'Nguyễn Hữu Tuấn Phương', NULL, 'K58.CNTT3'),
('171200038', N'Bùi Minh Thảo', NULL, 'K58.CNTT1'),
('171200127', N'Nguyễn Trọng Cường', NULL, 'K58.CNTT3'),
('171200130', N'Nguyễn Minh Quân', NULL, 'K58.CNTT4'),
('171200150', N'Nguyễn Minh Ánh', NULL, 'K58.CNTT2'),
('171200165', N'Lương Hữu Anh', NULL, 'K58.CNTT2'),
('171200170', N'Nguyễn Quang Anh', NULL, 'K58.CNTT4'),
('171200201', N'Nguyễn Khắc Đức Quân', NULL, 'K58.CNTT2'),
('171200232', N'Kiều Văn Huy', NULL, 'K58.CNTT4'),
('171200296', N'Nguyễn Hải Bắc', NULL, 'K58.CNTT2'),
('171200301', N'Chu Trần Đại', NULL, 'K58.CNTT3'),
('171200312', N'Vũ Trung Kiên', NULL, 'K58.CNTT4'),
('171200318', N'Nguyễn Văn Nam', NULL, 'K58.CNTT1'),
('171200396', N'Mầu Thị Ngoan', NULL, 'K58.CNTT3'),
('171200397', N'Ngô Văn Phú', NULL, 'K58.CNTT4'),
('171200418', N'Phí Anh Đức', NULL, 'K58.CNTT1'),
('171200448', N'Nguyễn Ngọc Dự', NULL, 'K58.CNTT2'),
('171200455', N'Nguyễn Hữu Hưng', NULL, 'K58.CNTT3'),
('171200458', N'Lê Trọng Khoa', NULL, 'K58.CNTT4'),
('171200459', N'Bùi Thế Kiên', NULL, 'K58.CNTT1'),
('171200466', N'Nguyễn Duy Tùng', NULL, 'K58.CNTT2'),
('171200469', N'Nguyễn Tiến Thật', NULL, 'K58.CNTT4'),
('171200471', N'Hoàng Quảng An', NULL, 'K58.CNTT1'),
('171200474', N'Ma Quốc Chuyên', NULL, 'K58.CNTT2'),
('171200475', N'Nguyễn Văn Cường', NULL, 'K58.CNTT3'),
('171200480', N'Đinh Nhật Linh', NULL, 'K58.CNTT4'),
('171200488', N'Lê Đức Chính', NULL, 'K58.CNTT1'),
('171200499', N'Trần Anh Dũng', NULL, 'K58.CNTT2'),
('171200506', N'Phùng Công Lý', NULL, 'K58.CNTT3'),
('171200511', N'Nguyễn Duy Quang', NULL, 'K58.CNTT4'),
('171200526', N'Nguyễn Trung Kiên', NULL, 'K58.CNTT1'),
('171200534', N'Doãn Thị Tuyết Chinh', NULL, 'K58.CNTT2'),
('171200552', N'Vũ Hải Dương', NULL, 'K58.CNTT3'),
('171200554', N'Nguyễn Văn Đông', NULL, 'K58.CNTT1'),
('171200563', N'Nguyễn Trung Nam', NULL, 'K58.CNTT3'),
('171200571', N'Đỗ Thu Trang', NULL, 'K58.CNTT4'),
('171200585', N'Tống Quang Dung', NULL, 'K58.CNTT3'),
('171200596', N'Đỗ Văn Dương', NULL, 'K58.CNTT1'),
('171200609', N'Nguyễn Đức Tuấn Anh', NULL, 'K58.CNTT2'),
('171200613', N'Nguyễn Hương Giang', NULL, 'K58.CNTT1'),
('171200616', N'Nguyễn Đức Khải', NULL, 'K58.CNTT3'),
('171200623', N'Nguyễn Văn Cung', NULL, 'K58.CNTT4'),
('171200684', N'Đào Đức Long', NULL, 'K58.CNTT1'),
('171200700', N'Lê Việt Hoàng', NULL, 'K58.CNTT2'),
('171200705', N'Nguyễn Tuấn Minh', NULL, 'K58.CNTT3'),
('171200752', N'Trần Đức Thành', NULL, 'K58.CNTT4'),
('171200755', N'Nguyễn Qúy Triệu', NULL, 'K58.CNTT1'),
('171200779', N'Hoàng Thị Hồng', NULL, 'K58.CNTT2'),
('171200780', N'Nguyễn Văn Huấn', NULL, 'K58.CNTT3'),
('171200785', N'Lê Xuân Lợi', NULL, 'K58.CNTT4'),
('171200791', N'Phạm Nhật Nam', NULL, 'K58.CNTT1'),
('171200794', N'Bùi Kim Quang', NULL, 'K58.CNTT2'),
('171200827', N'Vũ Tất Bình', NULL, 'K58.CNTT4'),
('171200902', N'Nguyễn Thị Ngọc Mai', NULL, 'K58.CNTT3'),
('171200928', N'Đinh Trọng Hiệp', NULL, 'K58.CNTT4'),
('171200997', N'Hồng Khánh Hường', NULL, 'K58.CNTT2'),
('171201099', N'Trần Thanh Hải', NULL, 'K58.CNTT1'),
('171201102', N'Vũ Anh Tuấn', NULL, 'K58.CNTT2'),
('171201147', N'Bùi Minh Trí', NULL, 'K58.CNTT1'),
('171201158', N'Nguyễn Duy Cương', NULL, 'K58.CNTT2'),
('171201160', N'Bùi Quang Duy', NULL, 'K58.CNTT3'),
('171201228', N'Trần Hương Ly', NULL, 'K58.CNTT3'),
('171201239', N'Lê Anh Đức', NULL, 'K58.CNTT4'),
('171201300', N'Nguyễn Hồng Đức', NULL, 'K58.CNTT2'),
('171201317', N'Lê Nguyễn Duy Quang', NULL, 'K58.CNTT3'),
('171201330', N'Trần Hùng Tới', NULL, 'K58.CNTT4'),
('171201348', N'Chu Văn Thắng', NULL, 'K58.CNTT1'),
('171201362', N'Nguyễn Mạnh Cường', NULL, 'K58.CNTT2'),
('171201369', N'Đào Trung Thành', NULL, 'K58.CNTT3'),
('171201371', N'Nguyễn Minh Vương', NULL, 'K58.CNTT4'),
('171201396', N'Ngô Ngọc Hải', NULL, 'K58.CNTT3'),
('171201440', N'Phan Văn Chinh', NULL, 'K58.CNTT2'),
('171201446', N'Vũ Quang Tuyền', NULL, 'K58.CNTT3'),
('171201447', N'Bùi Thị Hạnh Vân', NULL, 'K58.CNTT1'),
('171201468', N'Đinh Ngọc Nam', NULL, 'K58.CNTT4'),
('171201479', N'Ngô Đức Tuấn Minh', NULL, 'K58.CNTT1'),
('171201494', N'Nguyễn Văn Hùng', NULL, 'K58.CNTT2'),
('171201500', N'Khổng Minh Hải', NULL, 'K58.CNTT4'),
('171201525', N'Nguyễn Xuân Thương Thuỳ', NULL, 'K58.CNTT2'),
('171201614', N'Ngô Công Quyến', NULL, 'K58.CNTT4'),
('171201623', N'Nghiêm Xuân Dương', NULL, 'K58.CNTT1'),
('171201636', N'Nguyễn Lưu Hiếu', NULL, 'K58.CNTT2'),
('171201648', N'Nguyễn Khắc Hiếu', NULL, 'K58.CNTT3'),
('171201669', N'Ngô Đăng Tín', NULL, 'K58.CNTT4'),
('171201724', N'Nguyễn Văn Quân', NULL, 'K58.CNTT1'),
('171201729', N'Đặng Trường Giang', NULL, 'K58.CNTT2'),
('171201758', N'Trần Thành Long', NULL, 'K58.CNTT3'),
('171201760', N'Bùi Thị Nhung', NULL, 'K58.CNTT2'),
('171201776', N'Phạm Quang Hà', NULL, 'K58.CNTT4'),
('171201777', N'Nguyễn Văn Minh', NULL, 'K58.CNTT1'),
('171201797', N'Lương Văn Hòa', NULL, 'K58.CNTT2'),
('171201863', N'Nguyễn Đức Tiến', NULL, 'K58.CNTT3'),
('171201875', N'Đoàn Đình Khánh', NULL, 'K58.CNTT4'),
('171201876', N'Vũ Quang Minh', NULL, 'K58.CNTT1'),
('171201879', N'Hoàng Văn Trình', NULL, 'K58.CNTT2'),
('171201895', N'Đào Duy Khởi', NULL, 'K58.CNTT3'),
('171201933', N'Đỗ Văn Cường', NULL, 'K58.CNTT4'),
('171201936', N'Đào Đức Nhật Huấn', NULL, 'K58.CNTT1'),
('171201944', N'Đặng Phương Nam', NULL, 'K58.CNTT2'),
('171201955', N'Bùi Tuấn Anh', NULL, 'K58.CNTT3'),
('171201960', N'Nguyễn Quang Minh', NULL, 'K58.CNTT4'),
('171202011', N'Lê Thế Minh', NULL, 'K58.CNTT1'),
('171202016', N'Nguyễn Văn Long', NULL, 'K58.CNTT2'),
('171202022', N'Nguyễn Trọng Thắng', NULL, 'K58.CNTT3'),
('171202064', N'Nguyễn Xuân Tùng', NULL, 'K58.CNTT4'),
('171202068', N'Chu Tấn Lộc', NULL, 'K58.CNTT1'),
('171202071', N'Nguyễn Tiến Thành', NULL, 'K58.CNTT2'),
('171202078', N'Nguyễn Văn Hiền', NULL, 'K58.CNTT3'),
('171202145', N'Lê Huy Tuân', NULL, 'K58.CNTT3'),
('171202160', N'Hoàng Minh An', NULL, 'K58.CNTT4'),
('171202168', N'Đỗ Hồng Uyên', NULL, 'K58.CNTT3'),
('171202169', N'Nguyễn Văn Bằng', NULL, 'K58.CNTT1'),
('171202209', N'Đỗ Ngọc Phong', NULL, 'K58.CNTT3'),
('171202219', N'Nguyễn Văn Khải', NULL, 'K58.CNTT4'),
('171202222', N'Nguyễn Thành Long', NULL, 'K58.CNTT1'),
('171202225', N'Vũ Văn Nam', NULL, 'K58.CNTT2'),
('171202255', N'Đoàn Văn Lực', NULL, 'K58.CNTT3'),
('171202261', N'Đỗ Hải Yên', NULL, 'K58.CNTT4'),
('171202265',N'Phạm Văn Đệ', NULL, 'K58.CNTT2'),
('171202266', N'Bùi Minh Đức', NULL, 'K58.CNTT3'),
('171202299', N'Phạm Thị Hà', NULL, 'K58.CNTT4'),
('171202313', N'Vũ Trọng Đắc', NULL, 'K58.CNTT1'),
('171202314', N'Lê Thị Hương Giang', NULL, 'K58.CNTT1'),
('171202324', N'Nguyễn Văn Tráng', NULL, 'K58.CNTT2'),
('171202364', N'Nguyễn Tiến Đạt', NULL, 'K58.CNTT1'),
('171202372', N'Phạm Đức Long', NULL, 'K58.CNTT2'),
('171202385', N'Đỗ Thị Kiều Diễm', NULL, 'K58.CNTT2'),
('171202403', N'Trần Cao Phong', NULL, 'K58.CNTT1'),
('171202404', N'Trần Minh Quang', NULL, 'K58.CNTT2'),
('171202409', N'Nguyễn Thị Ngọc Diệp', NULL, 'K58.CNTT3'),
('171202447', N'Đỗ Như Nghiệp', NULL, 'K58.CNTT1'),
('171202466', N'Đinh Minh Đức', NULL, 'K58.CNTT3'),
('171202489', N'Phạm Thu Hương', NULL, 'K58.CNTT4'),
('171202497', N'Lê Hải Đăng', NULL, 'K58.CNTT1'),
('171202503', N'Nguyễn Đức Kiên', NULL, 'K58.CNTT2'),
('171202676', N'Trương Thị Hiền', NULL, 'K58.CNTT3'),
('171202682', N'Đào Như Anh', NULL, 'K58.CNTT4'),
('171202718', N'Nguyễn Thị Hồng', NULL, 'K58.CNTT4'),
('171202723', N'Đào Đức Thao', NULL, 'K58.CNTT1'),
('171202726', N'Trần Văn Minh', NULL, 'K58.CNTT2'),
('171202727', N'Dương Minh Quang', NULL, 'K58.CNTT3'),
('171202729', N'Trần Tuấn Vũ', NULL, 'K58.CNTT4'),
('171202737', N'Trần Minh Quang', NULL, 'K58.CNTT1'),
('171202746', N'Trần Thị Hiên', NULL, 'K58.CNTT1'),
('171202767', N'Lê Tiến Lộc', NULL, 'K58.CNTT2'),
('171202793', N'Trần Văn Nghĩa', NULL, 'K58.CNTT3'),
('171202836', N'Nguyễn Quang Huy', NULL, 'K58.CNTT4'),
('171202869', N'Đinh Thị Phương Thư', NULL, 'K58.CNTT2'),
('171202883', N'Trần Tuấn Anh', NULL, 'K58.CNTT3'),
('171202884', N'Nguyễn Đức Duy', NULL, 'K58.CNTT4'),
('171202904', N'Trần Quốc Việt', NULL, 'K58.CNTT1'),
('171202952', N'Trịnh Tứ Đại', NULL, 'K58.CNTT3'),
('171202958', N'Nguyễn Đình Mạnh', NULL, 'K58.CNTT4'),
('171202981', N'Phạm Tuấn Anh', NULL, 'K58.CNTT2'),
('171203004', N'Đỗ Văn Lập', NULL, 'K58.CNTT3'),
('171203055', N'Trần Đức Trung', NULL, 'K58.CNTT4'),
('171203068', N'Trịnh Xuân Tùng', NULL, 'K58.CNTT1'),
('171203071', N'Đỗ Xuân Chiến', NULL, 'K58.CNTT2'),
('171203083', N'Lê Trọng Quân', NULL, 'K58.CNTT3'),
('171203103', N'Phạm Thị Tuyết', NULL, 'K58.CNTT3'),
('171203125', N'Nguyễn Văn Hiếu', NULL, 'K58.CNTT4'),
('171203189', N'Nguyễn Phạm Song', NULL, 'K58.CNTT1'),
('171203202', N'Phạm Xuân Quyết', NULL, 'K58.CNTT2'),
('171203242', N'Nguyễn Anh Tuấn', NULL, 'K58.CNTT3'),
('171203272', N'Nguyễn Tiến Đạt', NULL, 'K58.CNTT1'),
('171203401', N'Trương Xuân Chiểu', NULL, 'K58.CNTT3'),
('171203441', N'Hồ Thu Phương', NULL, 'K58.CNTT4'),
('171203458', N'Nguyễn Hữu Truyền', NULL, 'K58.CNTT4'),
('171203470', N'Phan Văn Hoài', NULL, 'K58.CNTT1'),
('171203480', N'Nguyễn Thị Anh Hằng', NULL, 'K58.CNTT1'),
('171203511', N'Trần Văn Sinh', NULL, 'K58.CNTT2'),
('171203513', N'Trần Hoàng Giang', NULL, 'K58.CNTT3'),
('171203514', N'Phan Vũ Phong', NULL, 'K58.CNTT4'),
('171203515', N'Trần Nhật Tuấn', NULL, 'K58.CNTT1'),
('171203519', N'Trần Hải Quân', NULL, 'K58.CNTT2'),
('171203575', N'Hoàng Quốc Tuấn', NULL, 'K58.CNTT4'),
('171210012', N'Đặng Ngọc Duy', NULL, 'K58.CNTT2'),
('171210015', N'Trần Trọng Đức', NULL, 'K58.CNTT4'),
('171210074', N'Hoàng Vĩnh Tiến', NULL, 'K58.CNTT4'),
('171210104', N'Tạ Xuân Hiếu', NULL, 'K58.CNTT2'),
('171210142', N'Lê Lâm Tùng', NULL, 'K58.CNTT1'),
('171210156', N'Nguyễn Tuấn Minh', NULL, 'K58.CNTT3'),
('171210160', N'Lê Sơn Tùng', NULL, 'K58.CNTT1'),
('171210167', N'Ngô Tuấn Anh', NULL, 'K58.CNTT3'),
('171210187', N'Đinh Ngọc Khánh', NULL, 'K58.CNTT1'),
('171210219', N'Đỗ Tuấn Nghĩa', NULL, 'K58.CNTT3'),
('171210220', N'Dương Minh Tiến', NULL, 'K58.CNTT4'),
('171210225', N'Nguyễn Thị Hoài Anh', NULL, 'K58.CNTT1'),
('171210553', N'Nguyễn Hồng Đăng', NULL, 'K58.CNTT4'),
('171210588', N'Đỗ Tiến Nam', NULL, 'K58.CNTT4'),
('171210758', N'Nguyễn Việt Tùng', NULL, 'K58.CNTT2'),
('171210861', N'Phạm Văn Phong', NULL, 'K58.CNTT1'),
('171210908', N'Phạm Công Sơn', NULL, 'K58.CNTT3'),
('171211391', N'Hà Thị Huyền Chi', NULL, 'K58.CNTT4'),
('171211424', N'Trần Xuân Đạt', NULL, 'K58.CNTT1'),
('171211496', N'Đoàn Hồng Công', NULL, 'K58.CNTT3'),
('171211596', N'Phạm Quốc Thịnh', NULL, 'K58.CNTT3'),
('171212097', N'Phạm Quang Huy', NULL, 'K58.CNTT4'),
('171212125', N'Nguyễn Duy Hiển', NULL, 'K58.CNTT2'),
('171212200', N'Đinh Quang Mạnh', NULL, 'K58.CNTT2'),
('171212264', N'Phạm Xuân Duy', NULL, 'K58.CNTT1'),
('171212346', N'Phạm Văn Hoàng', NULL, 'K58.CNTT3'),
('171212388', N'Nguyễn Văn Huy', NULL, 'K58.CNTT4'),
('171212668', N'Trịnh Bá Luận', NULL, 'K58.CNTT3'),
('171212853', N'Vũ Tuấn Anh', NULL, 'K58.CNTT1'),
('171213248', N'Nguyễn Thúc Quân', NULL, 'K58.CNTT4'),
('171213540', N'Trần Văn Toàn', NULL, 'K58.CNTT3'),
('171300583', N'Nguyễn Trọng Châu', NULL, 'K58.TDHTKCK'),
('171300681', N'Đặng Quang Bảo', NULL, 'K58.CDT'),
('171300685', N'Nguyễn Thanh Long', NULL, 'K58.MXD'),
('171300695', N'Vương Quốc Anh', NULL, 'K58.CNCTCK'),
('171300719', N'Nguyễn Văn Huy', NULL, 'K58.MXD'),
('171301280', N'Nguyễn Thế Duyệt', NULL, 'K58.MXD'),
('171301306', N'Nguyễn Công Minh', NULL, 'K58.CNCTCK'),
('171301321', N'Nguyễn Thế Thành', NULL, 'K58.MXD'),
('171301890', N'Nguyễn Thế Hưng', NULL, 'K58.MXD'),
('171302039', N'Dương Đức Thịnh', NULL, 'K58.CDT'),
('171302865', N'Đinh Văn Đức', NULL, 'K58.CDT'),
('171302979', N'Nguyễn Văn Cảnh', NULL, 'K58.CDT'),
('171303028', N'Trần Đức Anh', NULL, 'K58.CKOTO4'),
('171303463', N'Hoàng Quốc Cường', NULL, 'K58.CKOTO4'),
('171312036', N'Lê Quang Trung', NULL, 'K58.CDT'),
('171500651', N'Nguyễn Minh Đạt', NULL, 'K58.KTDTTHCN'),
('171501145', N'Ngô Hữu Phúc', NULL, 'K58.KTDTTHCN'),
('171501615', N'Ngô Tạo Quyết', NULL, 'K58.KTDTTHCN'),
('171502060', N'Bùi Thị Thanh Xuân', NULL, 'K58.TBD'),
('171510196', N'Nguyễn Nguyên Nam', NULL, 'K59.CNTT1'),
('171511268', N'Lê Hoài Nam', NULL, 'K58.TBD'),
('171601013', N'Trần Quang Tuấn', NULL, 'K58.TDH'),
('171702285', N'Đỗ Thị Hồng Thắm', NULL, 'K58.QTDNBCVT'),
('171702373', N'Nguyễn Thị Mơ', NULL, 'K58.QTDNBCVT'),
('171702802', N'Bùi Thị Hoa', NULL, 'K58.QTDNBCVT'),
('171711510', N'Quản Hoàng Liên', NULL, 'K58.QTDNBCVT'),
('172501313', N'Nguyễn Xuân Nam', NULL, 'K58.VLCNXDGT'),
('181200024', N'Trần Đức Mạnh', NULL, 'K59.CNTT4'),
('181200084', N'Nguyễn Việt Nam', NULL, 'K59.CNTT2'),
('181200133', N'Trần Quốc Khoa', NULL, 'K59.CNTT4'),
('181200171', N'Nguyễn Đức Việt', NULL, 'K59.CNTT4'),
('181200299', N'Phan Hoàng Nam', NULL, 'K59.CNTT3'),
('181200351', N'Nguyễn Hải Nam', NULL, 'K59.CNTT4'),
('181200376', N'Đặng Tuấn Đạt', NULL, 'K59.CNTT1'),
('181200380', N'Nguyễn Trung Giang', NULL, 'K59.CNTT4'),
('181200390', N'Nguyễn Huy Hoàng', NULL, 'K59.CNTT3'),
('181200401', N'Hoàng Cao Long', NULL, 'K59.CNTT1'),
('181200406', N'Lê Văn Mạnh', NULL, 'K59.CNTT4'),
('181200425', N'Đinh Văn Sơn', NULL, 'K59.CNTT3'),
('181200448', N'Nguyễn Minh Khánh', NULL, 'K59.CNTT2'),
('181200545', N'Nguyễn Minh Anh', NULL, 'K59.CNTT1'),
('181200549', N'Nguyễn Minh Ánh', NULL, 'K59.CNTT1'),
('181200551', N'Nguyễn Đình Bình', NULL, 'K59.CNTT2'),
('181200566', N'Lương Thị Hương', NULL, 'K59.CNTT3'),
('181200582', N'Trần Đoàn Thái', NULL, 'K59.CNTT4'),
('181200610', N'Nguyễn Huy Hoàng', NULL, 'K59.CNTT1'),
('181200616', N'Nguyễn Văn Long', NULL, 'K59.CNTT2'),
('181200651', N'Đinh Mạnh Chiến', NULL, 'K59.CNTT3'),
('181200683', N'Nguyễn Hữu Luân', NULL, 'K59.CNTT3'),
('181200697', N'Khuất Văn Chung', NULL, 'K59.CNTT2'),
('181200747', N'Trịnh Minh Đăng', NULL, 'K59.CNTT2'),
('181200752', N'Trịnh Thị Hồng', NULL, 'K59.CNTT2'),
('181200766', N'Nguyễn Hải Đăng', NULL, 'K59.CNTT3'),
('181200767', N'Bùi Quang Hậu', NULL, 'K59.CNTT4'),
('181200770', N'Hoàng Lê Việt Hưng', NULL, 'K59.CNTT1'),
('181200777', N'Nguyễn Đức Tài', NULL, 'K59.CNTT3'),
('181200783', N'Doãn Ngọc Thọ', NULL, 'K59.CNTT2'),
('181200812', N'Trần Bá Tuấn Anh', NULL, 'K59.CNTT2'),
('181200814', N'Lê Ngọc Duy', NULL, 'K59.CNTT1'),
('181200830', N'Phạm Hoàng Long', NULL, 'K59.CNTT1'),
('181200834', N'Nguyễn Quang Nam', NULL, 'K59.CNTT1'),
('181200836', N'Lê Thị Lan Phương', NULL, 'K59.CNTT4'),
('181200839', N'Nguyễn Cao Thìn', NULL, 'K59.CNTT1'),
('181200857', N'Nguyễn Phương Liên', NULL, 'K59.CNTT2'),
('181200861', N'Trần Tiến Thành', NULL, 'K59.CNTT2'),
('181200875', N'Nguyễn Tuấn Điệp', NULL, 'K59.CNTT4'),
('181200912', N'Hoàng Ngọc Chiến', NULL, 'K59.CNTT3'),
('181200916', N'Nguyễn Hải Đăng', NULL, 'K59.CNTT1'),
('181200921', N'Dương Tuấn Hiếu', NULL, 'K59.CNTT3'),
('181200938', N'Phan Công Thịnh', NULL, 'K59.CNTT1'),
('181201020', N'Nguyễn Đức Hiếu', NULL, 'K59.CNTT4'),
('181201022', N'Nguyễn Hữu Hoàng', NULL, 'K59.CNTT4'),
('181201076', N'Lương Thế Toàn', NULL, 'K59.CNTT4'),
('181201088', N'Vũ Mạnh Phong', NULL, 'K59.CNTT3'),
('181201168', N'Phạm Thị Loan', NULL, 'K59.CNTT1'),
('181201176', N'Đỗ Đức Thắng', NULL, 'K59.CNTT3'),
('181201178', N'Bùi Thị Vân', NULL, 'K59.CNTT4'),
('181201226', N'Đỗ Quang Khải', NULL, 'K59.CNTT3'),
('181201248', N'Quyền Đức Công', NULL, 'K59.CNTT3'),
('181201313', N'Quản Văn Hiếu', NULL, 'K59.CNTT2'),
('181201403', N'Nguyễn Minh Quang', NULL, 'K59.CNTT2'),
('181201410', N'Lê Bá Ngọc', NULL, 'K59.CNTT1'),
('181201436', N'Nguyễn Đức Tâm', NULL, 'K59.CNTT4'),
('181201458', N'Bùi Đức Phú', NULL, 'K59.CNTT2'),
('181201482', N'Nguyễn Đức Vương', NULL, 'K59.CNTT3'),
('181201503', N'Nguyễn Đức Dương', NULL, 'K59.CNTT2'),
('181201589', N'Bùi Anh Tuấn', NULL, 'K59.CNTT1'),
('181201611', N'Nguyễn Văn Đoàn', NULL, 'K59.CNTT3'),
('181201622', N'Hà Nam Trường', NULL, 'K59.CNTT2'),
('181201629', N'Nguyễn Anh Đức', NULL, 'K59.CNTT3'),
('181201630', N'Đoàn Minh Giang', NULL, 'K59.CNTT2'),
('181201649', N'Vương Toàn Đạt', NULL, 'K59.CNTT4'),
('181201651', N'Vũ Thùy Linh', NULL, 'K59.CNTT3'),
('181201664', N'Phạm Nguyễn Hoàng Long', NULL, 'K59.CNTT4'),
('181201683', N'Vũ Đức Cường', NULL, 'K59.CNTT3'),
('181201699', N'Đặng Hoàng Hiệp', NULL, 'K59.CNTT3'),
('181201708', N'Đào Văn Đại', NULL, 'K59.CNTT4'),
('181201714', N'Nguyễn Văn Thìn', NULL, 'K59.CNTT4'),
('181201732', N'Đồng Văn Vinh', NULL, 'K59.CNTT4'),
('181201766', N'Trần Anh Tuấn', NULL, 'K59.CNTT3'),
('181201824', N'Nguyễn Mai Hồng', NULL, 'K59.CNTT2'),
('181201828', N'Ngô Thành Luân', NULL, 'K59.CNTT1'),
('181201831', N'Nguyễn Ngọc Phong', NULL, 'K59.CNTT4'),
('181201841', N'Nguyễn Văn Đạt', NULL, 'K59.CNTT2'),
('181201867', N'Nguyễn Đức Phú', NULL, 'K59.CNTT1'),
('181201868', N'Đặng Công Sơn', NULL, 'K59.CNTT3'),
('181201887', N'Đỗ Thị Thùy', NULL, 'K59.CNTT4'),
('181201893', N'Đỗ Bảo Hoàng', NULL, 'K59.CNTT4'),
('181201905', N'Nghiêm Văn Xuân', NULL, 'K59.CNTT2'),
('181201949', N'Nguyễn Duy Quốc', NULL, 'K59.CNTT4'),
('181201962', N'Nguyễn Văn Phương', NULL, 'K59.CNTT4'),
('181201995', N'Phạm Huy Nam', NULL, 'K59.CNTT2'),
('181202020', N'Vũ Thanh Nam', NULL, 'K59.CNTT1'),
('181202066', N'Lưu Thị Tươi', NULL, 'K59.CNTT2'),
('181202070', N'Nguyễn Thị Nga', NULL, 'K59.CNTT3'),
('181202094', N'Nguyễn Công Tiến', NULL, 'K59.CNTT2'),
('181202127', N'Lương Văn Lộc', NULL, 'K59.CNTT1'),
('181202131', N'Nguyễn Quang Trung', NULL, 'K59.CNTT4'),
('181202147', N'Bùi Duy Đạt', NULL, 'K59.CNTT3'),
('181202183', N'Vũ Thanh Nhàn', NULL, 'K59.CNTT1'),
('181202200', N'Lê Văn Long', NULL, 'K59.CNTT1'),
('181202201', N'Giáp Bằng Nhân', NULL, 'K59.CNTT2'),
('181202209', N'Vũ Quang Hiệp', NULL, 'K59.CNTT3'),
('181202227', N'Vũ Sỹ Ngọc Duy', NULL, 'K59.CNTT1'),
('181202231', N'Nguyễn Thị Yên', NULL, 'K59.CNTT2'),
('181202249', N'Trần Thăng Long', NULL, 'K59.CNTT2'),
('181202261', N'Đỗ Hoàng Trung', NULL, 'K59.CNTT4'),
('181202264', N'Nguyễn Văn Khánh', NULL, 'K59.CNTT2'),
('181202267', N'Bùi Thành Tùng', NULL, 'K59.CNTT4'),
('181202276', N'Đào Phúc Huỳnh', NULL, 'K59.CNTT2'),
('181202279', N'Lê Thị Quế Anh', NULL, 'K59.CNTT1'),
('181202286', N'Nguyễn Văn Duy', NULL, 'K59.CNTT2'),
('181202287', N'Lê Minh Hiếu', NULL, 'K59.CNTT2'),
('181202288', N'Trần Văn Hùng', NULL, 'K59.CNTT4'),
('181202289', N'Lê Quang Thọ', NULL, 'K59.CNTT1'),
('181202290', N'Phạm Văn Tiến', NULL, 'K59.CNTT4'),
('181202292', N'Nguyễn Việt Anh', NULL, 'K59.CNTT1'),
('181202326', N'Đỗ San Hô', NULL, 'K59.CNTT3'),
('181202342', N'Trần Quốc Nam', NULL, 'K59.CNTT2'),
('181202377', N'Nguyễn Trung Hiếu', NULL, 'K59.CNTT1'),
('181202412', N'Lại Văn Võ', NULL, 'K59.CNTT2'),
('181202417', N'Lương Doãn Thủy', NULL, 'K59.CNTT1'),
('181202441', N'Chu Quốc Việt', NULL, 'K59.CNTT4'),
('181202446', N'Phạm Minh Trí', NULL, 'K59.CNTT3'),
('181202447', N'Trần Tiến Dũng', NULL, 'K59.CNTT4'),
('181202473', N'Nguyễn Đức Vinh', NULL, 'K59.CNTT3'),
('181202480', N'Vũ Ngọc Hiếu', NULL, 'K59.CNTT2'),
('181202483', N'Đoàn Xuân Long', NULL, 'K59.CNTT2'),
('181202508', N'Nguyễn Hà Phương', NULL, 'K59.CNTT3'),
('181202531', N'Trần Minh Quang', NULL, 'K59.CNTT4'),
('181202562', N'Hoàng Hải Đăng', NULL, 'K59.CNTT4'),
('181202577', N'Đỗ Xuân Cảnh', NULL, 'K59.CNTT1'),
('181202589', N'Nguyễn Văn Linh', NULL, 'K59.CNTT3'),
('181202599', N'Trần Mạnh Dũng', NULL, 'K59.CNTT4'),
('181202600', N'Đỗ Văn Hải', NULL, 'K59.CNTT2'),
('181202626', N'Phạm Trung Kiên', NULL, 'K59.CNTT2'),
('181202642', N'Vũ Đức Long', NULL, 'K59.CNTT3'),
('181202654', N'Ngô Quang Đảm', NULL, 'K59.CNTT1'),
('181202679', N'Đỗ Quang Vinh', NULL, 'K59.CNTT4'),
('181202681', N'Phạm Ngọc Đô', NULL, 'K59.CNTT2'),
('181202718', N'Bùi Thị Minh Châu', NULL, 'K59.CNTT2'),
('181202727', N'Lương Anh Minh', NULL, 'K59.CNTT3'),
('181202781', N'Phạm Đức Long', NULL, 'K59.CNTT3'),
('181202785', N'Nguyễn Thị Thảo', NULL, 'K59.CNTT3'),
('181202809', N'Đặng Xuân Danh', NULL, 'K59.CNTT4'),
('181202839', N'Phạm Văn Huy', NULL, 'K59.CNTT1'),
('181202862', N'Phạm Đức Mạnh', NULL, 'K59.CNTT1'),
('181202880', N'Nguyễn Văn Nam', NULL, 'K59.CNTT4'),
('181202886', N'Đinh Văn Sáu', NULL, 'K59.CNTT1'),
('181202889', N'Nguyễn Văn Tiến', NULL, 'K59.CNTT4'),
('181202916', N'Lương Cao Quý', NULL, 'K59.CNTT2'),
('181202938', N'Trần Công Chúc', NULL, 'K59.CNTT3'),
('181202977', N'Trần Mạnh Hùng', NULL, 'K59.CNTT3'),
('181202980', N'Phạm Thanh Long', NULL, 'K59.CNTT3'),
('181202983', N'Nguyễn Văn Phú', NULL, 'K59.CNTT2'),
('181202991', N'Trần Thị Vân', NULL, 'K59.CNTT4'),
('181202999', N'Ngô Kim Long', NULL, 'K59.CNTT1'),
('181203007', N'Phạm Đình Hiệp', NULL, 'K59.CNTT2'),
('181203034', N'Nguyễn Hoàng Minh', NULL, 'K59.CNTT3'),
('181203041', N'Phạm Đức Thọ', NULL, 'K59.CNTT3'),
('181203048', N'Phạm Minh Hải', NULL, 'K59.CNTT3'),
('181203050', N'Vũ Hoàng Long', NULL, 'K59.CNTT2'),
('181203068', N'Đỗ Thị Thảo', NULL, 'K59.CNTT3'),
('181203069', N'Nguyễn Thanh Bình', NULL, 'K59.CNTT3'),
('181203077', N'Mai Quyền Linh', NULL, 'K59.CNTT4'),
('181203140', N'Phan Quốc Lâm', NULL, 'K59.CNTT1'),
('181203181', N'Bùi Công Thư', NULL, 'K59.CNTT3'),
('181203186', N'Nguyễn Quang Tuyến', NULL, 'K59.CNTT2'),
('181203187', N'Nguyễn Văn Tươi', NULL, 'K59.CNTT1'),
('181203202', N'Trần Đức Thiện', NULL, 'K59.CNTT3'),
('181203222', N'Hoàng Thu Hoài', NULL, 'K59.CNTT4'),
('181203228', N'Lại Thị Phương', NULL, 'K59.CNTT4'),
('181203231', N'Trần Thị Thu', NULL, 'K59.CNTT3'),
('181203234', N'Lê Minh Chương', NULL, 'K59.CNTT2'),
('181203241', N'Đỗ Thanh Hùng', NULL, 'K59.CNTT1'),
('181203243', N'Phạm Hoài Nam', NULL, 'K59.CNTT1'),
('181203244', N'Bùi Văn Ngọc', NULL, 'K59.CNTT2'),
('181203245', N'Nguyễn Văn Phi', NULL, 'K59.CNTT4'),
('181203247', N'Bùi Đức Trung', NULL, 'K59.CNTT1'),
('181203302', N'Đỗ Thanh Lâm', NULL, 'K59.CNTT3'),
('181203305', N'Phạm Trung Thành', NULL, 'K59.CNTT3'),
('181203411', N'Vũ Mạnh Đức', NULL, 'K59.CNTT2'),
('181203415', N'Hoàng Văn Mạnh', NULL, 'K59.CNTT4'),
('181203423', N'Nguyễn Thanh Tùng', NULL, 'K59.CNTT1'),
('181203458', N'Nguyễn Văn An', NULL, 'K59.CNTT1'),
('181203460', N'Lê Quang Duy', NULL, 'K59.CNTT1'),
('181203481', N'Trưong Việt Anh', NULL, 'K59.CNTT2'),
('181203522', N'Bùi Ngọc Long', NULL, 'K59.CNTT2'),
('181203530', N'Lê Quang Vinh', NULL, 'K59.CNTT1'),
('181203531', N'Hoàng Quốc Khánh', NULL, 'K59.CNTT1'),
('181203544', N'Kiều Văn Cường', NULL, 'K59.CNTT4'),
('181203561', N'Lê Thị Ánh', NULL, 'K59.CNTT2'),
('181203621', N'Nguyễn Trung Cường', NULL, 'K59.CNTT1'),
('181203677', N'Trịnh Văn Hưng', NULL, 'K59.CNTT4'),
('181203688', N'Phạm Văn Trường', NULL, 'K59.CNTT4'),
('181203704', N'Phạm Văn Phương', NULL, 'K59.CNTT4'),
('181203797', N'Bùi Đức Anh', NULL, 'K59.CNTT2'),
('181203812', N'Lê Hoàng Sơn', NULL, 'K59.CNTT1'),
('181203827', N'Đinh Nho Sơn', NULL, 'K59.CNTT3'),
('181203847', N'Nguyễn Thị Bông', NULL, 'K59.CNTT4'),
('181203858', N'Nguyễn Duy Cường', NULL, 'K59.CNTT3'),
('181203879', N'Lê Văn Việt', NULL, 'K59.CNTT4'),
('181203886', N'Trần Thị Huyền Trang', NULL, 'K59.CNTT2'),
('181203887', N'Trần Hữu An', NULL, 'K59.CNTT2'),
('181203918', N'Nguyễn Thanh Huy', NULL, 'K59.CNTT4'),
('181203948', N'Trần Duy Mạnh', NULL, 'K59.CNTT2'),
('181203962', N'Đặng Thị Lan Hương', NULL, 'K59.CNTT2'),
('181203997', N'Lê Huy Hòa', NULL, 'K59.CNTT2'),
('181204016', N'Nguyễn Anh Tuấn', NULL, 'K59.CNTT2'),
('181204095', N'Lê Quốc Thịnh', NULL, 'K59.CNTT2'),
('181210015', N'Hoàng Quang Huy', NULL, 'K59.CNTT4'),
('181210030', N'Nguyễn Tuấn Nghĩa', NULL, 'K59.CNTT2'),
('181210042', N'Trần Chí Thành', NULL, 'K59.CNTT1'),
('181210075', N'Nguyễn Văn Khánh', NULL, 'K59.CNTT2'),
('181210088', N'Bùi Việt Phương', NULL, 'K59.CNTT3'),
('181210140', N'Ngô Tiến Long', NULL, 'K59.CNTT4'),
('181210162', N'Nguyễn Công Toàn', NULL, 'K59.CNTT1'),
('181210168', N'Phạm Xuân Tùng', NULL, 'K59.CNTT4'),
('181210228', N'Lê Minh Đăng', NULL, 'K59.CNTT4'),
('181210257', N'Ngô Thanh Nam', NULL, 'K59.CNTT1'),
('181210258', N'Nguyễn Khánh Nam', NULL, 'K59.CNTT4'),
('181210278', N'Vũ Lê Tùng', NULL, 'K59.CNTT1'),
('181210341', N'Lê Đăng Dương', NULL, 'K59.CNTT3'),
('181210367', N'Trần Hoàng Anh', NULL, 'K59.CNTT1'),
('181210385', N'Đỗ Thanh Hiếu', NULL, 'K59.CNTT1'),
('181210395', N'Trần Đăng Khánh', NULL, 'K59.CNTT2'),
('181210426', N'Đỗ Hồng Sơn', NULL, 'K59.CNTT1'),
('181210450', N'Nguyễn Huy Sơn', NULL, 'K59.CNTT2'),
('181210552', N'Nguyễn Văn Bình', NULL, 'K59.CNTT4'),
('181210613', N'Nguyễn Quang Huy', NULL, 'K59.CNTT4'),
('181210621', N'Nguyễn Đình Sơn', NULL, 'K59.CNTT2'),
('181210675', N'Bùi Hữu Đức Hoàng', NULL, 'K59.CNTT3'),
('181210764', N'Bùi Huy Bình', NULL, 'K59.CNTT2'),
('181210997', N'Nguyễn Hữu Thảo', NULL, 'K59.CNTT3'),
('181211071', N'Vũ Xuân Lâm', NULL, 'K59.CNTT1'),
('181211416', N'Đào Anh Khoa', NULL, 'K59.CNTT3'),
('181211533', N'Nguyễn Mạnh Hùng', NULL, 'K59.CNTT2'),
('181211577', N'Hoàng Tuấn Anh', NULL, 'K59.CNTT1'),
('181211707', N'Nguyễn Ngọc Dương', NULL, 'K59.CNTT3'),
('181211737', N'Tạ Phi Hùng', NULL, 'K59.CNTT3'),
('181211780', N'Nguyễn Danh Thuật', NULL, 'K59.CNTT4'),
('181211817', N'Trần Anh Dũng', NULL, 'K59.CNTT1'),
('181211845', N'Đoàn Thanh Phương', NULL, 'K59.CNTT4'),
('181211854', N'Vũ Hoàng Lâm', NULL, 'K59.CNTT3'),
('181211884', N'Trương Công Long', NULL, 'K59.CNTT2'),
('181211927', N'Nguyễn Viết Đại', NULL, 'K59.CNTT1'),
('181212011', N'Bùi Tiến Bắc', NULL, 'K59.CNTT1'),
('181212110', N'Nguyễn Vũ Long', NULL, 'K59.CNTT1'),
('181212177', N'Tô Hồng Quân', NULL, 'K59.CNTT4'),
('181212423', N'Nguyễn Thị Giang', NULL, 'K59.CNTT1'),
('181213053', N'Phạm Thị Hồng Nhung', NULL, 'K59.CNTT1'),
('181213060', N'Đặng Thị Thanh Loan', NULL, 'K59.CNTT4'),
('181213164', N'Phạm Nhật Dương', NULL, 'K59.CNTT1'),
('181213262', N'Phạm Duy Phương', NULL, 'K59.CNTT3'),
('181213373', N'Nguyễn Đức Lương', NULL, 'K59.CNTT1'),
('181213379', N'Trần Tuấn Anh', NULL, 'K59.CNTT1'),
('181213396', N'Vũ Duy Long', NULL, 'K59.CNTT3'),
('181213472', N'Vũ Đức Dương', NULL, 'K59.CNTT4'),
('181213477', N'Trần Tất Thành', NULL, 'K59.CNTT4'),
('181213609', N'Cao Văn Quyền', NULL, 'K59.CNTT3'),
('181213616', N'Lê Thị Phương', NULL, 'K59.CNTT1'),
('181213624', N'Lê Trọng Tuấn', NULL, 'K59.CNTT3'),
('181213890', N'Tạ Quang Huy', NULL, 'K59.CNTT1'),
('181230078', N'Cao Quang Long', NULL, 'K59.CNTT2'),
('181230217', N'Doãn Ngọc Bảo', NULL, 'K59.CNTT2'),
('181230369', N'Lưu Quang Châu', NULL, 'K59.CNTT3'),
('181230393', N'Vũ Gia Huy', NULL, 'K59.CNTT3'),
('181230438', N'Hoàng Anh Vũ', NULL, 'K59.CNTT1'),
('181231936', N'Nguyễn Sỹ Thể', NULL, 'K59.CNTT4'),
('181233102', N'Lê Huyền Mai', NULL, 'K59.CNTT3'),
('181233518', N'Nguyễn Đại Cương', NULL, 'K59.CNTT3'),
('182202046', N'Hà Huyền Trang', NULL, 'K59.KTVTOTO2'),
('182202581', N'Đinh Công Hiếu', NULL, 'K59.KTVTOTO2'),
('182202912', N'Nguyễn Thị Mỹ Linh', NULL, 'K59.KTVTDL'),
('182202913', N'Vũ Thị Loan', NULL, 'K59.KTVTOTO2'),
('182203306', N'Vũ Thanh Trà', NULL, 'K59.KTVTDL'),
('182203899', N'Cao Ngọc Tuyến', NULL, 'K59.KTVTDL'),
('182212255', N'Đỗ Văn Hinh', NULL, 'K59.KTVTOTO2'),
('182213371', N'Đinh Đức Long', NULL, 'K59.KTVTOTO2'),
('182221115', N'Nguyễn Thị Thu Trang', NULL, 'K59.KTVTDL'),
('182223342', N'Lương Thị Xuân Phương', NULL, 'K59.KTVTOTO2'),
('182600833', N'Tạ Trà My', NULL, 'K59.KTXDCTGT(QT)'),
('182600887', N'Nguyễn Thị Tấm', NULL, 'K59.KTXDCTGT(QT)'),
('182602396', N'Nguyễn Thị Thơm', NULL, 'K59.KTXDCTGT(QT)'),
('182621763', N'Phạm Thị Thương', NULL, 'K59.KTXDCTGT(QT)'),
('182623800', N'Nguyễn Thị Thu Duyên', NULL, 'K59.KTXDCTGT(QT)'),
('881690005', N'Hoàng Đức Mạnh', NULL, 'K57.CDBO3'),
('881760006', N'Maiphone Phanudeth', NULL, 'K58.CNTT1'),
('881891002', N'Phạm Đức Lộc', NULL, 'K59.CNTT1'),
('881891005', N'Liễu Việt Hùng', NULL, 'K59.CNTT1'),
('991790002', N'Hờ A Dờ', NULL, 'K58.CNTT2'),
('V181512647', N'Trần Văn  Hải', NULL, 'K59.VLVH.CNTT'),
('V181604559', N'Phạm Xuân Hùng', NULL, 'K59.VLVH.CNTT'),
('V181613655', N'Nguyễn Duy Hoàng', NULL, 'K59.VLVH.CNTT');
--------------------------------------------------------------------
go
insert room(id_room,room_name) values(N'501-A3',N'501-A3 Giảng đường A3')
insert room(id_room,room_name) values(N'502-A3',N'502-A3 Giảng đường A3')
insert room(id_room,room_name) values(N'503-A3',N'503-A3 Giảng đường A3')
insert room(id_room,room_name) values(N'504-A3',N'504-A3 Giảng đường A3')
insert room(id_room,room_name) values(N'505-A3',N'505-A3 Giảng đường A3')
insert room(id_room,room_name) values(N'506-A3',N'506-A3 Giảng đường A3')
insert room(id_room,room_name) values(N'507-A3',N'507-A3 Giảng đường A3')
insert room(id_room,room_name) values(N'401-A3',N'401-A3 Giảng đường A3')
insert room(id_room,room_name) values(N'402-A3',N'402-A3 Giảng đường A3')
insert room(id_room,room_name) values(N'403-A3',N'403-A3 Giảng đường A3')
insert room(id_room,room_name) values(N'404-A3',N'404-A3 Giảng đường A3')
insert room(id_room,room_name) values(N'405-A3',N'405-A3 Giảng đường A3')
insert room(id_room,room_name) values(N'406-A3',N'406-A3 Giảng đường A3')
insert room(id_room,room_name) values(N'407-A3',N'407-A3 Giảng đường A3')
insert room(id_room,room_name) values(N'401-A3B',N'401-A3B Giảng đường A3B')
insert room(id_room,room_name) values(N'402-A3B',N'402-A3B Giảng đường A3B')
insert room(id_room,room_name) 
values
(N'301-A3',NULL),
(N'302-A3',NULL),
(N'303-A3',NULL),
(N'304-A3',NULL),
(N'305-A3',NULL),
(N'306-A3',NULL),
(N'307-A3',NULL),
(N'301-A3B',NULL),
(N'302-A3B',NULL),
(N'201-A3',NULL),
(N'202-A3',NULL),
(N'203-A3',NULL),
(N'204-A3',NULL),
(N'205-A3',NULL),
(N'206-A3',NULL),
(N'207-A3',NULL),
(N'201-A3B',NULL),
(N'202-A3B',NULL),
(N'101-A3',NULL),
(N'102-A3',NULL),
(N'103-A3',NULL),
(N'104-A3',NULL),
(N'105-A3',NULL),
(N'106-A3',NULL),
(N'107-A3',NULL);

insert into room(id_room,room_name)
values
(N'401a-A7',NULL),
(N'401b-A7',NULL),
(N'402-A7',NULL),
(N'403-A7',NULL),
(N'404-A7',NULL),
(N'405-A7',NULL),
(N'501-A7',NULL),
(N'502-A7',NULL),
(N'503-A7',NULL),
(N'504-A7',NULL),
(N'505-A7',NULL),
(N'301-A7',NULL),
(N'302-A7',NULL),
(N'303-A7',NULL),
(N'304-A7',NULL),
(N'305-A7',NULL);

insert into room(id_room,room_name)
values
(N'301-A8',NULL),
(N'302-A8',NULL),
(N'303-A8',NULL),
(N'304-A8',NULL),
(N'305-A8',NULL),
(N'306-A8',NULL),
(N'307-A8',NULL),
(N'308-A8',NULL),
(N'401-A8',NULL),
(N'402-A8',NULL),
(N'403-A8',NULL),
(N'404-A8',NULL),
(N'405-A8',NULL),
(N'406-A8',NULL),
(N'407-A8',NULL),
(N'408-A8',NULL),
(N'501-A8',NULL),
(N'502-A8',NULL),
(N'503-A8',NULL),
(N'504-A8',NULL),
(N'505-A8',NULL),
(N'506-A8',NULL),
(N'507-A8',NULL),
(N'508-A8',NULL);
insert into room(id_room,room_name)
values
(N'201-A8',NULL),
(N'202-A8',NULL),
(N'203-A8',NULL),
(N'204-A8',NULL),
(N'205-A8',NULL),
(N'206-A8',NULL),
(N'207-A8',NULL),
(N'208-A8',NULL);

insert into room(id_room,room_name)
values
(N'101-A4',NULL),
(N'102-A4',NULL),
(N'103-A4',NULL),
(N'104-A4',NULL),
(N'105-A4',NULL),
(N'106-A4',NULL),
(N'107-A4',NULL),
(N'201-A4',NULL),
(N'202-A4',NULL),
(N'203-A4',NULL),
(N'204-A4',NULL),
(N'205-A4',NULL),
(N'206-A4',NULL),
(N'207-A4',NULL),
(N'301-A4',NULL),
(N'302-A4',NULL),
(N'303-A4',NULL),
(N'304-A4',NULL),
(N'305-A4',NULL),
(N'306-A4',NULL),
(N'307-A4',NULL),
(N'401-A4',NULL),
(N'402-A4',NULL),
(N'403-A4',NULL),
(N'404-A4',NULL),
(N'405-A4',NULL),
(N'406-A4',NULL),
(N'407-A4',NULL),
(N'501-A4',NULL),
(N'502-A4',NULL),
(N'503-A4',NULL),
(N'504-A4',NULL),
(N'505-A4',NULL),
(N'506-A4',NULL),
(N'507-A4',NULL),
(N'601-A4',NULL),
(N'602-A4',NULL),
(N'603-A4',NULL),
(N'604-A4',NULL),
(N'605-A4',NULL),
(N'606-A4',NULL),
(N'607-A4',NULL);

insert into room(id_room,room_name)
values
(N'101-A5',NULL),
(N'102-A5',NULL),
(N'103-A5',NULL),
(N'104-A5',NULL),
(N'105-A5',NULL),
(N'106-A5',NULL),
(N'107-A5',NULL),
(N'108-A5',NULL),
(N'109-A5',NULL),
(N'201-A5',NULL),
(N'202-A5',NULL),
(N'203-A5',NULL),
(N'204-A5',NULL),
(N'205-A5',NULL),
(N'206-A5',NULL),
(N'207-A5',NULL),
(N'208-A5',NULL),
(N'209-A5',NULL),
(N'301-A5',NULL),
(N'302-A5',NULL),
(N'303-A5',NULL),
(N'304-A5',NULL),
(N'305-A5',NULL),
(N'306-A5',NULL),
(N'307-A5',NULL),
(N'308-A5',NULL),
(N'309-A5',NULL);

insert into room(id_room,room_name) 
values
('601-A2',null),
('602-A2',null),
('603-A2',null),
('604-A2',null),
('605-A2',null),
('606-A2',null),
('607-A2',null),
('608-A2',null),
('609-A2',null),
('501-A2',null),
('502-A2',null),
('503-A2',null),
('504-A2',null),
('505-A2',null),
('506-A2',null),
('507-A2',null),
('508-A2',null),
('509-A2',null),
('401-A2',null),
('402-A2',null),
('403-A2',null),
('404-A2',null),
('405-A2',null),
('406-A2',null),
('407-A2',null),
('408-A2',null),
('409-A2',null),
('301-A2',null),
('302-A2',null),
('303-A2',null),
('304-A2',null),
('305-A2',null),
('306-A2',null),
('307-A2',null),
('308-A2',null),
('309-A2',null),
('201-A2',null),
('202-A2',null),
('203-A2',null),
('204-A2',null),
('205-A2',null),
('206-A2',null),
('207-A2',null),
('208-A2',null),
('209-A2',null),
('101-A2',null),
('102-A2',null),
('103-A2',null),
('104-A2',null),
('105-A2',null),
('106-A2',null),
('107-A2',null),
('108-A2',null),
('109-A2',null);
--------------------------

go 
INSERT INTO module_class (id_module_class, module_class_name, number_plan, number_reality, school_year, id_module,id_teacher)
 VALUES
('ANHB1.4-1-20 (N15)', N'Tiếng Anh B1-1-20 (N15)', NULL, NULL, '1-20', 'ANHB1.4',null),
('ANHB1.4-1-20 (N15.BT1)', N'Tiếng Anh B1-1-20 (N15.BT1)', NULL, NULL, '1-20', 'ANHB1.4',null),
('ANHB1.4-1-20 (N16)', N'Tiếng Anh B1-1-20 (N16)', NULL, NULL, '1-20', 'ANHB1.4',null),
('ANHB1.4-1-20 (N16.BT1)', N'Tiếng Anh B1-1-20 (N16.BT1)', NULL, NULL, '1-20', 'ANHB1.4',null),
('ANHB1.4-1-20 (N17)', N'Tiếng Anh B1-1-20 (N17)', NULL, NULL, '1-20', 'ANHB1.4',null),
('ANHB1.4-1-20 (N17.BT1)', N'Tiếng Anh B1-1-20 (N17.BT1)', NULL, NULL, '1-20', 'ANHB1.4',null),
('ANHB1.4-1-20 (N18)', N'Tiếng Anh B1-1-20 (N18)', NULL, NULL, '1-20', 'ANHB1.4',null),
('ANHB1.4-1-20 (N18.BT1)', N'Tiếng Anh B1-1-20 (N18.BT1)', NULL, NULL, '1-20', 'ANHB1.4',null),
('CPM06.3-1-20 (N01)', N'Phân tích thiết kế hệ thống-1-20 (N01)', NULL, NULL, '1-20', 'CPM06.3',null),
('CPM06.3-1-20 (N01.BT1)', N'Phân tích thiết kế hệ thống-1-20 (N01.BT1)', NULL, NULL, '1-20', 'CPM06.3',null),
('CPM06.3-1-20 (N02)', N'Phân tích thiết kế hệ thống-1-20 (N02)', NULL, NULL, '1-20', 'CPM06.3',null),
('CPM06.3-1-20 (N02.BT1)', N'Phân tích thiết kế hệ thống-1-20 (N02.BT1)', NULL, NULL, '1-20', 'CPM06.3',null),
('CPM06.3-1-20 (N03)', N'Phân tích thiết kế hệ thống-1-20 (N03)', NULL, NULL, '1-20', 'CPM06.3',null),
('CPM06.3-1-20 (N03.BT1)', N'Phân tích thiết kế hệ thống-1-20 (N03.BT1)', NULL, NULL, '1-20', 'CPM06.3',null),
('CPM06.3-1-20 (N04)', N'Phân tích thiết kế hệ thống-1-20 (N04)', NULL, NULL, '1-20', 'CPM06.3',null),
('CPM06.3-1-20 (N04.BT1)', N'Phân tích thiết kế hệ thống-1-20 (N04.BT1)', NULL, NULL, '1-20', 'CPM06.3',null),
('CPM07.3-1-20 (N01)', N'Phân tích thiết kế hướng đối tượng-1-20 (N01)', NULL, NULL, '1-20', 'CPM07.3',null),
('CPM07.3-1-20 (N01.BT1)', N'Phân tích thiết kế hướng đối tượng-1-20 (N01.BT1)', NULL, NULL, '1-20', 'CPM07.3',null),
('CPM07.3-1-20 (N02)', N'Phân tích thiết kế hướng đối tượng-1-20 (N02)', NULL, NULL, '1-20', 'CPM07.3',null),
('CPM07.3-1-20 (N02.BT1)', N'Phân tích thiết kế hướng đối tượng-1-20 (N02.BT1)', NULL, NULL, '1-20', 'CPM07.3',null),
('CPM07.3-1-20 (N03)', N'Phân tích thiết kế hướng đối tượng-1-20 (N03)', NULL, NULL, '1-20', 'CPM07.3',null),
('CPM07.3-1-20 (N03.BT1)', N'Phân tích thiết kế hướng đối tượng-1-20 (N03.BT1)', NULL, NULL, '1-20', 'CPM07.3',null),
('CPM07.3-1-20 (N04)', N'Phân tích thiết kế hướng đối tượng-1-20 (N04)', NULL, NULL, '1-20', 'CPM07.3',null),
('CPM07.3-1-20 (N04.BT1)', N'Phân tích thiết kế hướng đối tượng-1-20 (N04.BT1)', NULL, NULL, '1-20', 'CPM07.3',null),
('CPM10.3-1-20 (N01)', N'Chuyên đề về công nghệ phần mềm-1-20 (N01)', NULL, NULL, '1-20', 'CPM10.3',null),
('CPM10.3-1-20 (N01.BT1)', N'Chuyên đề về công nghệ phần mềm-1-20 (N01.BT1)', NULL, NULL, '1-20', 'CPM10.3',null),
('CPM10.3-1-20 (N02)', N'Chuyên đề về công nghệ phần mềm-1-20 (N02)', NULL, NULL, '1-20', 'CPM10.3',null),
('CPM10.3-1-20 (N02.BT1)', N'Chuyên đề về công nghệ phần mềm-1-20 (N02.BT1)', NULL, NULL, '1-20', 'CPM10.3',null),
('CPM10.3-1-20 (N03)', N'Chuyên đề về công nghệ phần mềm-1-20 (N03)', NULL, NULL, '1-20', 'CPM10.3',null),
('CPM10.3-1-20 (N03.BT1)', N'Chuyên đề về công nghệ phần mềm-1-20 (N03.BT1)', NULL, NULL, '1-20', 'CPM10.3',null),
('CPM10.3-1-20 (N04)', N'Chuyên đề về công nghệ phần mềm-1-20 (N04)', NULL, NULL, '1-20', 'CPM10.3',null),
('CPM10.3-1-20 (N04.BT1)', N'Chuyên đề về công nghệ phần mềm-1-20 (N04.BT1)', NULL, NULL, '1-20', 'CPM10.3',null),
('CPM211.3-1-20 (N01)', N'Lập trình trực quan-1-20 (N01)', NULL, NULL, '1-20', 'CPM211.3',null),
('CPM211.3-1-20 (N01.BT1)', N'Lập trình trực quan-1-20 (N01.BT1)', NULL, NULL, '1-20', 'CPM211.3',null),
('CPM211.3-1-20 (N02)', N'Lập trình trực quan-1-20 (N02)', NULL, NULL, '1-20', 'CPM211.3',null),
('CPM211.3-1-20 (N02.BT1)', N'Lập trình trực quan-1-20 (N02.BT1)', NULL, NULL, '1-20', 'CPM211.3',null),
('CPM211.3-1-20 (N03)', N'Lập trình trực quan-1-20 (N03)', NULL, NULL, '1-20', 'CPM211.3',null),
('CPM211.3-1-20 (N03.BT1)', N'Lập trình trực quan-1-20 (N03.BT1)', NULL, NULL, '1-20', 'CPM211.3',null),
('CPM211.3-1-20 (N04)', N'Lập trình trực quan-1-20 (N04)', NULL, NULL, '1-20', 'CPM211.3',null),
('CPM211.3-1-20 (N04.BT1)', N'Lập trình trực quan-1-20 (N04.BT1)', NULL, NULL, '1-20', 'CPM211.3',null),
('KHM10.3-1-20 (N01)', N'Đặc tả phần mềm-1-20 (N01)', NULL, NULL, '1-20', 'KHM10.3',null),
('KHM10.3-1-20 (N01.BT1)', N'Đặc tả phần mềm-1-20 (N01.BT1)', NULL, NULL, '1-20', 'KHM10.3',null),
('KHM10.3-1-20 (N02)', N'Đặc tả phần mềm-1-20 (N02)', NULL, NULL, '1-20', 'KHM10.3',null),
('KHM10.3-1-20 (N02.BT1)', N'Đặc tả phần mềm-1-20 (N02.BT1)', NULL, NULL, '1-20', 'KHM10.3',null),
('KHM10.3-1-20 (N04)', N'Đặc tả phần mềm-1-20 (N04)', NULL, NULL, '1-20', 'KHM10.3',null),
('KHM10.3-1-20 (N04.BT1)', N'Đặc tả phần mềm-1-20 (N04.BT1)', NULL, NULL, '1-20', 'KHM10.3',null),
('KHM26.3-1-20 (N01)', N'Thuật toán và ứng dụng-1-20 (N01)', NULL, NULL, '1-20', 'KHM26.3',null),
('KHM26.3-1-20 (N01.BT1)', N'Thuật toán và ứng dụng-1-20 (N01.BT1)', NULL, NULL, '1-20', 'KHM26.3',null),
('KHM26.3-1-20 (N02)', N'Thuật toán và ứng dụng-1-20 (N02)', NULL, NULL, '1-20', 'KHM26.3',null),
('KHM26.3-1-20 (N02.BT1)', N'Thuật toán và ứng dụng-1-20 (N02.BT1)', NULL, NULL, '1-20', 'KHM26.3',null),
('KHM26.3-1-20 (N03)', N'Thuật toán và ứng dụng-1-20 (N03)', NULL, NULL, '1-20', 'KHM26.3',null),
('KHM26.3-1-20 (N03.BT1)', N'Thuật toán và ứng dụng-1-20 (N03.BT1)', NULL, NULL, '1-20', 'KHM26.3',null),
('KHM26.3-1-20 (N04)', N'Thuật toán và ứng dụng-1-20 (N04)', NULL, NULL, '1-20', 'KHM26.3',null),
('KHM26.3-1-20 (N04.BT1)', N'Thuật toán và ứng dụng-1-20 (N04.BT1)', NULL, NULL, '1-20', 'KHM26.3',null),
('MHT06.3-1-20 (N01)', N'Mạng máy tính-1-20 (N01)', NULL, NULL, '1-20', 'MHT06.3',N'0172'),
('MHT06.3-1-20 (N01.BT1)', N'Mạng máy tính-1-20 (N01.BT1)', NULL, NULL, '1-20', 'MHT06.3',N'0172'),
('MHT06.3-1-20 (N02)', N'Mạng máy tính-1-20 (N02)', NULL, NULL, '1-20', 'MHT06.3',N'0172'),
('MHT06.3-1-20 (N02.BT1)', N'Mạng máy tính-1-20 (N02.BT1)', NULL, NULL, '1-20', 'MHT06.3',N'0172'),
('MHT06.3-1-20 (N03)', N'Mạng máy tính-1-20 (N03)', NULL, NULL, '1-20', 'MHT06.3',N'0172'),
('MHT06.3-1-20 (N03.BT1)', N'Mạng máy tính-1-20 (N03.BT1)', NULL, NULL, '1-20', 'MHT06.3',N'0172'),
('MHT06.3-1-20 (N04)', N'Mạng máy tính-1-20 (N04)', NULL, NULL, '1-20', 'MHT06.3',N'0172'),
('MHT06.3-1-20 (N04.BT1)', N'Mạng máy tính-1-20 (N04.BT1)', NULL, NULL, '1-20', 'MHT06.3',N'0172'),
('MHT07.3-1-20 (N01)', N'Trí tuệ nhân tạo-1-20 (N01)', NULL, NULL, '1-20', 'MHT07.3',null),
('MHT07.3-1-20 (N01.BT1)', N'Trí tuệ nhân tạo-1-20 (N01.BT1)', NULL, NULL, '1-20', 'MHT07.3',null),
('MHT07.3-1-20 (N02)', N'Trí tuệ nhân tạo-1-20 (N02)', NULL, NULL, '1-20', 'MHT07.3',null),
('MHT07.3-1-20 (N02.BT1)', N'Trí tuệ nhân tạo-1-20 (N02.BT1)', NULL, NULL, '1-20', 'MHT07.3',null),
('MHT07.3-1-20 (N03)', N'Trí tuệ nhân tạo-1-20 (N03)', NULL, NULL, '1-20', 'MHT07.3',null),
('MHT07.3-1-20 (N03.BT1)', N'Trí tuệ nhân tạo-1-20 (N03.BT1)', NULL, NULL, '1-20', 'MHT07.3',null),
('MHT07.3-1-20 (N04)', N'Trí tuệ nhân tạo-1-20 (N04)', NULL, NULL, '1-20', 'MHT07.3',null),
('MHT07.3-1-20 (N04.BT1)', N'Trí tuệ nhân tạo-1-20 (N04.BT1)', NULL, NULL, '1-20', 'MHT07.3',null),
('MHT09.2-1-20 (N01)', N'Thiết kế cơ sở dữ liệu-1-20 (N01)', NULL, NULL, '1-20', 'MHT09.2',N'1387'),
('MHT09.2-1-20 (N01.BT1)', N'Thiết kế cơ sở dữ liệu-1-20 (N01.BT1)', NULL, NULL, '1-20', 'MHT09.2',N'1387'),
('MHT09.2-1-20 (N02)', N'Thiết kế cơ sở dữ liệu-1-20 (N02)', NULL, NULL, '1-20', 'MHT09.2',N'1387'),
('MHT09.2-1-20 (N02.BT1)', N'Thiết kế cơ sở dữ liệu-1-20 (N02.BT1)', NULL, NULL, '1-20', 'MHT09.2',N'1387'),
('MHT09.2-1-20 (N03)', N'Thiết kế cơ sở dữ liệu-1-20 (N03)', NULL, NULL, '1-20', 'MHT09.2',N'1387'),
('MHT09.2-1-20 (N03.BT1)', N'Thiết kế cơ sở dữ liệu-1-20 (N03.BT1)', NULL, NULL, '1-20', 'MHT09.2',N'1387'),
('MHT09.2-1-20 (N04)', N'Thiết kế cơ sở dữ liệu-1-20 (N04)', NULL, NULL, '1-20', 'MHT09.2',N'1387'),
('MHT09.2-1-20 (N04.BT1)', N'Thiết kế cơ sở dữ liệu-1-20 (N04.BT1)', NULL, NULL, '1-20', 'MHT09.2',N'1387'),
('MHT12.3-1-20 (N01)', N'Khai phá dữ liệu-1-20 (N01)', NULL, NULL, '1-20', 'MHT12.3',null),
('MHT12.3-1-20 (N01.BT1)', N'Khai phá dữ liệu-1-20 (N01.BT1)', NULL, NULL, '1-20', 'MHT12.3',null),
('MHT12.3-1-20 (N02)', N'Khai phá dữ liệu-1-20 (N02)', NULL, NULL, '1-20', 'MHT12.3',null),
('MHT12.3-1-20 (N02.BT1)', N'Khai phá dữ liệu-1-20 (N02.BT1)', NULL, NULL, '1-20', 'MHT12.3',null),
('MHT12.3-1-20 (N03)', N'Khai phá dữ liệu-1-20 (N03)', NULL, NULL, '1-20', 'MHT12.3',null),
('MHT12.3-1-20 (N03.BT1)', N'Khai phá dữ liệu-1-20 (N03.BT1)', NULL, NULL, '1-20', 'MHT12.3',null),
('MHT12.3-1-20 (N04)', N'Khai phá dữ liệu-1-20 (N04)', NULL, NULL, '1-20', 'MHT12.3',null),
('MHT12.3-1-20 (N04.BT1)', N'Khai phá dữ liệu-1-20 (N04.BT1)', NULL, NULL, '1-20', 'MHT12.3',null),
('MHT235.3-1-20 (N01)', N'An ninh mạng-1-20 (N01)', NULL, NULL, '1-20', 'MHT235.3',null),
('MHT235.3-1-20 (N01.BT1)', N'An ninh mạng-1-20 (N01.BT1)', NULL, NULL, '1-20', 'MHT235.3',null),
('MHT235.3-1-20 (N02)', N'An ninh mạng-1-20 (N02)', NULL, NULL, '1-20', 'MHT235.3',null),
('MHT235.3-1-20 (N02.BT1)', N'An ninh mạng-1-20 (N02.BT1)', NULL, NULL, '1-20', 'MHT235.3',null),
('MHT235.3-1-20 (N03)', N'An ninh mạng-1-20 (N03)', NULL, NULL, '1-20', 'MHT235.3',null),
('MHT235.3-1-20 (N03.BT1)', N'An ninh mạng-1-20 (N03.BT1)', NULL, NULL, '1-20', 'MHT235.3',null),
('MHT235.3-1-20 (N04)', N'An ninh mạng-1-20 (N04)', NULL, NULL, '1-20', 'MHT235.3',null),
('MHT235.3-1-20 (N04.BT1)', N'An ninh mạng-1-20 (N04.BT1)', NULL, NULL, '1-20', 'MHT235.3',null);

go 
INSERT INTO participate (id_module_class, id_student, process_score, test_score, theoretical_score) VALUES
('ANHB1.4-1-20 (N15)', '152510385', NULL, NULL, NULL),
('ANHB1.4-1-20 (N15)', '160100175', NULL, NULL, NULL),
('ANHB1.4-1-20 (N15)', '160100461', NULL, NULL, NULL),
('ANHB1.4-1-20 (N15)', '160100704', NULL, NULL, NULL),
('ANHB1.4-1-20 (N15)', '160100954', NULL, NULL, NULL),
('ANHB1.4-1-20 (N15)', '160204333', NULL, NULL, NULL),
('ANHB1.4-1-20 (N15)', '160301294', NULL, NULL, NULL),
('ANHB1.4-1-20 (N15)', '160301513', NULL, NULL, NULL),
('ANHB1.4-1-20 (N15)', '161302869', NULL, NULL, NULL),
('ANHB1.4-1-20 (N15)', '171300583', NULL, NULL, NULL),
('ANHB1.4-1-20 (N15)', '171300685', NULL, NULL, NULL),
('ANHB1.4-1-20 (N15)', '171300719', NULL, NULL, NULL),
('ANHB1.4-1-20 (N15)', '171301280', NULL, NULL, NULL),
('ANHB1.4-1-20 (N15)', '171301321', NULL, NULL, NULL),
('ANHB1.4-1-20 (N15)', '171301890', NULL, NULL, NULL),
('ANHB1.4-1-20 (N15)', '171501145', NULL, NULL, NULL),
('ANHB1.4-1-20 (N15)', '171601013', NULL, NULL, NULL),
('ANHB1.4-1-20 (N15)', '171711510', NULL, NULL, NULL),
('ANHB1.4-1-20 (N15)', '172501313', NULL, NULL, NULL),
('ANHB1.4-1-20 (N15)', '181200545', NULL, NULL, NULL),
('ANHB1.4-1-20 (N15)', '181200830', NULL, NULL, NULL),
('ANHB1.4-1-20 (N15)', '181200916', NULL, NULL, NULL),
('ANHB1.4-1-20 (N15)', '181202183', NULL, NULL, NULL),
('ANHB1.4-1-20 (N15)', '181202227', NULL, NULL, NULL),
('ANHB1.4-1-20 (N15)', '181202279', NULL, NULL, NULL),
('ANHB1.4-1-20 (N15)', '181202292', NULL, NULL, NULL),
('ANHB1.4-1-20 (N15)', '181202577', NULL, NULL, NULL),
('ANHB1.4-1-20 (N15)', '181202999', NULL, NULL, NULL),
('ANHB1.4-1-20 (N15)', '181203247', NULL, NULL, NULL),
('ANHB1.4-1-20 (N15)', '181203531', NULL, NULL, NULL),
('ANHB1.4-1-20 (N15)', '181203812', NULL, NULL, NULL),
('ANHB1.4-1-20 (N15)', '181210042', NULL, NULL, NULL),
('ANHB1.4-1-20 (N15)', '181210367', NULL, NULL, NULL),
('ANHB1.4-1-20 (N15)', '181210385', NULL, NULL, NULL),
('ANHB1.4-1-20 (N15)', '181211577', NULL, NULL, NULL),
('ANHB1.4-1-20 (N15)', '181211927', NULL, NULL, NULL),
('ANHB1.4-1-20 (N15)', '181212423', NULL, NULL, NULL),
('ANHB1.4-1-20 (N15)', '181213053', NULL, NULL, NULL),
('ANHB1.4-1-20 (N15)', '181213373', NULL, NULL, NULL),
('ANHB1.4-1-20 (N15)', '881891002', NULL, NULL, NULL),
('ANHB1.4-1-20 (N16)', '151100170', NULL, NULL, NULL),
('ANHB1.4-1-20 (N16)', '160100355', NULL, NULL, NULL),
('ANHB1.4-1-20 (N16)', '160100674', NULL, NULL, NULL),
('ANHB1.4-1-20 (N16)', '160100709', NULL, NULL, NULL),
('ANHB1.4-1-20 (N16)', '160100908', NULL, NULL, NULL),
('ANHB1.4-1-20 (N16)', '160100926', NULL, NULL, NULL),
('ANHB1.4-1-20 (N16)', '160104203', NULL, NULL, NULL),
('ANHB1.4-1-20 (N16)', '160113223', NULL, NULL, NULL),
('ANHB1.4-1-20 (N16)', '171500651', NULL, NULL, NULL),
('ANHB1.4-1-20 (N16)', '171501615', NULL, NULL, NULL),
('ANHB1.4-1-20 (N16)', '171702285', NULL, NULL, NULL),
('ANHB1.4-1-20 (N16)', '171702373', NULL, NULL, NULL),
('ANHB1.4-1-20 (N16)', '171702802', NULL, NULL, NULL),
('ANHB1.4-1-20 (N16)', '181200861', NULL, NULL, NULL),
('ANHB1.4-1-20 (N16)', '181201622', NULL, NULL, NULL),
('ANHB1.4-1-20 (N16)', '181201630', NULL, NULL, NULL),
('ANHB1.4-1-20 (N16)', '181201824', NULL, NULL, NULL),
('ANHB1.4-1-20 (N16)', '181201841', NULL, NULL, NULL),
('ANHB1.4-1-20 (N16)', '181202066', NULL, NULL, NULL),
('ANHB1.4-1-20 (N16)', '181202094', NULL, NULL, NULL),
('ANHB1.4-1-20 (N16)', '181202231', NULL, NULL, NULL),
('ANHB1.4-1-20 (N16)', '181202264', NULL, NULL, NULL),
('ANHB1.4-1-20 (N16)', '181202287', NULL, NULL, NULL),
('ANHB1.4-1-20 (N16)', '181202412', NULL, NULL, NULL),
('ANHB1.4-1-20 (N16)', '181202480', NULL, NULL, NULL),
('ANHB1.4-1-20 (N16)', '181202483', NULL, NULL, NULL),
('ANHB1.4-1-20 (N16)', '181202600', NULL, NULL, NULL),
('ANHB1.4-1-20 (N16)', '181202626', NULL, NULL, NULL),
('ANHB1.4-1-20 (N16)', '181202718', NULL, NULL, NULL),
('ANHB1.4-1-20 (N16)', '181203050', NULL, NULL, NULL),
('ANHB1.4-1-20 (N16)', '181203186', NULL, NULL, NULL),
('ANHB1.4-1-20 (N16)', '181203234', NULL, NULL, NULL),
('ANHB1.4-1-20 (N16)', '181203411', NULL, NULL, NULL),
('ANHB1.4-1-20 (N16)', '181203887', NULL, NULL, NULL),
('ANHB1.4-1-20 (N16)', '181203962', NULL, NULL, NULL),
('ANHB1.4-1-20 (N16)', '181203997', NULL, NULL, NULL),
('ANHB1.4-1-20 (N16)', '181204095', NULL, NULL, NULL),
('ANHB1.4-1-20 (N16)', '181210395', NULL, NULL, NULL),
('ANHB1.4-1-20 (N16)', '181211533', NULL, NULL, NULL),
('ANHB1.4-1-20 (N16)', '181211884', NULL, NULL, NULL),
('ANHB1.4-1-20 (N16)', '181230217', NULL, NULL, NULL),
('ANHB1.4-1-20 (N16)', '881690005', NULL, NULL, NULL),
('ANHB1.4-1-20 (N17)', '151101151', NULL, NULL, NULL),
('ANHB1.4-1-20 (N17)', '151600146', NULL, NULL, NULL),
('ANHB1.4-1-20 (N17)', '160602013', NULL, NULL, NULL),
('ANHB1.4-1-20 (N17)', '160602039', NULL, NULL, NULL),
('ANHB1.4-1-20 (N17)', '160602061', NULL, NULL, NULL),
('ANHB1.4-1-20 (N17)', '160602070', NULL, NULL, NULL),
('ANHB1.4-1-20 (N17)', '171300681', NULL, NULL, NULL),
('ANHB1.4-1-20 (N17)', '171300695', NULL, NULL, NULL),
('ANHB1.4-1-20 (N17)', '171301306', NULL, NULL, NULL),
('ANHB1.4-1-20 (N17)', '171302865', NULL, NULL, NULL),
('ANHB1.4-1-20 (N17)', '171302979', NULL, NULL, NULL),
('ANHB1.4-1-20 (N17)', '171303028', NULL, NULL, NULL),
('ANHB1.4-1-20 (N17)', '171303463', NULL, NULL, NULL),
('ANHB1.4-1-20 (N17)', '171502060', NULL, NULL, NULL),
('ANHB1.4-1-20 (N17)', '171511268', NULL, NULL, NULL),
('ANHB1.4-1-20 (N17)', '181200566', NULL, NULL, NULL),
('ANHB1.4-1-20 (N17)', '181201176', NULL, NULL, NULL),
('ANHB1.4-1-20 (N17)', '181201699', NULL, NULL, NULL),
('ANHB1.4-1-20 (N17)', '181201766', NULL, NULL, NULL),
('ANHB1.4-1-20 (N17)', '181202446', NULL, NULL, NULL),
('ANHB1.4-1-20 (N17)', '181202473', NULL, NULL, NULL),
('ANHB1.4-1-20 (N17)', '181202980', NULL, NULL, NULL),
('ANHB1.4-1-20 (N17)', '181203034', NULL, NULL, NULL),
('ANHB1.4-1-20 (N17)', '181203048', NULL, NULL, NULL),
('ANHB1.4-1-20 (N17)', '181203069', NULL, NULL, NULL),
('ANHB1.4-1-20 (N17)', '181211854', NULL, NULL, NULL),
('ANHB1.4-1-20 (N17)', '181213396', NULL, NULL, NULL),
('ANHB1.4-1-20 (N17)', '181233102', NULL, NULL, NULL),
('ANHB1.4-1-20 (N17)', '182202912', NULL, NULL, NULL),
('ANHB1.4-1-20 (N17)', '182203306', NULL, NULL, NULL),
('ANHB1.4-1-20 (N17)', '182203899', NULL, NULL, NULL),
('ANHB1.4-1-20 (N17)', '182221115', NULL, NULL, NULL),
('ANHB1.4-1-20 (N17)', '182600833', NULL, NULL, NULL),
('ANHB1.4-1-20 (N17)', '182600887', NULL, NULL, NULL),
('ANHB1.4-1-20 (N17)', '182602396', NULL, NULL, NULL),
('ANHB1.4-1-20 (N17)', '182621763', NULL, NULL, NULL),
('ANHB1.4-1-20 (N17)', '182623800', NULL, NULL, NULL),
('ANHB1.4-1-20 (N18)', '1406258', NULL, NULL, NULL),
('ANHB1.4-1-20 (N18)', '160100527', NULL, NULL, NULL),
('ANHB1.4-1-20 (N18)', '160100732', NULL, NULL, NULL),
('ANHB1.4-1-20 (N18)', '160201198', NULL, NULL, NULL),
('ANHB1.4-1-20 (N18)', '160204343', NULL, NULL, NULL),
('ANHB1.4-1-20 (N18)', '160213349', NULL, NULL, NULL),
('ANHB1.4-1-20 (N18)', '171100804', NULL, NULL, NULL),
('ANHB1.4-1-20 (N18)', '171101780', NULL, NULL, NULL),
('ANHB1.4-1-20 (N18)', '171302039', NULL, NULL, NULL),
('ANHB1.4-1-20 (N18)', '171312036', NULL, NULL, NULL),
('ANHB1.4-1-20 (N18)', '181200171', NULL, NULL, NULL),
('ANHB1.4-1-20 (N18)', '181200351', NULL, NULL, NULL),
('ANHB1.4-1-20 (N18)', '181200836', NULL, NULL, NULL),
('ANHB1.4-1-20 (N18)', '181201178', NULL, NULL, NULL),
('ANHB1.4-1-20 (N18)', '181201649', NULL, NULL, NULL),
('ANHB1.4-1-20 (N18)', '181201714', NULL, NULL, NULL),
('ANHB1.4-1-20 (N18)', '181201887', NULL, NULL, NULL),
('ANHB1.4-1-20 (N18)', '181201893', NULL, NULL, NULL),
('ANHB1.4-1-20 (N18)', '181201949', NULL, NULL, NULL),
('ANHB1.4-1-20 (N18)', '181201962', NULL, NULL, NULL),
('ANHB1.4-1-20 (N18)', '181202261', NULL, NULL, NULL),
('ANHB1.4-1-20 (N18)', '181202531', NULL, NULL, NULL),
('ANHB1.4-1-20 (N18)', '181202679', NULL, NULL, NULL),
('ANHB1.4-1-20 (N18)', '181202880', NULL, NULL, NULL),
('ANHB1.4-1-20 (N18)', '181202889', NULL, NULL, NULL),
('ANHB1.4-1-20 (N18)', '181203228', NULL, NULL, NULL),
('ANHB1.4-1-20 (N18)', '181203245', NULL, NULL, NULL),
('ANHB1.4-1-20 (N18)', '181203544', NULL, NULL, NULL),
('ANHB1.4-1-20 (N18)', '181203847', NULL, NULL, NULL),
('ANHB1.4-1-20 (N18)', '181203879', NULL, NULL, NULL),
('ANHB1.4-1-20 (N18)', '181211780', NULL, NULL, NULL),
('ANHB1.4-1-20 (N18)', '181211845', NULL, NULL, NULL),
('ANHB1.4-1-20 (N18)', '181212177', NULL, NULL, NULL),
('ANHB1.4-1-20 (N18)', '181213060', NULL, NULL, NULL),
('ANHB1.4-1-20 (N18)', '181213472', NULL, NULL, NULL),
('ANHB1.4-1-20 (N18)', '181213477', NULL, NULL, NULL),
('ANHB1.4-1-20 (N18)', '182202046', NULL, NULL, NULL),
('ANHB1.4-1-20 (N18)', '182202581', NULL, NULL, NULL),
('ANHB1.4-1-20 (N18)', '182202913', NULL, NULL, NULL),
('ANHB1.4-1-20 (N18)', '182212255', NULL, NULL, NULL),
('ANHB1.4-1-20 (N18)', '182213371', NULL, NULL, NULL),
('ANHB1.4-1-20 (N18)', '182223342', NULL, NULL, NULL),
('CPM06.3-1-20 (N01)', '1306179', NULL, NULL, NULL),
('CPM06.3-1-20 (N01)', '171201158', NULL, NULL, NULL),
('CPM06.3-1-20 (N01)', '171202727', NULL, NULL, NULL),
('CPM06.3-1-20 (N01)', '171510196', NULL, NULL, NULL),
('CPM06.3-1-20 (N01)', '181200376', NULL, NULL, NULL),
('CPM06.3-1-20 (N01)', '181200401', NULL, NULL, NULL),
('CPM06.3-1-20 (N01)', '181200545', NULL, NULL, NULL),
('CPM06.3-1-20 (N01)', '181200549', NULL, NULL, NULL),
('CPM06.3-1-20 (N01)', '181200610', NULL, NULL, NULL),
('CPM06.3-1-20 (N01)', '181200770', NULL, NULL, NULL),
('CPM06.3-1-20 (N01)', '181200814', NULL, NULL, NULL),
('CPM06.3-1-20 (N01)', '181200830', NULL, NULL, NULL),
('CPM06.3-1-20 (N01)', '181200834', NULL, NULL, NULL),
('CPM06.3-1-20 (N01)', '181200839', NULL, NULL, NULL),
('CPM06.3-1-20 (N01)', '181200916', NULL, NULL, NULL),
('CPM06.3-1-20 (N01)', '181200938', NULL, NULL, NULL),
('CPM06.3-1-20 (N01)', '181201168', NULL, NULL, NULL),
('CPM06.3-1-20 (N01)', '181201410', NULL, NULL, NULL),
('CPM06.3-1-20 (N01)', '181201589', NULL, NULL, NULL),
('CPM06.3-1-20 (N01)', '181201828', NULL, NULL, NULL),
('CPM06.3-1-20 (N01)', '181201867', NULL, NULL, NULL),
('CPM06.3-1-20 (N01)', '181202020', NULL, NULL, NULL),
('CPM06.3-1-20 (N01)', '181202127', NULL, NULL, NULL),
('CPM06.3-1-20 (N01)', '181202183', NULL, NULL, NULL),
('CPM06.3-1-20 (N01)', '181202200', NULL, NULL, NULL),
('CPM06.3-1-20 (N01)', '181202227', NULL, NULL, NULL),
('CPM06.3-1-20 (N01)', '181202279', NULL, NULL, NULL),
('CPM06.3-1-20 (N01)', '181202289', NULL, NULL, NULL),
('CPM06.3-1-20 (N01)', '181202292', NULL, NULL, NULL),
('CPM06.3-1-20 (N01)', '181202377', NULL, NULL, NULL),
('CPM06.3-1-20 (N01)', '181202417', NULL, NULL, NULL),
('CPM06.3-1-20 (N01)', '181202577', NULL, NULL, NULL),
('CPM06.3-1-20 (N01)', '181202654', NULL, NULL, NULL),
('CPM06.3-1-20 (N01)', '181202839', NULL, NULL, NULL),
('CPM06.3-1-20 (N01)', '181202862', NULL, NULL, NULL),
('CPM06.3-1-20 (N01)', '181202886', NULL, NULL, NULL),
('CPM06.3-1-20 (N01)', '181202999', NULL, NULL, NULL),
('CPM06.3-1-20 (N01)', '181203140', NULL, NULL, NULL),
('CPM06.3-1-20 (N01)', '181203187', NULL, NULL, NULL),
('CPM06.3-1-20 (N01)', '181203241', NULL, NULL, NULL),
('CPM06.3-1-20 (N01)', '181203243', NULL, NULL, NULL),
('CPM06.3-1-20 (N01)', '181203247', NULL, NULL, NULL),
('CPM06.3-1-20 (N01)', '181203423', NULL, NULL, NULL),
('CPM06.3-1-20 (N01)', '181203458', NULL, NULL, NULL),
('CPM06.3-1-20 (N01)', '181203460', NULL, NULL, NULL),
('CPM06.3-1-20 (N01)', '181203530', NULL, NULL, NULL),
('CPM06.3-1-20 (N01)', '181203531', NULL, NULL, NULL),
('CPM06.3-1-20 (N01)', '181203621', NULL, NULL, NULL),
('CPM06.3-1-20 (N01)', '181203812', NULL, NULL, NULL),
('CPM06.3-1-20 (N01)', '181210042', NULL, NULL, NULL),
('CPM06.3-1-20 (N01)', '181210162', NULL, NULL, NULL),
('CPM06.3-1-20 (N01)', '181210257', NULL, NULL, NULL),
('CPM06.3-1-20 (N01)', '181210278', NULL, NULL, NULL),
('CPM06.3-1-20 (N01)', '181210367', NULL, NULL, NULL),
('CPM06.3-1-20 (N01)', '181210385', NULL, NULL, NULL),
('CPM06.3-1-20 (N01)', '181210426', NULL, NULL, NULL),
('CPM06.3-1-20 (N01)', '181211071', NULL, NULL, NULL),
('CPM06.3-1-20 (N01)', '181211577', NULL, NULL, NULL),
('CPM06.3-1-20 (N01)', '181211817', NULL, NULL, NULL),
('CPM06.3-1-20 (N01)', '181211927', NULL, NULL, NULL),
('CPM06.3-1-20 (N01)', '181212011', NULL, NULL, NULL),
('CPM06.3-1-20 (N01)', '181212110', NULL, NULL, NULL),
('CPM06.3-1-20 (N01)', '181212423', NULL, NULL, NULL),
('CPM06.3-1-20 (N01)', '181213053', NULL, NULL, NULL),
('CPM06.3-1-20 (N01)', '181213164', NULL, NULL, NULL),
('CPM06.3-1-20 (N01)', '181213373', NULL, NULL, NULL),
('CPM06.3-1-20 (N01)', '181213379', NULL, NULL, NULL),
('CPM06.3-1-20 (N01)', '181213616', NULL, NULL, NULL),
('CPM06.3-1-20 (N01)', '181213890', NULL, NULL, NULL),
('CPM06.3-1-20 (N01)', '181230438', NULL, NULL, NULL),
('CPM06.3-1-20 (N01)', '881891002', NULL, NULL, NULL),
('CPM06.3-1-20 (N01)', '881891005', NULL, NULL, NULL),
('CPM06.3-1-20 (N01)', 'V181604559', NULL, NULL, NULL),
('CPM06.3-1-20 (N01)', 'V181613655', NULL, NULL, NULL),
('CPM06.3-1-20 (N02)', '160702120', NULL, NULL, NULL),
('CPM06.3-1-20 (N02)', '160704557', NULL, NULL, NULL),
('CPM06.3-1-20 (N02)', '171200928', NULL, NULL, NULL),
('CPM06.3-1-20 (N02)', '171203519', NULL, NULL, NULL),
('CPM06.3-1-20 (N02)', '181200084', NULL, NULL, NULL),
('CPM06.3-1-20 (N02)', '181200448', NULL, NULL, NULL),
('CPM06.3-1-20 (N02)', '181200551', NULL, NULL, NULL),
('CPM06.3-1-20 (N02)', '181200616', NULL, NULL, NULL),
('CPM06.3-1-20 (N02)', '181200697', NULL, NULL, NULL),
('CPM06.3-1-20 (N02)', '181200747', NULL, NULL, NULL),
('CPM06.3-1-20 (N02)', '181200752', NULL, NULL, NULL),
('CPM06.3-1-20 (N02)', '181200783', NULL, NULL, NULL),
('CPM06.3-1-20 (N02)', '181200812', NULL, NULL, NULL),
('CPM06.3-1-20 (N02)', '181200857', NULL, NULL, NULL),
('CPM06.3-1-20 (N02)', '181200861', NULL, NULL, NULL),
('CPM06.3-1-20 (N02)', '181201313', NULL, NULL, NULL),
('CPM06.3-1-20 (N02)', '181201403', NULL, NULL, NULL),
('CPM06.3-1-20 (N02)', '181201458', NULL, NULL, NULL),
('CPM06.3-1-20 (N02)', '181201503', NULL, NULL, NULL),
('CPM06.3-1-20 (N02)', '181201622', NULL, NULL, NULL),
('CPM06.3-1-20 (N02)', '181201630', NULL, NULL, NULL),
('CPM06.3-1-20 (N02)', '181201824', NULL, NULL, NULL),
('CPM06.3-1-20 (N02)', '181201841', NULL, NULL, NULL),
('CPM06.3-1-20 (N02)', '181201905', NULL, NULL, NULL),
('CPM06.3-1-20 (N02)', '181201995', NULL, NULL, NULL),
('CPM06.3-1-20 (N02)', '181202066', NULL, NULL, NULL),
('CPM06.3-1-20 (N02)', '181202094', NULL, NULL, NULL),
('CPM06.3-1-20 (N02)', '181202201', NULL, NULL, NULL),
('CPM06.3-1-20 (N02)', '181202231', NULL, NULL, NULL),
('CPM06.3-1-20 (N02)', '181202249', NULL, NULL, NULL),
('CPM06.3-1-20 (N02)', '181202264', NULL, NULL, NULL),
('CPM06.3-1-20 (N02)', '181202276', NULL, NULL, NULL),
('CPM06.3-1-20 (N02)', '181202286', NULL, NULL, NULL),
('CPM06.3-1-20 (N02)', '181202287', NULL, NULL, NULL),
('CPM06.3-1-20 (N02)', '181202342', NULL, NULL, NULL),
('CPM06.3-1-20 (N02)', '181202412', NULL, NULL, NULL),
('CPM06.3-1-20 (N02)', '181202480', NULL, NULL, NULL),
('CPM06.3-1-20 (N02)', '181202483', NULL, NULL, NULL),
('CPM06.3-1-20 (N02)', '181202600', NULL, NULL, NULL),
('CPM06.3-1-20 (N02)', '181202626', NULL, NULL, NULL),
('CPM06.3-1-20 (N02)', '181202681', NULL, NULL, NULL),
('CPM06.3-1-20 (N02)', '181202718', NULL, NULL, NULL),
('CPM06.3-1-20 (N02)', '181202916', NULL, NULL, NULL),
('CPM06.3-1-20 (N02)', '181202983', NULL, NULL, NULL),
('CPM06.3-1-20 (N02)', '181203007', NULL, NULL, NULL),
('CPM06.3-1-20 (N02)', '181203050', NULL, NULL, NULL),
('CPM06.3-1-20 (N02)', '181203186', NULL, NULL, NULL),
('CPM06.3-1-20 (N02)', '181203234', NULL, NULL, NULL),
('CPM06.3-1-20 (N02)', '181203244', NULL, NULL, NULL),
('CPM06.3-1-20 (N02)', '181203411', NULL, NULL, NULL),
('CPM06.3-1-20 (N02)', '181203481', NULL, NULL, NULL),
('CPM06.3-1-20 (N02)', '181203522', NULL, NULL, NULL),
('CPM06.3-1-20 (N02)', '181203561', NULL, NULL, NULL),
('CPM06.3-1-20 (N02)', '181203797', NULL, NULL, NULL),
('CPM06.3-1-20 (N02)', '181203886', NULL, NULL, NULL),
('CPM06.3-1-20 (N02)', '181203887', NULL, NULL, NULL),
('CPM06.3-1-20 (N02)', '181203948', NULL, NULL, NULL),
('CPM06.3-1-20 (N02)', '181203962', NULL, NULL, NULL),
('CPM06.3-1-20 (N02)', '181203997', NULL, NULL, NULL),
('CPM06.3-1-20 (N02)', '181204016', NULL, NULL, NULL),
('CPM06.3-1-20 (N02)', '181204095', NULL, NULL, NULL),
('CPM06.3-1-20 (N02)', '181210030', NULL, NULL, NULL),
('CPM06.3-1-20 (N02)', '181210075', NULL, NULL, NULL),
('CPM06.3-1-20 (N02)', '181210395', NULL, NULL, NULL),
('CPM06.3-1-20 (N02)', '181210450', NULL, NULL, NULL),
('CPM06.3-1-20 (N02)', '181210621', NULL, NULL, NULL),
('CPM06.3-1-20 (N02)', '181210764', NULL, NULL, NULL),
('CPM06.3-1-20 (N02)', '181211533', NULL, NULL, NULL),
('CPM06.3-1-20 (N02)', '181211884', NULL, NULL, NULL),
('CPM06.3-1-20 (N02)', '181230078', NULL, NULL, NULL),
('CPM06.3-1-20 (N02)', '181230217', NULL, NULL, NULL),
('CPM06.3-1-20 (N03)', '1406968', NULL, NULL, NULL),
('CPM06.3-1-20 (N03)', '160704566', NULL, NULL, NULL),
('CPM06.3-1-20 (N03)', '181200299', NULL, NULL, NULL),
('CPM06.3-1-20 (N03)', '181200390', NULL, NULL, NULL),
('CPM06.3-1-20 (N03)', '181200425', NULL, NULL, NULL),
('CPM06.3-1-20 (N03)', '181200566', NULL, NULL, NULL),
('CPM06.3-1-20 (N03)', '181200651', NULL, NULL, NULL),
('CPM06.3-1-20 (N03)', '181200683', NULL, NULL, NULL),
('CPM06.3-1-20 (N03)', '181200766', NULL, NULL, NULL),
('CPM06.3-1-20 (N03)', '181200777', NULL, NULL, NULL),
('CPM06.3-1-20 (N03)', '181200912', NULL, NULL, NULL),
('CPM06.3-1-20 (N03)', '181200921', NULL, NULL, NULL),
('CPM06.3-1-20 (N03)', '181201088', NULL, NULL, NULL),
('CPM06.3-1-20 (N03)', '181201176', NULL, NULL, NULL),
('CPM06.3-1-20 (N03)', '181201226', NULL, NULL, NULL),
('CPM06.3-1-20 (N03)', '181201248', NULL, NULL, NULL),
('CPM06.3-1-20 (N03)', '181201482', NULL, NULL, NULL),
('CPM06.3-1-20 (N03)', '181201611', NULL, NULL, NULL),
('CPM06.3-1-20 (N03)', '181201629', NULL, NULL, NULL),
('CPM06.3-1-20 (N03)', '181201651', NULL, NULL, NULL),
('CPM06.3-1-20 (N03)', '181201683', NULL, NULL, NULL),
('CPM06.3-1-20 (N03)', '181201699', NULL, NULL, NULL),
('CPM06.3-1-20 (N03)', '181201766', NULL, NULL, NULL),
('CPM06.3-1-20 (N03)', '181201868', NULL, NULL, NULL),
('CPM06.3-1-20 (N03)', '181202070', NULL, NULL, NULL),
('CPM06.3-1-20 (N03)', '181202147', NULL, NULL, NULL),
('CPM06.3-1-20 (N03)', '181202209', NULL, NULL, NULL),
('CPM06.3-1-20 (N03)', '181202326', NULL, NULL, NULL),
('CPM06.3-1-20 (N03)', '181202446', NULL, NULL, NULL),
('CPM06.3-1-20 (N03)', '181202473', NULL, NULL, NULL),
('CPM06.3-1-20 (N03)', '181202508', NULL, NULL, NULL),
('CPM06.3-1-20 (N03)', '181202589', NULL, NULL, NULL),
('CPM06.3-1-20 (N03)', '181202642', NULL, NULL, NULL),
('CPM06.3-1-20 (N03)', '181202727', NULL, NULL, NULL),
('CPM06.3-1-20 (N03)', '181202781', NULL, NULL, NULL),
('CPM06.3-1-20 (N03)', '181202785', NULL, NULL, NULL),
('CPM06.3-1-20 (N03)', '181202938', NULL, NULL, NULL),
('CPM06.3-1-20 (N03)', '181202977', NULL, NULL, NULL),
('CPM06.3-1-20 (N03)', '181202980', NULL, NULL, NULL),
('CPM06.3-1-20 (N03)', '181203034', NULL, NULL, NULL),
('CPM06.3-1-20 (N03)', '181203041', NULL, NULL, NULL),
('CPM06.3-1-20 (N03)', '181203048', NULL, NULL, NULL),
('CPM06.3-1-20 (N03)', '181203068', NULL, NULL, NULL),
('CPM06.3-1-20 (N03)', '181203069', NULL, NULL, NULL),
('CPM06.3-1-20 (N03)', '181203181', NULL, NULL, NULL),
('CPM06.3-1-20 (N03)', '181203202', NULL, NULL, NULL),
('CPM06.3-1-20 (N03)', '181203231', NULL, NULL, NULL),
('CPM06.3-1-20 (N03)', '181203302', NULL, NULL, NULL),
('CPM06.3-1-20 (N03)', '181203305', NULL, NULL, NULL),
('CPM06.3-1-20 (N03)', '181203827', NULL, NULL, NULL),
('CPM06.3-1-20 (N03)', '181203858', NULL, NULL, NULL),
('CPM06.3-1-20 (N03)', '181210088', NULL, NULL, NULL),
('CPM06.3-1-20 (N03)', '181210341', NULL, NULL, NULL),
('CPM06.3-1-20 (N03)', '181210675', NULL, NULL, NULL),
('CPM06.3-1-20 (N03)', '181210997', NULL, NULL, NULL),
('CPM06.3-1-20 (N03)', '181211416', NULL, NULL, NULL),
('CPM06.3-1-20 (N03)', '181211707', NULL, NULL, NULL),
('CPM06.3-1-20 (N03)', '181211737', NULL, NULL, NULL),
('CPM06.3-1-20 (N03)', '181211854', NULL, NULL, NULL),
('CPM06.3-1-20 (N03)', '181213262', NULL, NULL, NULL),
('CPM06.3-1-20 (N03)', '181213396', NULL, NULL, NULL),
('CPM06.3-1-20 (N03)', '181213609', NULL, NULL, NULL),
('CPM06.3-1-20 (N03)', '181213624', NULL, NULL, NULL),
('CPM06.3-1-20 (N03)', '181230369', NULL, NULL, NULL),
('CPM06.3-1-20 (N03)', '181230393', NULL, NULL, NULL),
('CPM06.3-1-20 (N03)', '181233102', NULL, NULL, NULL),
('CPM06.3-1-20 (N03)', '181233518', NULL, NULL, NULL),
('CPM06.3-1-20 (N04)', '151202063', NULL, NULL, NULL),
('CPM06.3-1-20 (N04)', '160702177', NULL, NULL, NULL),
('CPM06.3-1-20 (N04)', '160713702', NULL, NULL, NULL),
('CPM06.3-1-20 (N04)', '171201863', NULL, NULL, NULL),
('CPM06.3-1-20 (N04)', '181200024', NULL, NULL, NULL),
('CPM06.3-1-20 (N04)', '181200133', NULL, NULL, NULL),
('CPM06.3-1-20 (N04)', '181200171', NULL, NULL, NULL),
('CPM06.3-1-20 (N04)', '181200351', NULL, NULL, NULL),
('CPM06.3-1-20 (N04)', '181200380', NULL, NULL, NULL),
('CPM06.3-1-20 (N04)', '181200406', NULL, NULL, NULL),
('CPM06.3-1-20 (N04)', '181200582', NULL, NULL, NULL),
('CPM06.3-1-20 (N04)', '181200767', NULL, NULL, NULL),
('CPM06.3-1-20 (N04)', '181200836', NULL, NULL, NULL),
('CPM06.3-1-20 (N04)', '181200875', NULL, NULL, NULL),
('CPM06.3-1-20 (N04)', '181201020', NULL, NULL, NULL),
('CPM06.3-1-20 (N04)', '181201022', NULL, NULL, NULL),
('CPM06.3-1-20 (N04)', '181201076', NULL, NULL, NULL),
('CPM06.3-1-20 (N04)', '181201178', NULL, NULL, NULL),
('CPM06.3-1-20 (N04)', '181201436', NULL, NULL, NULL),
('CPM06.3-1-20 (N04)', '181201649', NULL, NULL, NULL),
('CPM06.3-1-20 (N04)', '181201664', NULL, NULL, NULL),
('CPM06.3-1-20 (N04)', '181201708', NULL, NULL, NULL),
('CPM06.3-1-20 (N04)', '181201714', NULL, NULL, NULL),
('CPM06.3-1-20 (N04)', '181201732', NULL, NULL, NULL),
('CPM06.3-1-20 (N04)', '181201831', NULL, NULL, NULL),
('CPM06.3-1-20 (N04)', '181201887', NULL, NULL, NULL),
('CPM06.3-1-20 (N04)', '181201893', NULL, NULL, NULL),
('CPM06.3-1-20 (N04)', '181201949', NULL, NULL, NULL),
('CPM06.3-1-20 (N04)', '181201962', NULL, NULL, NULL),
('CPM06.3-1-20 (N04)', '181202131', NULL, NULL, NULL),
('CPM06.3-1-20 (N04)', '181202261', NULL, NULL, NULL),
('CPM06.3-1-20 (N04)', '181202267', NULL, NULL, NULL),
('CPM06.3-1-20 (N04)', '181202288', NULL, NULL, NULL),
('CPM06.3-1-20 (N04)', '181202290', NULL, NULL, NULL),
('CPM06.3-1-20 (N04)', '181202441', NULL, NULL, NULL),
('CPM06.3-1-20 (N04)', '181202447', NULL, NULL, NULL),
('CPM06.3-1-20 (N04)', '181202531', NULL, NULL, NULL),
('CPM06.3-1-20 (N04)', '181202562', NULL, NULL, NULL),
('CPM06.3-1-20 (N04)', '181202599', NULL, NULL, NULL),
('CPM06.3-1-20 (N04)', '181202679', NULL, NULL, NULL),
('CPM06.3-1-20 (N04)', '181202809', NULL, NULL, NULL),
('CPM06.3-1-20 (N04)', '181202880', NULL, NULL, NULL),
('CPM06.3-1-20 (N04)', '181202889', NULL, NULL, NULL),
('CPM06.3-1-20 (N04)', '181202991', NULL, NULL, NULL),
('CPM06.3-1-20 (N04)', '181203077', NULL, NULL, NULL),
('CPM06.3-1-20 (N04)', '181203222', NULL, NULL, NULL),
('CPM06.3-1-20 (N04)', '181203228', NULL, NULL, NULL),
('CPM06.3-1-20 (N04)', '181203245', NULL, NULL, NULL),
('CPM06.3-1-20 (N04)', '181203415', NULL, NULL, NULL),
('CPM06.3-1-20 (N04)', '181203544', NULL, NULL, NULL),
('CPM06.3-1-20 (N04)', '181203677', NULL, NULL, NULL),
('CPM06.3-1-20 (N04)', '181203688', NULL, NULL, NULL),
('CPM06.3-1-20 (N04)', '181203704', NULL, NULL, NULL),
('CPM06.3-1-20 (N04)', '181203847', NULL, NULL, NULL),
('CPM06.3-1-20 (N04)', '181203879', NULL, NULL, NULL),
('CPM06.3-1-20 (N04)', '181203918', NULL, NULL, NULL),
('CPM06.3-1-20 (N04)', '181210015', NULL, NULL, NULL),
('CPM06.3-1-20 (N04)', '181210140', NULL, NULL, NULL),
('CPM06.3-1-20 (N04)', '181210168', NULL, NULL, NULL),
('CPM06.3-1-20 (N04)', '181210228', NULL, NULL, NULL),
('CPM06.3-1-20 (N04)', '181210258', NULL, NULL, NULL),
('CPM06.3-1-20 (N04)', '181210552', NULL, NULL, NULL),
('CPM06.3-1-20 (N04)', '181210613', NULL, NULL, NULL),
('CPM06.3-1-20 (N04)', '181211780', NULL, NULL, NULL),
('CPM06.3-1-20 (N04)', '181211845', NULL, NULL, NULL),
('CPM06.3-1-20 (N04)', '181212177', NULL, NULL, NULL),
('CPM06.3-1-20 (N04)', '181213060', NULL, NULL, NULL),
('CPM06.3-1-20 (N04)', '181213472', NULL, NULL, NULL),
('CPM06.3-1-20 (N04)', '181213477', NULL, NULL, NULL),
('CPM06.3-1-20 (N04)', '181231936', NULL, NULL, NULL),
('CPM06.3-1-20 (N04)', 'V181512647', NULL, NULL, NULL),
('CPM07.3-1-20 (N01)', '151211669', NULL, NULL, NULL),
('CPM07.3-1-20 (N01)', '171200011', NULL, NULL, NULL),
('CPM07.3-1-20 (N01)', '171200023', NULL, NULL, NULL),
('CPM07.3-1-20 (N01)', '171200038', NULL, NULL, NULL),
('CPM07.3-1-20 (N01)', '171200318', NULL, NULL, NULL),
('CPM07.3-1-20 (N01)', '171200418', NULL, NULL, NULL),
('CPM07.3-1-20 (N01)', '171200459', NULL, NULL, NULL),
('CPM07.3-1-20 (N01)', '171200471', NULL, NULL, NULL),
('CPM07.3-1-20 (N01)', '171200488', NULL, NULL, NULL),
('CPM07.3-1-20 (N01)', '171200526', NULL, NULL, NULL),
('CPM07.3-1-20 (N01)', '171200554', NULL, NULL, NULL),
('CPM07.3-1-20 (N01)', '171200596', NULL, NULL, NULL),
('CPM07.3-1-20 (N01)', '171200613', NULL, NULL, NULL),
('CPM07.3-1-20 (N01)', '171200684', NULL, NULL, NULL),
('CPM07.3-1-20 (N01)', '171200755', NULL, NULL, NULL),
('CPM07.3-1-20 (N01)', '171200791', NULL, NULL, NULL),
('CPM07.3-1-20 (N01)', '171201099', NULL, NULL, NULL),
('CPM07.3-1-20 (N01)', '171201147', NULL, NULL, NULL),
('CPM07.3-1-20 (N01)', '171201348', NULL, NULL, NULL),
('CPM07.3-1-20 (N01)', '171201447', NULL, NULL, NULL),
('CPM07.3-1-20 (N01)', '171201479', NULL, NULL, NULL),
('CPM07.3-1-20 (N01)', '171201623', NULL, NULL, NULL),
('CPM07.3-1-20 (N01)', '171201724', NULL, NULL, NULL),
('CPM07.3-1-20 (N01)', '171201777', NULL, NULL, NULL),
('CPM07.3-1-20 (N01)', '171201876', NULL, NULL, NULL),
('CPM07.3-1-20 (N01)', '171201936', NULL, NULL, NULL),
('CPM07.3-1-20 (N01)', '171202011', NULL, NULL, NULL),
('CPM07.3-1-20 (N01)', '171202068', NULL, NULL, NULL),
('CPM07.3-1-20 (N01)', '171202169', NULL, NULL, NULL),
('CPM07.3-1-20 (N01)', '171202222', NULL, NULL, NULL),
('CPM07.3-1-20 (N01)', '171202313', NULL, NULL, NULL),
('CPM07.3-1-20 (N01)', '171202314', NULL, NULL, NULL),
('CPM07.3-1-20 (N01)', '171202364', NULL, NULL, NULL),
('CPM07.3-1-20 (N01)', '171202403', NULL, NULL, NULL),
('CPM07.3-1-20 (N01)', '171202447', NULL, NULL, NULL),
('CPM07.3-1-20 (N01)', '171202497', NULL, NULL, NULL),
('CPM07.3-1-20 (N01)', '171202723', NULL, NULL, NULL),
('CPM07.3-1-20 (N01)', '171202737', NULL, NULL, NULL),
('CPM07.3-1-20 (N01)', '171202746', NULL, NULL, NULL),
('CPM07.3-1-20 (N01)', '171202904', NULL, NULL, NULL),
('CPM07.3-1-20 (N01)', '171203068', NULL, NULL, NULL),
('CPM07.3-1-20 (N01)', '171203189', NULL, NULL, NULL),
('CPM07.3-1-20 (N01)', '171203272', NULL, NULL, NULL),
('CPM07.3-1-20 (N01)', '171203470', NULL, NULL, NULL),
('CPM07.3-1-20 (N01)', '171203480', NULL, NULL, NULL),
('CPM07.3-1-20 (N01)', '171203515', NULL, NULL, NULL),
('CPM07.3-1-20 (N01)', '171210142', NULL, NULL, NULL),
('CPM07.3-1-20 (N01)', '171210160', NULL, NULL, NULL),
('CPM07.3-1-20 (N01)', '171210187', NULL, NULL, NULL),
('CPM07.3-1-20 (N01)', '171210225', NULL, NULL, NULL),
('CPM07.3-1-20 (N01)', '171210861', NULL, NULL, NULL),
('CPM07.3-1-20 (N01)', '171211424', NULL, NULL, NULL),
('CPM07.3-1-20 (N01)', '171212264', NULL, NULL, NULL),
('CPM07.3-1-20 (N01)', '171212853', NULL, NULL, NULL),
('CPM07.3-1-20 (N01)', '881760006', NULL, NULL, NULL),
('CPM07.3-1-20 (N02)', '160702120', NULL, NULL, NULL),
('CPM07.3-1-20 (N02)', '160702168', NULL, NULL, NULL),
('CPM07.3-1-20 (N02)', '171200024', NULL, NULL, NULL),
('CPM07.3-1-20 (N02)', '171200150', NULL, NULL, NULL),
('CPM07.3-1-20 (N02)', '171200165', NULL, NULL, NULL),
('CPM07.3-1-20 (N02)', '171200201', NULL, NULL, NULL),
('CPM07.3-1-20 (N02)', '171200296', NULL, NULL, NULL),
('CPM07.3-1-20 (N02)', '171200448', NULL, NULL, NULL),
('CPM07.3-1-20 (N02)', '171200466', NULL, NULL, NULL),
('CPM07.3-1-20 (N02)', '171200474', NULL, NULL, NULL),
('CPM07.3-1-20 (N02)', '171200499', NULL, NULL, NULL),
('CPM07.3-1-20 (N02)', '171200534', NULL, NULL, NULL),
('CPM07.3-1-20 (N02)', '171200609', NULL, NULL, NULL),
('CPM07.3-1-20 (N02)', '171200700', NULL, NULL, NULL),
('CPM07.3-1-20 (N02)', '171200779', NULL, NULL, NULL),
('CPM07.3-1-20 (N02)', '171200794', NULL, NULL, NULL),
('CPM07.3-1-20 (N02)', '171200997', NULL, NULL, NULL),
('CPM07.3-1-20 (N02)', '171201102', NULL, NULL, NULL),
('CPM07.3-1-20 (N02)', '171201158', NULL, NULL, NULL),
('CPM07.3-1-20 (N02)', '171201300', NULL, NULL, NULL),
('CPM07.3-1-20 (N02)', '171201362', NULL, NULL, NULL),
('CPM07.3-1-20 (N02)', '171201440', NULL, NULL, NULL),
('CPM07.3-1-20 (N02)', '171201494', NULL, NULL, NULL),
('CPM07.3-1-20 (N02)', '171201525', NULL, NULL, NULL),
('CPM07.3-1-20 (N02)', '171201636', NULL, NULL, NULL),
('CPM07.3-1-20 (N02)', '171201729', NULL, NULL, NULL),
('CPM07.3-1-20 (N02)', '171201760', NULL, NULL, NULL),
('CPM07.3-1-20 (N02)', '171201797', NULL, NULL, NULL),
('CPM07.3-1-20 (N02)', '171201879', NULL, NULL, NULL),
('CPM07.3-1-20 (N02)', '171201944', NULL, NULL, NULL),
('CPM07.3-1-20 (N02)', '171202016', NULL, NULL, NULL),
('CPM07.3-1-20 (N02)', '171202071', NULL, NULL, NULL),
('CPM07.3-1-20 (N02)', '171202225', NULL, NULL, NULL),
('CPM07.3-1-20 (N02)', '171202265', NULL, NULL, NULL),
('CPM07.3-1-20 (N02)', '171202324', NULL, NULL, NULL),
('CPM07.3-1-20 (N02)', '171202372', NULL, NULL, NULL),
('CPM07.3-1-20 (N02)', '171202385', NULL, NULL, NULL),
('CPM07.3-1-20 (N02)', '171202404', NULL, NULL, NULL),
('CPM07.3-1-20 (N02)', '171202503', NULL, NULL, NULL),
('CPM07.3-1-20 (N02)', '171202726', NULL, NULL, NULL),
('CPM07.3-1-20 (N02)', '171202767', NULL, NULL, NULL),
('CPM07.3-1-20 (N02)', '171202869', NULL, NULL, NULL),
('CPM07.3-1-20 (N02)', '171202981', NULL, NULL, NULL),
('CPM07.3-1-20 (N02)', '171203071', NULL, NULL, NULL),
('CPM07.3-1-20 (N02)', '171203202', NULL, NULL, NULL),
('CPM07.3-1-20 (N02)', '171203511', NULL, NULL, NULL),
('CPM07.3-1-20 (N02)', '171203519', NULL, NULL, NULL),
('CPM07.3-1-20 (N02)', '171210012', NULL, NULL, NULL),
('CPM07.3-1-20 (N02)', '171210104', NULL, NULL, NULL),
('CPM07.3-1-20 (N02)', '171210758', NULL, NULL, NULL),
('CPM07.3-1-20 (N02)', '171212125', NULL, NULL, NULL),
('CPM07.3-1-20 (N02)', '171212200', NULL, NULL, NULL),
('CPM07.3-1-20 (N03)', '1406968', NULL, NULL, NULL),
('CPM07.3-1-20 (N03)', '171200013', NULL, NULL, NULL),
('CPM07.3-1-20 (N03)', '171200031', NULL, NULL, NULL),
('CPM07.3-1-20 (N03)', '171200127', NULL, NULL, NULL),
('CPM07.3-1-20 (N03)', '171200301', NULL, NULL, NULL),
('CPM07.3-1-20 (N03)', '171200396', NULL, NULL, NULL),
('CPM07.3-1-20 (N03)', '171200455', NULL, NULL, NULL),
('CPM07.3-1-20 (N03)', '171200475', NULL, NULL, NULL),
('CPM07.3-1-20 (N03)', '171200506', NULL, NULL, NULL),
('CPM07.3-1-20 (N03)', '171200552', NULL, NULL, NULL),
('CPM07.3-1-20 (N03)', '171200563', NULL, NULL, NULL),
('CPM07.3-1-20 (N03)', '171200585', NULL, NULL, NULL),
('CPM07.3-1-20 (N03)', '171200616', NULL, NULL, NULL),
('CPM07.3-1-20 (N03)', '171200705', NULL, NULL, NULL),
('CPM07.3-1-20 (N03)', '171200780', NULL, NULL, NULL),
('CPM07.3-1-20 (N03)', '171200902', NULL, NULL, NULL),
('CPM07.3-1-20 (N03)', '171201160', NULL, NULL, NULL),
('CPM07.3-1-20 (N03)', '171201228', NULL, NULL, NULL),
('CPM07.3-1-20 (N03)', '171201317', NULL, NULL, NULL),
('CPM07.3-1-20 (N03)', '171201369', NULL, NULL, NULL),
('CPM07.3-1-20 (N03)', '171201396', NULL, NULL, NULL),
('CPM07.3-1-20 (N03)', '171201446', NULL, NULL, NULL),
('CPM07.3-1-20 (N03)', '171201648', NULL, NULL, NULL),
('CPM07.3-1-20 (N03)', '171201758', NULL, NULL, NULL),
('CPM07.3-1-20 (N03)', '171201863', NULL, NULL, NULL),
('CPM07.3-1-20 (N03)', '171201895', NULL, NULL, NULL),
('CPM07.3-1-20 (N03)', '171201955', NULL, NULL, NULL),
('CPM07.3-1-20 (N03)', '171202022', NULL, NULL, NULL),
('CPM07.3-1-20 (N03)', '171202078', NULL, NULL, NULL),
('CPM07.3-1-20 (N03)', '171202145', NULL, NULL, NULL),
('CPM07.3-1-20 (N03)', '171202168', NULL, NULL, NULL),
('CPM07.3-1-20 (N03)', '171202209', NULL, NULL, NULL),
('CPM07.3-1-20 (N03)', '171202255', NULL, NULL, NULL),
('CPM07.3-1-20 (N03)', '171202266', NULL, NULL, NULL),
('CPM07.3-1-20 (N03)', '171202409', NULL, NULL, NULL),
('CPM07.3-1-20 (N03)', '171202466', NULL, NULL, NULL),
('CPM07.3-1-20 (N03)', '171202676', NULL, NULL, NULL),
('CPM07.3-1-20 (N03)', '171202727', NULL, NULL, NULL),
('CPM07.3-1-20 (N03)', '171202793', NULL, NULL, NULL),
('CPM07.3-1-20 (N03)', '171202883', NULL, NULL, NULL),
('CPM07.3-1-20 (N03)', '171202952', NULL, NULL, NULL),
('CPM07.3-1-20 (N03)', '171203004', NULL, NULL, NULL),
('CPM07.3-1-20 (N03)', '171203083', NULL, NULL, NULL),
('CPM07.3-1-20 (N03)', '171203103', NULL, NULL, NULL),
('CPM07.3-1-20 (N03)', '171203242', NULL, NULL, NULL),
('CPM07.3-1-20 (N03)', '171203401', NULL, NULL, NULL),
('CPM07.3-1-20 (N03)', '171203513', NULL, NULL, NULL),
('CPM07.3-1-20 (N03)', '171210156', NULL, NULL, NULL),
('CPM07.3-1-20 (N03)', '171210167', NULL, NULL, NULL),
('CPM07.3-1-20 (N03)', '171210219', NULL, NULL, NULL),
('CPM07.3-1-20 (N03)', '171210908', NULL, NULL, NULL),
('CPM07.3-1-20 (N03)', '171211496', NULL, NULL, NULL),
('CPM07.3-1-20 (N03)', '171211596', NULL, NULL, NULL),
('CPM07.3-1-20 (N03)', '171212346', NULL, NULL, NULL),
('CPM07.3-1-20 (N03)', '171212668', NULL, NULL, NULL),
('CPM07.3-1-20 (N03)', '171213540', NULL, NULL, NULL),
('CPM07.3-1-20 (N04)', '151201102', NULL, NULL, NULL),
('CPM07.3-1-20 (N04)', '160702159', NULL, NULL, NULL),
('CPM07.3-1-20 (N04)', '171200130', NULL, NULL, NULL),
('CPM07.3-1-20 (N04)', '171200170', NULL, NULL, NULL),
('CPM07.3-1-20 (N04)', '171200232', NULL, NULL, NULL),
('CPM07.3-1-20 (N04)', '171200312', NULL, NULL, NULL),
('CPM07.3-1-20 (N04)', '171200397', NULL, NULL, NULL),
('CPM07.3-1-20 (N04)', '171200458', NULL, NULL, NULL),
('CPM07.3-1-20 (N04)', '171200469', NULL, NULL, NULL),
('CPM07.3-1-20 (N04)', '171200480', NULL, NULL, NULL),
('CPM07.3-1-20 (N04)', '171200511', NULL, NULL, NULL),
('CPM07.3-1-20 (N04)', '171200571', NULL, NULL, NULL),
('CPM07.3-1-20 (N04)', '171200623', NULL, NULL, NULL),
('CPM07.3-1-20 (N04)', '171200752', NULL, NULL, NULL),
('CPM07.3-1-20 (N04)', '171200785', NULL, NULL, NULL),
('CPM07.3-1-20 (N04)', '171200827', NULL, NULL, NULL),
('CPM07.3-1-20 (N04)', '171200928', NULL, NULL, NULL),
('CPM07.3-1-20 (N04)', '171201239', NULL, NULL, NULL),
('CPM07.3-1-20 (N04)', '171201330', NULL, NULL, NULL),
('CPM07.3-1-20 (N04)', '171201371', NULL, NULL, NULL),
('CPM07.3-1-20 (N04)', '171201468', NULL, NULL, NULL),
('CPM07.3-1-20 (N04)', '171201500', NULL, NULL, NULL),
('CPM07.3-1-20 (N04)', '171201614', NULL, NULL, NULL),
('CPM07.3-1-20 (N04)', '171201669', NULL, NULL, NULL),
('CPM07.3-1-20 (N04)', '171201776', NULL, NULL, NULL),
('CPM07.3-1-20 (N04)', '171201875', NULL, NULL, NULL),
('CPM07.3-1-20 (N04)', '171201933', NULL, NULL, NULL),
('CPM07.3-1-20 (N04)', '171201960', NULL, NULL, NULL),
('CPM07.3-1-20 (N04)', '171202064', NULL, NULL, NULL),
('CPM07.3-1-20 (N04)', '171202160', NULL, NULL, NULL),
('CPM07.3-1-20 (N04)', '171202219', NULL, NULL, NULL),
('CPM07.3-1-20 (N04)', '171202261', NULL, NULL, NULL),
('CPM07.3-1-20 (N04)', '171202299', NULL, NULL, NULL),
('CPM07.3-1-20 (N04)', '171202489', NULL, NULL, NULL),
('CPM07.3-1-20 (N04)', '171202682', NULL, NULL, NULL),
('CPM07.3-1-20 (N04)', '171202718', NULL, NULL, NULL),
('CPM07.3-1-20 (N04)', '171202729', NULL, NULL, NULL),
('CPM07.3-1-20 (N04)', '171202836', NULL, NULL, NULL),
('CPM07.3-1-20 (N04)', '171202884', NULL, NULL, NULL),
('CPM07.3-1-20 (N04)', '171202958', NULL, NULL, NULL),
('CPM07.3-1-20 (N04)', '171203055', NULL, NULL, NULL),
('CPM07.3-1-20 (N04)', '171203125', NULL, NULL, NULL),
('CPM07.3-1-20 (N04)', '171203441', NULL, NULL, NULL),
('CPM07.3-1-20 (N04)', '171203458', NULL, NULL, NULL),
('CPM07.3-1-20 (N04)', '171203514', NULL, NULL, NULL),
('CPM07.3-1-20 (N04)', '171203575', NULL, NULL, NULL),
('CPM07.3-1-20 (N04)', '171210015', NULL, NULL, NULL),
('CPM07.3-1-20 (N04)', '171210074', NULL, NULL, NULL),
('CPM07.3-1-20 (N04)', '171210220', NULL, NULL, NULL),
('CPM07.3-1-20 (N04)', '171210553', NULL, NULL, NULL),
('CPM07.3-1-20 (N04)', '171210588', NULL, NULL, NULL),
('CPM07.3-1-20 (N04)', '171211391', NULL, NULL, NULL),
('CPM07.3-1-20 (N04)', '171212097', NULL, NULL, NULL),
('CPM07.3-1-20 (N04)', '171212388', NULL, NULL, NULL),
('CPM07.3-1-20 (N04)', '171213248', NULL, NULL, NULL),
('CPM10.3-1-20 (N01)', '160704542', NULL, NULL, NULL),
('CPM10.3-1-20 (N01)', '171200011', NULL, NULL, NULL),
('CPM10.3-1-20 (N01)', '171200023', NULL, NULL, NULL),
('CPM10.3-1-20 (N01)', '171200038', NULL, NULL, NULL),
('CPM10.3-1-20 (N01)', '171200318', NULL, NULL, NULL),
('CPM10.3-1-20 (N01)', '171200418', NULL, NULL, NULL),
('CPM10.3-1-20 (N01)', '171200459', NULL, NULL, NULL),
('CPM10.3-1-20 (N01)', '171200471', NULL, NULL, NULL),
('CPM10.3-1-20 (N01)', '171200488', NULL, NULL, NULL),
('CPM10.3-1-20 (N01)', '171200526', NULL, NULL, NULL),
('CPM10.3-1-20 (N01)', '171200554', NULL, NULL, NULL),
('CPM10.3-1-20 (N01)', '171200596', NULL, NULL, NULL),
('CPM10.3-1-20 (N01)', '171200613', NULL, NULL, NULL),
('CPM10.3-1-20 (N01)', '171200684', NULL, NULL, NULL),
('CPM10.3-1-20 (N01)', '171200755', NULL, NULL, NULL),
('CPM10.3-1-20 (N01)', '171200791', NULL, NULL, NULL),
('CPM10.3-1-20 (N01)', '171201099', NULL, NULL, NULL),
('CPM10.3-1-20 (N01)', '171201147', NULL, NULL, NULL),
('CPM10.3-1-20 (N01)', '171201348', NULL, NULL, NULL),
('CPM10.3-1-20 (N01)', '171201447', NULL, NULL, NULL),
('CPM10.3-1-20 (N01)', '171201479', NULL, NULL, NULL),
('CPM10.3-1-20 (N01)', '171201623', NULL, NULL, NULL),
('CPM10.3-1-20 (N01)', '171201724', NULL, NULL, NULL),
('CPM10.3-1-20 (N01)', '171201777', NULL, NULL, NULL),
('CPM10.3-1-20 (N01)', '171201876', NULL, NULL, NULL),
('CPM10.3-1-20 (N01)', '171201936', NULL, NULL, NULL),
('CPM10.3-1-20 (N01)', '171202011', NULL, NULL, NULL),
('CPM10.3-1-20 (N01)', '171202068', NULL, NULL, NULL),
('CPM10.3-1-20 (N01)', '171202169', NULL, NULL, NULL),
('CPM10.3-1-20 (N01)', '171202222', NULL, NULL, NULL),
('CPM10.3-1-20 (N01)', '171202313', NULL, NULL, NULL),
('CPM10.3-1-20 (N01)', '171202314', NULL, NULL, NULL),
('CPM10.3-1-20 (N01)', '171202364', NULL, NULL, NULL),
('CPM10.3-1-20 (N01)', '171202403', NULL, NULL, NULL),
('CPM10.3-1-20 (N01)', '171202447', NULL, NULL, NULL),
('CPM10.3-1-20 (N01)', '171202497', NULL, NULL, NULL),
('CPM10.3-1-20 (N01)', '171202723', NULL, NULL, NULL),
('CPM10.3-1-20 (N01)', '171202737', NULL, NULL, NULL),
('CPM10.3-1-20 (N01)', '171202746', NULL, NULL, NULL),
('CPM10.3-1-20 (N01)', '171202904', NULL, NULL, NULL),
('CPM10.3-1-20 (N01)', '171203068', NULL, NULL, NULL),
('CPM10.3-1-20 (N01)', '171203189', NULL, NULL, NULL),
('CPM10.3-1-20 (N01)', '171203272', NULL, NULL, NULL),
('CPM10.3-1-20 (N01)', '171203470', NULL, NULL, NULL),
('CPM10.3-1-20 (N01)', '171203480', NULL, NULL, NULL),
('CPM10.3-1-20 (N01)', '171203515', NULL, NULL, NULL),
('CPM10.3-1-20 (N01)', '171210142', NULL, NULL, NULL),
('CPM10.3-1-20 (N01)', '171210160', NULL, NULL, NULL),
('CPM10.3-1-20 (N01)', '171210187', NULL, NULL, NULL),
('CPM10.3-1-20 (N01)', '171210225', NULL, NULL, NULL),
('CPM10.3-1-20 (N01)', '171210861', NULL, NULL, NULL),
('CPM10.3-1-20 (N01)', '171211424', NULL, NULL, NULL),
('CPM10.3-1-20 (N01)', '171212264', NULL, NULL, NULL),
('CPM10.3-1-20 (N01)', '171212853', NULL, NULL, NULL),
('CPM10.3-1-20 (N01)', '881760006', NULL, NULL, NULL),
('CPM10.3-1-20 (N02)', '160702120', NULL, NULL, NULL),
('CPM10.3-1-20 (N02)', '160702168', NULL, NULL, NULL),
('CPM10.3-1-20 (N02)', '171200024', NULL, NULL, NULL),
('CPM10.3-1-20 (N02)', '171200150', NULL, NULL, NULL),
('CPM10.3-1-20 (N02)', '171200165', NULL, NULL, NULL),
('CPM10.3-1-20 (N02)', '171200201', NULL, NULL, NULL),
('CPM10.3-1-20 (N02)', '171200296', NULL, NULL, NULL),
('CPM10.3-1-20 (N02)', '171200448', NULL, NULL, NULL),
('CPM10.3-1-20 (N02)', '171200466', NULL, NULL, NULL),
('CPM10.3-1-20 (N02)', '171200474', NULL, NULL, NULL),
('CPM10.3-1-20 (N02)', '171200499', NULL, NULL, NULL),
('CPM10.3-1-20 (N02)', '171200534', NULL, NULL, NULL),
('CPM10.3-1-20 (N02)', '171200609', NULL, NULL, NULL),
('CPM10.3-1-20 (N02)', '171200700', NULL, NULL, NULL),
('CPM10.3-1-20 (N02)', '171200779', NULL, NULL, NULL),
('CPM10.3-1-20 (N02)', '171200794', NULL, NULL, NULL),
('CPM10.3-1-20 (N02)', '171200997', NULL, NULL, NULL),
('CPM10.3-1-20 (N02)', '171201102', NULL, NULL, NULL),
('CPM10.3-1-20 (N02)', '171201158', NULL, NULL, NULL),
('CPM10.3-1-20 (N02)', '171201300', NULL, NULL, NULL),
('CPM10.3-1-20 (N02)', '171201362', NULL, NULL, NULL),
('CPM10.3-1-20 (N02)', '171201440', NULL, NULL, NULL),
('CPM10.3-1-20 (N02)', '171201494', NULL, NULL, NULL),
('CPM10.3-1-20 (N02)', '171201525', NULL, NULL, NULL),
('CPM10.3-1-20 (N02)', '171201636', NULL, NULL, NULL),
('CPM10.3-1-20 (N02)', '171201729', NULL, NULL, NULL),
('CPM10.3-1-20 (N02)', '171201760', NULL, NULL, NULL),
('CPM10.3-1-20 (N02)', '171201797', NULL, NULL, NULL),
('CPM10.3-1-20 (N02)', '171201879', NULL, NULL, NULL),
('CPM10.3-1-20 (N02)', '171201944', NULL, NULL, NULL),
('CPM10.3-1-20 (N02)', '171202016', NULL, NULL, NULL),
('CPM10.3-1-20 (N02)', '171202071', NULL, NULL, NULL),
('CPM10.3-1-20 (N02)', '171202225', NULL, NULL, NULL),
('CPM10.3-1-20 (N02)', '171202265', NULL, NULL, NULL),
('CPM10.3-1-20 (N02)', '171202324', NULL, NULL, NULL),
('CPM10.3-1-20 (N02)', '171202372', NULL, NULL, NULL),
('CPM10.3-1-20 (N02)', '171202385', NULL, NULL, NULL),
('CPM10.3-1-20 (N02)', '171202404', NULL, NULL, NULL),
('CPM10.3-1-20 (N02)', '171202503', NULL, NULL, NULL),
('CPM10.3-1-20 (N02)', '171202726', NULL, NULL, NULL),
('CPM10.3-1-20 (N02)', '171202767', NULL, NULL, NULL),
('CPM10.3-1-20 (N02)', '171202869', NULL, NULL, NULL),
('CPM10.3-1-20 (N02)', '171202981', NULL, NULL, NULL),
('CPM10.3-1-20 (N02)', '171203071', NULL, NULL, NULL),
('CPM10.3-1-20 (N02)', '171203202', NULL, NULL, NULL),
('CPM10.3-1-20 (N02)', '171203511', NULL, NULL, NULL),
('CPM10.3-1-20 (N02)', '171203519', NULL, NULL, NULL),
('CPM10.3-1-20 (N02)', '171210012', NULL, NULL, NULL),
('CPM10.3-1-20 (N02)', '171210104', NULL, NULL, NULL),
('CPM10.3-1-20 (N02)', '171210758', NULL, NULL, NULL),
('CPM10.3-1-20 (N02)', '171212125', NULL, NULL, NULL),
('CPM10.3-1-20 (N02)', '171212200', NULL, NULL, NULL),
('CPM10.3-1-20 (N02)', '991790002', NULL, NULL, NULL),
('CPM10.3-1-20 (N03)', '151202493', NULL, NULL, NULL),
('CPM10.3-1-20 (N03)', '160702263', NULL, NULL, NULL),
('CPM10.3-1-20 (N03)', '171200013', NULL, NULL, NULL),
('CPM10.3-1-20 (N03)', '171200031', NULL, NULL, NULL),
('CPM10.3-1-20 (N03)', '171200127', NULL, NULL, NULL),
('CPM10.3-1-20 (N03)', '171200301', NULL, NULL, NULL),
('CPM10.3-1-20 (N03)', '171200396', NULL, NULL, NULL),
('CPM10.3-1-20 (N03)', '171200455', NULL, NULL, NULL),
('CPM10.3-1-20 (N03)', '171200475', NULL, NULL, NULL),
('CPM10.3-1-20 (N03)', '171200506', NULL, NULL, NULL),
('CPM10.3-1-20 (N03)', '171200552', NULL, NULL, NULL),
('CPM10.3-1-20 (N03)', '171200563', NULL, NULL, NULL),
('CPM10.3-1-20 (N03)', '171200585', NULL, NULL, NULL),
('CPM10.3-1-20 (N03)', '171200616', NULL, NULL, NULL),
('CPM10.3-1-20 (N03)', '171200705', NULL, NULL, NULL),
('CPM10.3-1-20 (N03)', '171200780', NULL, NULL, NULL),
('CPM10.3-1-20 (N03)', '171200902', NULL, NULL, NULL),
('CPM10.3-1-20 (N03)', '171201160', NULL, NULL, NULL),
('CPM10.3-1-20 (N03)', '171201228', NULL, NULL, NULL),
('CPM10.3-1-20 (N03)', '171201317', NULL, NULL, NULL),
('CPM10.3-1-20 (N03)', '171201369', NULL, NULL, NULL),
('CPM10.3-1-20 (N03)', '171201396', NULL, NULL, NULL),
('CPM10.3-1-20 (N03)', '171201446', NULL, NULL, NULL),
('CPM10.3-1-20 (N03)', '171201648', NULL, NULL, NULL),
('CPM10.3-1-20 (N03)', '171201758', NULL, NULL, NULL),
('CPM10.3-1-20 (N03)', '171201863', NULL, NULL, NULL),
('CPM10.3-1-20 (N03)', '171201895', NULL, NULL, NULL),
('CPM10.3-1-20 (N03)', '171201955', NULL, NULL, NULL),
('CPM10.3-1-20 (N03)', '171202022', NULL, NULL, NULL),
('CPM10.3-1-20 (N03)', '171202078', NULL, NULL, NULL),
('CPM10.3-1-20 (N03)', '171202145', NULL, NULL, NULL),
('CPM10.3-1-20 (N03)', '171202168', NULL, NULL, NULL),
('CPM10.3-1-20 (N03)', '171202209', NULL, NULL, NULL),
('CPM10.3-1-20 (N03)', '171202255', NULL, NULL, NULL),
('CPM10.3-1-20 (N03)', '171202266', NULL, NULL, NULL),
('CPM10.3-1-20 (N03)', '171202409', NULL, NULL, NULL),
('CPM10.3-1-20 (N03)', '171202466', NULL, NULL, NULL),
('CPM10.3-1-20 (N03)', '171202676', NULL, NULL, NULL),
('CPM10.3-1-20 (N03)', '171202727', NULL, NULL, NULL),
('CPM10.3-1-20 (N03)', '171202793', NULL, NULL, NULL),
('CPM10.3-1-20 (N03)', '171202883', NULL, NULL, NULL),
('CPM10.3-1-20 (N03)', '171202952', NULL, NULL, NULL),
('CPM10.3-1-20 (N03)', '171203004', NULL, NULL, NULL),
('CPM10.3-1-20 (N03)', '171203083', NULL, NULL, NULL),
('CPM10.3-1-20 (N03)', '171203103', NULL, NULL, NULL),
('CPM10.3-1-20 (N03)', '171203242', NULL, NULL, NULL),
('CPM10.3-1-20 (N03)', '171203401', NULL, NULL, NULL),
('CPM10.3-1-20 (N03)', '171203513', NULL, NULL, NULL),
('CPM10.3-1-20 (N03)', '171210156', NULL, NULL, NULL),
('CPM10.3-1-20 (N03)', '171210167', NULL, NULL, NULL),
('CPM10.3-1-20 (N03)', '171210219', NULL, NULL, NULL),
('CPM10.3-1-20 (N03)', '171210908', NULL, NULL, NULL),
('CPM10.3-1-20 (N03)', '171211496', NULL, NULL, NULL),
('CPM10.3-1-20 (N03)', '171211596', NULL, NULL, NULL),
('CPM10.3-1-20 (N03)', '171212346', NULL, NULL, NULL),
('CPM10.3-1-20 (N03)', '171212668', NULL, NULL, NULL),
('CPM10.3-1-20 (N03)', '171213540', NULL, NULL, NULL),
('CPM10.3-1-20 (N04)', '171200130', NULL, NULL, NULL),
('CPM10.3-1-20 (N04)', '171200170', NULL, NULL, NULL),
('CPM10.3-1-20 (N04)', '171200232', NULL, NULL, NULL),
('CPM10.3-1-20 (N04)', '171200312', NULL, NULL, NULL),
('CPM10.3-1-20 (N04)', '171200397', NULL, NULL, NULL),
('CPM10.3-1-20 (N04)', '171200458', NULL, NULL, NULL),
('CPM10.3-1-20 (N04)', '171200469', NULL, NULL, NULL),
('CPM10.3-1-20 (N04)', '171200480', NULL, NULL, NULL),
('CPM10.3-1-20 (N04)', '171200511', NULL, NULL, NULL),
('CPM10.3-1-20 (N04)', '171200571', NULL, NULL, NULL),
('CPM10.3-1-20 (N04)', '171200623', NULL, NULL, NULL),
('CPM10.3-1-20 (N04)', '171200752', NULL, NULL, NULL),
('CPM10.3-1-20 (N04)', '171200785', NULL, NULL, NULL),
('CPM10.3-1-20 (N04)', '171200827', NULL, NULL, NULL),
('CPM10.3-1-20 (N04)', '171200928', NULL, NULL, NULL),
('CPM10.3-1-20 (N04)', '171201239', NULL, NULL, NULL),
('CPM10.3-1-20 (N04)', '171201330', NULL, NULL, NULL),
('CPM10.3-1-20 (N04)', '171201371', NULL, NULL, NULL),
('CPM10.3-1-20 (N04)', '171201468', NULL, NULL, NULL),
('CPM10.3-1-20 (N04)', '171201500', NULL, NULL, NULL),
('CPM10.3-1-20 (N04)', '171201614', NULL, NULL, NULL),
('CPM10.3-1-20 (N04)', '171201669', NULL, NULL, NULL),
('CPM10.3-1-20 (N04)', '171201776', NULL, NULL, NULL),
('CPM10.3-1-20 (N04)', '171201875', NULL, NULL, NULL),
('CPM10.3-1-20 (N04)', '171201933', NULL, NULL, NULL),
('CPM10.3-1-20 (N04)', '171201960', NULL, NULL, NULL),
('CPM10.3-1-20 (N04)', '171202064', NULL, NULL, NULL),
('CPM10.3-1-20 (N04)', '171202160', NULL, NULL, NULL),
('CPM10.3-1-20 (N04)', '171202219', NULL, NULL, NULL),
('CPM10.3-1-20 (N04)', '171202261', NULL, NULL, NULL),
('CPM10.3-1-20 (N04)', '171202299', NULL, NULL, NULL),
('CPM10.3-1-20 (N04)', '171202489', NULL, NULL, NULL),
('CPM10.3-1-20 (N04)', '171202682', NULL, NULL, NULL),
('CPM10.3-1-20 (N04)', '171202718', NULL, NULL, NULL),
('CPM10.3-1-20 (N04)', '171202729', NULL, NULL, NULL),
('CPM10.3-1-20 (N04)', '171202836', NULL, NULL, NULL),
('CPM10.3-1-20 (N04)', '171202884', NULL, NULL, NULL),
('CPM10.3-1-20 (N04)', '171202958', NULL, NULL, NULL),
('CPM10.3-1-20 (N04)', '171203055', NULL, NULL, NULL),
('CPM10.3-1-20 (N04)', '171203125', NULL, NULL, NULL),
('CPM10.3-1-20 (N04)', '171203441', NULL, NULL, NULL),
('CPM10.3-1-20 (N04)', '171203458', NULL, NULL, NULL),
('CPM10.3-1-20 (N04)', '171203514', NULL, NULL, NULL),
('CPM10.3-1-20 (N04)', '171203575', NULL, NULL, NULL),
('CPM10.3-1-20 (N04)', '171210015', NULL, NULL, NULL),
('CPM10.3-1-20 (N04)', '171210074', NULL, NULL, NULL),
('CPM10.3-1-20 (N04)', '171210220', NULL, NULL, NULL),
('CPM10.3-1-20 (N04)', '171210553', NULL, NULL, NULL),
('CPM10.3-1-20 (N04)', '171210588', NULL, NULL, NULL),
('CPM10.3-1-20 (N04)', '171211391', NULL, NULL, NULL),
('CPM10.3-1-20 (N04)', '171212097', NULL, NULL, NULL),
('CPM10.3-1-20 (N04)', '171212388', NULL, NULL, NULL),
('CPM10.3-1-20 (N04)', '171213248', NULL, NULL, NULL),
('CPM211.3-1-20 (N01)', '160702271', NULL, NULL, NULL),
('CPM211.3-1-20 (N01)', '171201479', NULL, NULL, NULL),
('CPM211.3-1-20 (N01)', '171201936', NULL, NULL, NULL),
('CPM211.3-1-20 (N01)', '171510196', NULL, NULL, NULL),
('CPM211.3-1-20 (N01)', '181200376', NULL, NULL, NULL),
('CPM211.3-1-20 (N01)', '181200401', NULL, NULL, NULL),
('CPM211.3-1-20 (N01)', '181200545', NULL, NULL, NULL),
('CPM211.3-1-20 (N01)', '181200549', NULL, NULL, NULL),
('CPM211.3-1-20 (N01)', '181200610', NULL, NULL, NULL),
('CPM211.3-1-20 (N01)', '181200770', NULL, NULL, NULL),
('CPM211.3-1-20 (N01)', '181200814', NULL, NULL, NULL),
('CPM211.3-1-20 (N01)', '181200830', NULL, NULL, NULL),
('CPM211.3-1-20 (N01)', '181200834', NULL, NULL, NULL),
('CPM211.3-1-20 (N01)', '181200839', NULL, NULL, NULL),
('CPM211.3-1-20 (N01)', '181200916', NULL, NULL, NULL),
('CPM211.3-1-20 (N01)', '181200938', NULL, NULL, NULL),
('CPM211.3-1-20 (N01)', '181201168', NULL, NULL, NULL),
('CPM211.3-1-20 (N01)', '181201410', NULL, NULL, NULL),
('CPM211.3-1-20 (N01)', '181201589', NULL, NULL, NULL),
('CPM211.3-1-20 (N01)', '181201828', NULL, NULL, NULL),
('CPM211.3-1-20 (N01)', '181201867', NULL, NULL, NULL),
('CPM211.3-1-20 (N01)', '181202020', NULL, NULL, NULL),
('CPM211.3-1-20 (N01)', '181202127', NULL, NULL, NULL),
('CPM211.3-1-20 (N01)', '181202183', NULL, NULL, NULL),
('CPM211.3-1-20 (N01)', '181202200', NULL, NULL, NULL),
('CPM211.3-1-20 (N01)', '181202227', NULL, NULL, NULL),
('CPM211.3-1-20 (N01)', '181202279', NULL, NULL, NULL),
('CPM211.3-1-20 (N01)', '181202289', NULL, NULL, NULL),
('CPM211.3-1-20 (N01)', '181202292', NULL, NULL, NULL),
('CPM211.3-1-20 (N01)', '181202377', NULL, NULL, NULL),
('CPM211.3-1-20 (N01)', '181202417', NULL, NULL, NULL),
('CPM211.3-1-20 (N01)', '181202577', NULL, NULL, NULL),
('CPM211.3-1-20 (N01)', '181202654', NULL, NULL, NULL),
('CPM211.3-1-20 (N01)', '181202839', NULL, NULL, NULL),
('CPM211.3-1-20 (N01)', '181202862', NULL, NULL, NULL),
('CPM211.3-1-20 (N01)', '181202886', NULL, NULL, NULL),
('CPM211.3-1-20 (N01)', '181202999', NULL, NULL, NULL),
('CPM211.3-1-20 (N01)', '181203140', NULL, NULL, NULL),
('CPM211.3-1-20 (N01)', '181203187', NULL, NULL, NULL),
('CPM211.3-1-20 (N01)', '181203241', NULL, NULL, NULL),
('CPM211.3-1-20 (N01)', '181203243', NULL, NULL, NULL),
('CPM211.3-1-20 (N01)', '181203247', NULL, NULL, NULL),
('CPM211.3-1-20 (N01)', '181203423', NULL, NULL, NULL),
('CPM211.3-1-20 (N01)', '181203458', NULL, NULL, NULL),
('CPM211.3-1-20 (N01)', '181203460', NULL, NULL, NULL),
('CPM211.3-1-20 (N01)', '181203530', NULL, NULL, NULL),
('CPM211.3-1-20 (N01)', '181203531', NULL, NULL, NULL),
('CPM211.3-1-20 (N01)', '181203621', NULL, NULL, NULL),
('CPM211.3-1-20 (N01)', '181203812', NULL, NULL, NULL),
('CPM211.3-1-20 (N01)', '181210042', NULL, NULL, NULL),
('CPM211.3-1-20 (N01)', '181210162', NULL, NULL, NULL),
('CPM211.3-1-20 (N01)', '181210257', NULL, NULL, NULL),
('CPM211.3-1-20 (N01)', '181210278', NULL, NULL, NULL),
('CPM211.3-1-20 (N01)', '181210367', NULL, NULL, NULL),
('CPM211.3-1-20 (N01)', '181210385', NULL, NULL, NULL),
('CPM211.3-1-20 (N01)', '181210426', NULL, NULL, NULL),
('CPM211.3-1-20 (N01)', '181211071', NULL, NULL, NULL),
('CPM211.3-1-20 (N01)', '181211577', NULL, NULL, NULL),
('CPM211.3-1-20 (N01)', '181211817', NULL, NULL, NULL),
('CPM211.3-1-20 (N01)', '181211927', NULL, NULL, NULL);
INSERT INTO participate (id_module_class, id_student, process_score, test_score, theoretical_score) VALUES
('CPM211.3-1-20 (N01)', '181212011', NULL, NULL, NULL),
('CPM211.3-1-20 (N01)', '181212110', NULL, NULL, NULL),
('CPM211.3-1-20 (N01)', '181212423', NULL, NULL, NULL),
('CPM211.3-1-20 (N01)', '181213053', NULL, NULL, NULL),
('CPM211.3-1-20 (N01)', '181213164', NULL, NULL, NULL),
('CPM211.3-1-20 (N01)', '181213373', NULL, NULL, NULL),
('CPM211.3-1-20 (N01)', '181213379', NULL, NULL, NULL),
('CPM211.3-1-20 (N01)', '181213616', NULL, NULL, NULL),
('CPM211.3-1-20 (N01)', '181213890', NULL, NULL, NULL),
('CPM211.3-1-20 (N01)', '181230438', NULL, NULL, NULL),
('CPM211.3-1-20 (N01)', '881891002', NULL, NULL, NULL),
('CPM211.3-1-20 (N01)', '881891005', NULL, NULL, NULL),
('CPM211.3-1-20 (N01)', 'V181604559', NULL, NULL, NULL),
('CPM211.3-1-20 (N01)', 'V181613655', NULL, NULL, NULL),
('CPM211.3-1-20 (N02)', '160704557', NULL, NULL, NULL),
('CPM211.3-1-20 (N02)', '181200084', NULL, NULL, NULL),
('CPM211.3-1-20 (N02)', '181200448', NULL, NULL, NULL),
('CPM211.3-1-20 (N02)', '181200551', NULL, NULL, NULL),
('CPM211.3-1-20 (N02)', '181200616', NULL, NULL, NULL),
('CPM211.3-1-20 (N02)', '181200697', NULL, NULL, NULL),
('CPM211.3-1-20 (N02)', '181200747', NULL, NULL, NULL),
('CPM211.3-1-20 (N02)', '181200752', NULL, NULL, NULL),
('CPM211.3-1-20 (N02)', '181200783', NULL, NULL, NULL),
('CPM211.3-1-20 (N02)', '181200812', NULL, NULL, NULL),
('CPM211.3-1-20 (N02)', '181200857', NULL, NULL, NULL),
('CPM211.3-1-20 (N02)', '181200861', NULL, NULL, NULL),
('CPM211.3-1-20 (N02)', '181201313', NULL, NULL, NULL),
('CPM211.3-1-20 (N02)', '181201403', NULL, NULL, NULL),
('CPM211.3-1-20 (N02)', '181201458', NULL, NULL, NULL),
('CPM211.3-1-20 (N02)', '181201503', NULL, NULL, NULL),
('CPM211.3-1-20 (N02)', '181201622', NULL, NULL, NULL),
('CPM211.3-1-20 (N02)', '181201630', NULL, NULL, NULL),
('CPM211.3-1-20 (N02)', '181201824', NULL, NULL, NULL),
('CPM211.3-1-20 (N02)', '181201841', NULL, NULL, NULL),
('CPM211.3-1-20 (N02)', '181201905', NULL, NULL, NULL),
('CPM211.3-1-20 (N02)', '181201995', NULL, NULL, NULL),
('CPM211.3-1-20 (N02)', '181202066', NULL, NULL, NULL),
('CPM211.3-1-20 (N02)', '181202094', NULL, NULL, NULL),
('CPM211.3-1-20 (N02)', '181202201', NULL, NULL, NULL),
('CPM211.3-1-20 (N02)', '181202231', NULL, NULL, NULL),
('CPM211.3-1-20 (N02)', '181202249', NULL, NULL, NULL),
('CPM211.3-1-20 (N02)', '181202264', NULL, NULL, NULL),
('CPM211.3-1-20 (N02)', '181202276', NULL, NULL, NULL),
('CPM211.3-1-20 (N02)', '181202286', NULL, NULL, NULL),
('CPM211.3-1-20 (N02)', '181202287', NULL, NULL, NULL),
('CPM211.3-1-20 (N02)', '181202342', NULL, NULL, NULL),
('CPM211.3-1-20 (N02)', '181202412', NULL, NULL, NULL),
('CPM211.3-1-20 (N02)', '181202480', NULL, NULL, NULL),
('CPM211.3-1-20 (N02)', '181202483', NULL, NULL, NULL),
('CPM211.3-1-20 (N02)', '181202600', NULL, NULL, NULL),
('CPM211.3-1-20 (N02)', '181202626', NULL, NULL, NULL),
('CPM211.3-1-20 (N02)', '181202681', NULL, NULL, NULL),
('CPM211.3-1-20 (N02)', '181202718', NULL, NULL, NULL),
('CPM211.3-1-20 (N02)', '181202916', NULL, NULL, NULL),
('CPM211.3-1-20 (N02)', '181202983', NULL, NULL, NULL),
('CPM211.3-1-20 (N02)', '181203007', NULL, NULL, NULL),
('CPM211.3-1-20 (N02)', '181203050', NULL, NULL, NULL),
('CPM211.3-1-20 (N02)', '181203186', NULL, NULL, NULL),
('CPM211.3-1-20 (N02)', '181203234', NULL, NULL, NULL),
('CPM211.3-1-20 (N02)', '181203244', NULL, NULL, NULL),
('CPM211.3-1-20 (N02)', '181203411', NULL, NULL, NULL),
('CPM211.3-1-20 (N02)', '181203481', NULL, NULL, NULL),
('CPM211.3-1-20 (N02)', '181203522', NULL, NULL, NULL),
('CPM211.3-1-20 (N02)', '181203561', NULL, NULL, NULL),
('CPM211.3-1-20 (N02)', '181203797', NULL, NULL, NULL),
('CPM211.3-1-20 (N02)', '181203886', NULL, NULL, NULL),
('CPM211.3-1-20 (N02)', '181203887', NULL, NULL, NULL),
('CPM211.3-1-20 (N02)', '181203948', NULL, NULL, NULL),
('CPM211.3-1-20 (N02)', '181203962', NULL, NULL, NULL),
('CPM211.3-1-20 (N02)', '181203997', NULL, NULL, NULL),
('CPM211.3-1-20 (N02)', '181204016', NULL, NULL, NULL),
('CPM211.3-1-20 (N02)', '181204095', NULL, NULL, NULL),
('CPM211.3-1-20 (N02)', '181210030', NULL, NULL, NULL),
('CPM211.3-1-20 (N02)', '181210075', NULL, NULL, NULL),
('CPM211.3-1-20 (N02)', '181210395', NULL, NULL, NULL),
('CPM211.3-1-20 (N02)', '181210450', NULL, NULL, NULL),
('CPM211.3-1-20 (N02)', '181210621', NULL, NULL, NULL),
('CPM211.3-1-20 (N02)', '181210764', NULL, NULL, NULL),
('CPM211.3-1-20 (N02)', '181211533', NULL, NULL, NULL),
('CPM211.3-1-20 (N02)', '181211884', NULL, NULL, NULL),
('CPM211.3-1-20 (N02)', '181230078', NULL, NULL, NULL),
('CPM211.3-1-20 (N02)', '181230217', NULL, NULL, NULL),
('CPM211.3-1-20 (N03)', '160702168', NULL, NULL, NULL),
('CPM211.3-1-20 (N03)', '160702277', NULL, NULL, NULL),
('CPM211.3-1-20 (N03)', '160704545', NULL, NULL, NULL),
('CPM211.3-1-20 (N03)', '171201797', NULL, NULL, NULL),
('CPM211.3-1-20 (N03)', '181200299', NULL, NULL, NULL),
('CPM211.3-1-20 (N03)', '181200390', NULL, NULL, NULL),
('CPM211.3-1-20 (N03)', '181200425', NULL, NULL, NULL),
('CPM211.3-1-20 (N03)', '181200566', NULL, NULL, NULL),
('CPM211.3-1-20 (N03)', '181200651', NULL, NULL, NULL),
('CPM211.3-1-20 (N03)', '181200683', NULL, NULL, NULL),
('CPM211.3-1-20 (N03)', '181200766', NULL, NULL, NULL),
('CPM211.3-1-20 (N03)', '181200777', NULL, NULL, NULL),
('CPM211.3-1-20 (N03)', '181200912', NULL, NULL, NULL),
('CPM211.3-1-20 (N03)', '181200921', NULL, NULL, NULL),
('CPM211.3-1-20 (N03)', '181201088', NULL, NULL, NULL),
('CPM211.3-1-20 (N03)', '181201176', NULL, NULL, NULL),
('CPM211.3-1-20 (N03)', '181201226', NULL, NULL, NULL),
('CPM211.3-1-20 (N03)', '181201248', NULL, NULL, NULL),
('CPM211.3-1-20 (N03)', '181201482', NULL, NULL, NULL),
('CPM211.3-1-20 (N03)', '181201611', NULL, NULL, NULL),
('CPM211.3-1-20 (N03)', '181201629', NULL, NULL, NULL),
('CPM211.3-1-20 (N03)', '181201651', NULL, NULL, NULL),
('CPM211.3-1-20 (N03)', '181201683', NULL, NULL, NULL),
('CPM211.3-1-20 (N03)', '181201699', NULL, NULL, NULL),
('CPM211.3-1-20 (N03)', '181201766', NULL, NULL, NULL),
('CPM211.3-1-20 (N03)', '181201868', NULL, NULL, NULL),
('CPM211.3-1-20 (N03)', '181202070', NULL, NULL, NULL),
('CPM211.3-1-20 (N03)', '181202147', NULL, NULL, NULL),
('CPM211.3-1-20 (N03)', '181202209', NULL, NULL, NULL),
('CPM211.3-1-20 (N03)', '181202326', NULL, NULL, NULL),
('CPM211.3-1-20 (N03)', '181202446', NULL, NULL, NULL),
('CPM211.3-1-20 (N03)', '181202473', NULL, NULL, NULL),
('CPM211.3-1-20 (N03)', '181202508', NULL, NULL, NULL),
('CPM211.3-1-20 (N03)', '181202589', NULL, NULL, NULL),
('CPM211.3-1-20 (N03)', '181202642', NULL, NULL, NULL),
('CPM211.3-1-20 (N03)', '181202727', NULL, NULL, NULL),
('CPM211.3-1-20 (N03)', '181202781', NULL, NULL, NULL),
('CPM211.3-1-20 (N03)', '181202785', NULL, NULL, NULL),
('CPM211.3-1-20 (N03)', '181202938', NULL, NULL, NULL),
('CPM211.3-1-20 (N03)', '181202977', NULL, NULL, NULL),
('CPM211.3-1-20 (N03)', '181202980', NULL, NULL, NULL),
('CPM211.3-1-20 (N03)', '181203034', NULL, NULL, NULL),
('CPM211.3-1-20 (N03)', '181203041', NULL, NULL, NULL),
('CPM211.3-1-20 (N03)', '181203048', NULL, NULL, NULL),
('CPM211.3-1-20 (N03)', '181203068', NULL, NULL, NULL),
('CPM211.3-1-20 (N03)', '181203069', NULL, NULL, NULL),
('CPM211.3-1-20 (N03)', '181203181', NULL, NULL, NULL),
('CPM211.3-1-20 (N03)', '181203202', NULL, NULL, NULL),
('CPM211.3-1-20 (N03)', '181203231', NULL, NULL, NULL),
('CPM211.3-1-20 (N03)', '181203302', NULL, NULL, NULL),
('CPM211.3-1-20 (N03)', '181203305', NULL, NULL, NULL),
('CPM211.3-1-20 (N03)', '181203827', NULL, NULL, NULL),
('CPM211.3-1-20 (N03)', '181203858', NULL, NULL, NULL),
('CPM211.3-1-20 (N03)', '181210088', NULL, NULL, NULL),
('CPM211.3-1-20 (N03)', '181210341', NULL, NULL, NULL),
('CPM211.3-1-20 (N03)', '181210675', NULL, NULL, NULL),
('CPM211.3-1-20 (N03)', '181210997', NULL, NULL, NULL),
('CPM211.3-1-20 (N03)', '181211416', NULL, NULL, NULL),
('CPM211.3-1-20 (N03)', '181211707', NULL, NULL, NULL),
('CPM211.3-1-20 (N03)', '181211737', NULL, NULL, NULL),
('CPM211.3-1-20 (N03)', '181211854', NULL, NULL, NULL),
('CPM211.3-1-20 (N03)', '181213396', NULL, NULL, NULL),
('CPM211.3-1-20 (N03)', '181213609', NULL, NULL, NULL),
('CPM211.3-1-20 (N03)', '181213624', NULL, NULL, NULL),
('CPM211.3-1-20 (N03)', '181230369', NULL, NULL, NULL),
('CPM211.3-1-20 (N03)', '181230393', NULL, NULL, NULL),
('CPM211.3-1-20 (N03)', '181233102', NULL, NULL, NULL),
('CPM211.3-1-20 (N03)', '181233518', NULL, NULL, NULL),
('CPM211.3-1-20 (N04)', '181200024', NULL, NULL, NULL),
('CPM211.3-1-20 (N04)', '181200133', NULL, NULL, NULL),
('CPM211.3-1-20 (N04)', '181200171', NULL, NULL, NULL),
('CPM211.3-1-20 (N04)', '181200351', NULL, NULL, NULL),
('CPM211.3-1-20 (N04)', '181200380', NULL, NULL, NULL),
('CPM211.3-1-20 (N04)', '181200406', NULL, NULL, NULL),
('CPM211.3-1-20 (N04)', '181200582', NULL, NULL, NULL),
('CPM211.3-1-20 (N04)', '181200767', NULL, NULL, NULL),
('CPM211.3-1-20 (N04)', '181200836', NULL, NULL, NULL),
('CPM211.3-1-20 (N04)', '181200875', NULL, NULL, NULL),
('CPM211.3-1-20 (N04)', '181201020', NULL, NULL, NULL),
('CPM211.3-1-20 (N04)', '181201022', NULL, NULL, NULL),
('CPM211.3-1-20 (N04)', '181201076', NULL, NULL, NULL),
('CPM211.3-1-20 (N04)', '181201178', NULL, NULL, NULL),
('CPM211.3-1-20 (N04)', '181201436', NULL, NULL, NULL),
('CPM211.3-1-20 (N04)', '181201649', NULL, NULL, NULL),
('CPM211.3-1-20 (N04)', '181201664', NULL, NULL, NULL),
('CPM211.3-1-20 (N04)', '181201708', NULL, NULL, NULL),
('CPM211.3-1-20 (N04)', '181201714', NULL, NULL, NULL),
('CPM211.3-1-20 (N04)', '181201732', NULL, NULL, NULL),
('CPM211.3-1-20 (N04)', '181201831', NULL, NULL, NULL),
('CPM211.3-1-20 (N04)', '181201887', NULL, NULL, NULL),
('CPM211.3-1-20 (N04)', '181201893', NULL, NULL, NULL),
('CPM211.3-1-20 (N04)', '181201949', NULL, NULL, NULL),
('CPM211.3-1-20 (N04)', '181201962', NULL, NULL, NULL),
('CPM211.3-1-20 (N04)', '181202131', NULL, NULL, NULL),
('CPM211.3-1-20 (N04)', '181202261', NULL, NULL, NULL),
('CPM211.3-1-20 (N04)', '181202267', NULL, NULL, NULL),
('CPM211.3-1-20 (N04)', '181202288', NULL, NULL, NULL),
('CPM211.3-1-20 (N04)', '181202290', NULL, NULL, NULL),
('CPM211.3-1-20 (N04)', '181202441', NULL, NULL, NULL),
('CPM211.3-1-20 (N04)', '181202447', NULL, NULL, NULL),
('CPM211.3-1-20 (N04)', '181202531', NULL, NULL, NULL),
('CPM211.3-1-20 (N04)', '181202562', NULL, NULL, NULL),
('CPM211.3-1-20 (N04)', '181202599', NULL, NULL, NULL),
('CPM211.3-1-20 (N04)', '181202679', NULL, NULL, NULL),
('CPM211.3-1-20 (N04)', '181202809', NULL, NULL, NULL),
('CPM211.3-1-20 (N04)', '181202880', NULL, NULL, NULL),
('CPM211.3-1-20 (N04)', '181202889', NULL, NULL, NULL),
('CPM211.3-1-20 (N04)', '181202991', NULL, NULL, NULL),
('CPM211.3-1-20 (N04)', '181203077', NULL, NULL, NULL),
('CPM211.3-1-20 (N04)', '181203222', NULL, NULL, NULL),
('CPM211.3-1-20 (N04)', '181203228', NULL, NULL, NULL),
('CPM211.3-1-20 (N04)', '181203245', NULL, NULL, NULL),
('CPM211.3-1-20 (N04)', '181203415', NULL, NULL, NULL),
('CPM211.3-1-20 (N04)', '181203544', NULL, NULL, NULL),
('CPM211.3-1-20 (N04)', '181203677', NULL, NULL, NULL),
('CPM211.3-1-20 (N04)', '181203688', NULL, NULL, NULL),
('CPM211.3-1-20 (N04)', '181203704', NULL, NULL, NULL),
('CPM211.3-1-20 (N04)', '181203847', NULL, NULL, NULL),
('CPM211.3-1-20 (N04)', '181203879', NULL, NULL, NULL),
('CPM211.3-1-20 (N04)', '181203918', NULL, NULL, NULL),
('CPM211.3-1-20 (N04)', '181210015', NULL, NULL, NULL),
('CPM211.3-1-20 (N04)', '181210140', NULL, NULL, NULL),
('CPM211.3-1-20 (N04)', '181210168', NULL, NULL, NULL),
('CPM211.3-1-20 (N04)', '181210228', NULL, NULL, NULL),
('CPM211.3-1-20 (N04)', '181210258', NULL, NULL, NULL),
('CPM211.3-1-20 (N04)', '181210552', NULL, NULL, NULL),
('CPM211.3-1-20 (N04)', '181210613', NULL, NULL, NULL),
('CPM211.3-1-20 (N04)', '181211780', NULL, NULL, NULL),
('CPM211.3-1-20 (N04)', '181211845', NULL, NULL, NULL),
('CPM211.3-1-20 (N04)', '181212177', NULL, NULL, NULL),
('CPM211.3-1-20 (N04)', '181213060', NULL, NULL, NULL),
('CPM211.3-1-20 (N04)', '181213472', NULL, NULL, NULL),
('CPM211.3-1-20 (N04)', '181213477', NULL, NULL, NULL),
('CPM211.3-1-20 (N04)', '181231936', NULL, NULL, NULL),
('CPM211.3-1-20 (N04)', 'V181512647', NULL, NULL, NULL),
('KHM10.3-1-20 (N01)', '151211669', NULL, NULL, NULL),
('KHM10.3-1-20 (N01)', '160704495', NULL, NULL, NULL),
('KHM10.3-1-20 (N01)', '171200011', NULL, NULL, NULL),
('KHM10.3-1-20 (N01)', '171200023', NULL, NULL, NULL),
('KHM10.3-1-20 (N01)', '171200038', NULL, NULL, NULL),
('KHM10.3-1-20 (N01)', '171200318', NULL, NULL, NULL),
('KHM10.3-1-20 (N01)', '171200418', NULL, NULL, NULL),
('KHM10.3-1-20 (N01)', '171200459', NULL, NULL, NULL),
('KHM10.3-1-20 (N01)', '171200471', NULL, NULL, NULL),
('KHM10.3-1-20 (N01)', '171200488', NULL, NULL, NULL),
('KHM10.3-1-20 (N01)', '171200526', NULL, NULL, NULL),
('KHM10.3-1-20 (N01)', '171200554', NULL, NULL, NULL),
('KHM10.3-1-20 (N01)', '171200596', NULL, NULL, NULL),
('KHM10.3-1-20 (N01)', '171200613', NULL, NULL, NULL),
('KHM10.3-1-20 (N01)', '171200684', NULL, NULL, NULL),
('KHM10.3-1-20 (N01)', '171200755', NULL, NULL, NULL),
('KHM10.3-1-20 (N01)', '171200791', NULL, NULL, NULL),
('KHM10.3-1-20 (N01)', '171201099', NULL, NULL, NULL),
('KHM10.3-1-20 (N01)', '171201147', NULL, NULL, NULL),
('KHM10.3-1-20 (N01)', '171201348', NULL, NULL, NULL),
('KHM10.3-1-20 (N01)', '171201447', NULL, NULL, NULL),
('KHM10.3-1-20 (N01)', '171201479', NULL, NULL, NULL),
('KHM10.3-1-20 (N01)', '171201623', NULL, NULL, NULL),
('KHM10.3-1-20 (N01)', '171201724', NULL, NULL, NULL),
('KHM10.3-1-20 (N01)', '171201777', NULL, NULL, NULL),
('KHM10.3-1-20 (N01)', '171201876', NULL, NULL, NULL),
('KHM10.3-1-20 (N01)', '171201936', NULL, NULL, NULL),
('KHM10.3-1-20 (N01)', '171202011', NULL, NULL, NULL),
('KHM10.3-1-20 (N01)', '171202068', NULL, NULL, NULL),
('KHM10.3-1-20 (N01)', '171202169', NULL, NULL, NULL),
('KHM10.3-1-20 (N01)', '171202222', NULL, NULL, NULL),
('KHM10.3-1-20 (N01)', '171202313', NULL, NULL, NULL),
('KHM10.3-1-20 (N01)', '171202314', NULL, NULL, NULL),
('KHM10.3-1-20 (N01)', '171202364', NULL, NULL, NULL),
('KHM10.3-1-20 (N01)', '171202403', NULL, NULL, NULL),
('KHM10.3-1-20 (N01)', '171202447', NULL, NULL, NULL),
('KHM10.3-1-20 (N01)', '171202497', NULL, NULL, NULL),
('KHM10.3-1-20 (N01)', '171202723', NULL, NULL, NULL),
('KHM10.3-1-20 (N01)', '171202737', NULL, NULL, NULL),
('KHM10.3-1-20 (N01)', '171202746', NULL, NULL, NULL),
('KHM10.3-1-20 (N01)', '171202904', NULL, NULL, NULL),
('KHM10.3-1-20 (N01)', '171203068', NULL, NULL, NULL),
('KHM10.3-1-20 (N01)', '171203189', NULL, NULL, NULL),
('KHM10.3-1-20 (N01)', '171203272', NULL, NULL, NULL),
('KHM10.3-1-20 (N01)', '171203470', NULL, NULL, NULL),
('KHM10.3-1-20 (N01)', '171203480', NULL, NULL, NULL),
('KHM10.3-1-20 (N01)', '171203515', NULL, NULL, NULL),
('KHM10.3-1-20 (N01)', '171210142', NULL, NULL, NULL),
('KHM10.3-1-20 (N01)', '171210160', NULL, NULL, NULL),
('KHM10.3-1-20 (N01)', '171210187', NULL, NULL, NULL),
('KHM10.3-1-20 (N01)', '171210225', NULL, NULL, NULL),
('KHM10.3-1-20 (N01)', '171210861', NULL, NULL, NULL),
('KHM10.3-1-20 (N01)', '171211424', NULL, NULL, NULL),
('KHM10.3-1-20 (N01)', '171212264', NULL, NULL, NULL),
('KHM10.3-1-20 (N01)', '171212853', NULL, NULL, NULL),
('KHM10.3-1-20 (N01)', '881760006', NULL, NULL, NULL),
('KHM10.3-1-20 (N02)', '160702120', NULL, NULL, NULL),
('KHM10.3-1-20 (N02)', '160702168', NULL, NULL, NULL),
('KHM10.3-1-20 (N02)', '160704545', NULL, NULL, NULL),
('KHM10.3-1-20 (N02)', '171200024', NULL, NULL, NULL),
('KHM10.3-1-20 (N02)', '171200127', NULL, NULL, NULL),
('KHM10.3-1-20 (N02)', '171200150', NULL, NULL, NULL),
('KHM10.3-1-20 (N02)', '171200165', NULL, NULL, NULL),
('KHM10.3-1-20 (N02)', '171200201', NULL, NULL, NULL),
('KHM10.3-1-20 (N02)', '171200296', NULL, NULL, NULL),
('KHM10.3-1-20 (N02)', '171200448', NULL, NULL, NULL),
('KHM10.3-1-20 (N02)', '171200466', NULL, NULL, NULL),
('KHM10.3-1-20 (N02)', '171200475', NULL, NULL, NULL),
('KHM10.3-1-20 (N02)', '171200499', NULL, NULL, NULL),
('KHM10.3-1-20 (N02)', '171200534', NULL, NULL, NULL),
('KHM10.3-1-20 (N02)', '171200563', NULL, NULL, NULL),
('KHM10.3-1-20 (N02)', '171200609', NULL, NULL, NULL),
('KHM10.3-1-20 (N02)', '171200700', NULL, NULL, NULL),
('KHM10.3-1-20 (N02)', '171200779', NULL, NULL, NULL),
('KHM10.3-1-20 (N02)', '171200794', NULL, NULL, NULL),
('KHM10.3-1-20 (N02)', '171200997', NULL, NULL, NULL),
('KHM10.3-1-20 (N02)', '171201102', NULL, NULL, NULL),
('KHM10.3-1-20 (N02)', '171201158', NULL, NULL, NULL),
('KHM10.3-1-20 (N02)', '171201300', NULL, NULL, NULL),
('KHM10.3-1-20 (N02)', '171201362', NULL, NULL, NULL),
('KHM10.3-1-20 (N02)', '171201440', NULL, NULL, NULL),
('KHM10.3-1-20 (N02)', '171201494', NULL, NULL, NULL),
('KHM10.3-1-20 (N02)', '171201636', NULL, NULL, NULL),
('KHM10.3-1-20 (N02)', '171201729', NULL, NULL, NULL),
('KHM10.3-1-20 (N02)', '171201760', NULL, NULL, NULL),
('KHM10.3-1-20 (N02)', '171201797', NULL, NULL, NULL),
('KHM10.3-1-20 (N02)', '171201944', NULL, NULL, NULL),
('KHM10.3-1-20 (N02)', '171202016', NULL, NULL, NULL),
('KHM10.3-1-20 (N02)', '171202071', NULL, NULL, NULL),
('KHM10.3-1-20 (N02)', '171202078', NULL, NULL, NULL),
('KHM10.3-1-20 (N02)', '171202225', NULL, NULL, NULL),
('KHM10.3-1-20 (N02)', '171202265', NULL, NULL, NULL),
('KHM10.3-1-20 (N02)', '171202324', NULL, NULL, NULL),
('KHM10.3-1-20 (N02)', '171202372', NULL, NULL, NULL),
('KHM10.3-1-20 (N02)', '171202385', NULL, NULL, NULL),
('KHM10.3-1-20 (N02)', '171202404', NULL, NULL, NULL),
('KHM10.3-1-20 (N02)', '171202676', NULL, NULL, NULL),
('KHM10.3-1-20 (N02)', '171202726', NULL, NULL, NULL),
('KHM10.3-1-20 (N02)', '171202767', NULL, NULL, NULL),
('KHM10.3-1-20 (N02)', '171202869', NULL, NULL, NULL),
('KHM10.3-1-20 (N02)', '171203071', NULL, NULL, NULL),
('KHM10.3-1-20 (N02)', '171203511', NULL, NULL, NULL),
('KHM10.3-1-20 (N02)', '171203519', NULL, NULL, NULL),
('KHM10.3-1-20 (N02)', '171210012', NULL, NULL, NULL),
('KHM10.3-1-20 (N02)', '171210104', NULL, NULL, NULL),
('KHM10.3-1-20 (N02)', '171210156', NULL, NULL, NULL),
('KHM10.3-1-20 (N02)', '171210758', NULL, NULL, NULL),
('KHM10.3-1-20 (N02)', '171210908', NULL, NULL, NULL),
('KHM10.3-1-20 (N02)', '171212125', NULL, NULL, NULL),
('KHM10.3-1-20 (N02)', '171212200', NULL, NULL, NULL),
('KHM10.3-1-20 (N02)', '171212346', NULL, NULL, NULL),
('KHM10.3-1-20 (N02)', '991790002', NULL, NULL, NULL),
('KHM10.3-1-20 (N04)', '171200130', NULL, NULL, NULL),
('KHM10.3-1-20 (N04)', '171200170', NULL, NULL, NULL),
('KHM10.3-1-20 (N04)', '171200232', NULL, NULL, NULL),
('KHM10.3-1-20 (N04)', '171200312', NULL, NULL, NULL),
('KHM10.3-1-20 (N04)', '171200397', NULL, NULL, NULL),
('KHM10.3-1-20 (N04)', '171200458', NULL, NULL, NULL),
('KHM10.3-1-20 (N04)', '171200469', NULL, NULL, NULL),
('KHM10.3-1-20 (N04)', '171200480', NULL, NULL, NULL),
('KHM10.3-1-20 (N04)', '171200511', NULL, NULL, NULL),
('KHM10.3-1-20 (N04)', '171200571', NULL, NULL, NULL),
('KHM10.3-1-20 (N04)', '171200623', NULL, NULL, NULL),
('KHM10.3-1-20 (N04)', '171200752', NULL, NULL, NULL),
('KHM10.3-1-20 (N04)', '171200785', NULL, NULL, NULL),
('KHM10.3-1-20 (N04)', '171200827', NULL, NULL, NULL),
('KHM10.3-1-20 (N04)', '171200928', NULL, NULL, NULL),
('KHM10.3-1-20 (N04)', '171201239', NULL, NULL, NULL),
('KHM10.3-1-20 (N04)', '171201330', NULL, NULL, NULL),
('KHM10.3-1-20 (N04)', '171201371', NULL, NULL, NULL),
('KHM10.3-1-20 (N04)', '171201468', NULL, NULL, NULL),
('KHM10.3-1-20 (N04)', '171201500', NULL, NULL, NULL),
('KHM10.3-1-20 (N04)', '171201614', NULL, NULL, NULL),
('KHM10.3-1-20 (N04)', '171201669', NULL, NULL, NULL),
('KHM10.3-1-20 (N04)', '171201776', NULL, NULL, NULL),
('KHM10.3-1-20 (N04)', '171201875', NULL, NULL, NULL),
('KHM10.3-1-20 (N04)', '171201933', NULL, NULL, NULL),
('KHM10.3-1-20 (N04)', '171201960', NULL, NULL, NULL),
('KHM10.3-1-20 (N04)', '171202064', NULL, NULL, NULL),
('KHM10.3-1-20 (N04)', '171202160', NULL, NULL, NULL),
('KHM10.3-1-20 (N04)', '171202219', NULL, NULL, NULL),
('KHM10.3-1-20 (N04)', '171202261', NULL, NULL, NULL),
('KHM10.3-1-20 (N04)', '171202299', NULL, NULL, NULL),
('KHM10.3-1-20 (N04)', '171202489', NULL, NULL, NULL),
('KHM10.3-1-20 (N04)', '171202682', NULL, NULL, NULL),
('KHM10.3-1-20 (N04)', '171202718', NULL, NULL, NULL),
('KHM10.3-1-20 (N04)', '171202729', NULL, NULL, NULL),
('KHM10.3-1-20 (N04)', '171202836', NULL, NULL, NULL),
('KHM10.3-1-20 (N04)', '171202884', NULL, NULL, NULL),
('KHM10.3-1-20 (N04)', '171202958', NULL, NULL, NULL),
('KHM10.3-1-20 (N04)', '171203055', NULL, NULL, NULL),
('KHM10.3-1-20 (N04)', '171203125', NULL, NULL, NULL),
('KHM10.3-1-20 (N04)', '171203441', NULL, NULL, NULL),
('KHM10.3-1-20 (N04)', '171203458', NULL, NULL, NULL),
('KHM10.3-1-20 (N04)', '171203514', NULL, NULL, NULL),
('KHM10.3-1-20 (N04)', '171203575', NULL, NULL, NULL),
('KHM10.3-1-20 (N04)', '171210015', NULL, NULL, NULL),
('KHM10.3-1-20 (N04)', '171210074', NULL, NULL, NULL),
('KHM10.3-1-20 (N04)', '171210220', NULL, NULL, NULL),
('KHM10.3-1-20 (N04)', '171210553', NULL, NULL, NULL),
('KHM10.3-1-20 (N04)', '171210588', NULL, NULL, NULL),
('KHM10.3-1-20 (N04)', '171211391', NULL, NULL, NULL),
('KHM10.3-1-20 (N04)', '171212097', NULL, NULL, NULL),
('KHM10.3-1-20 (N04)', '171212388', NULL, NULL, NULL),
('KHM10.3-1-20 (N04)', '171213248', NULL, NULL, NULL),
('KHM26.3-1-20 (N01)', '171510196', NULL, NULL, NULL),
('KHM26.3-1-20 (N01)', '181200376', NULL, NULL, NULL),
('KHM26.3-1-20 (N01)', '181200401', NULL, NULL, NULL),
('KHM26.3-1-20 (N01)', '181200545', NULL, NULL, NULL),
('KHM26.3-1-20 (N01)', '181200549', NULL, NULL, NULL),
('KHM26.3-1-20 (N01)', '181200610', NULL, NULL, NULL),
('KHM26.3-1-20 (N01)', '181200770', NULL, NULL, NULL),
('KHM26.3-1-20 (N01)', '181200814', NULL, NULL, NULL),
('KHM26.3-1-20 (N01)', '181200830', NULL, NULL, NULL),
('KHM26.3-1-20 (N01)', '181200834', NULL, NULL, NULL),
('KHM26.3-1-20 (N01)', '181200839', NULL, NULL, NULL),
('KHM26.3-1-20 (N01)', '181200916', NULL, NULL, NULL),
('KHM26.3-1-20 (N01)', '181200938', NULL, NULL, NULL),
('KHM26.3-1-20 (N01)', '181201168', NULL, NULL, NULL),
('KHM26.3-1-20 (N01)', '181201410', NULL, NULL, NULL),
('KHM26.3-1-20 (N01)', '181201589', NULL, NULL, NULL),
('KHM26.3-1-20 (N01)', '181201828', NULL, NULL, NULL),
('KHM26.3-1-20 (N01)', '181201867', NULL, NULL, NULL),
('KHM26.3-1-20 (N01)', '181202020', NULL, NULL, NULL),
('KHM26.3-1-20 (N01)', '181202127', NULL, NULL, NULL),
('KHM26.3-1-20 (N01)', '181202183', NULL, NULL, NULL),
('KHM26.3-1-20 (N01)', '181202200', NULL, NULL, NULL),
('KHM26.3-1-20 (N01)', '181202227', NULL, NULL, NULL),
('KHM26.3-1-20 (N01)', '181202279', NULL, NULL, NULL),
('KHM26.3-1-20 (N01)', '181202289', NULL, NULL, NULL),
('KHM26.3-1-20 (N01)', '181202292', NULL, NULL, NULL),
('KHM26.3-1-20 (N01)', '181202377', NULL, NULL, NULL),
('KHM26.3-1-20 (N01)', '181202417', NULL, NULL, NULL),
('KHM26.3-1-20 (N01)', '181202577', NULL, NULL, NULL),
('KHM26.3-1-20 (N01)', '181202654', NULL, NULL, NULL),
('KHM26.3-1-20 (N01)', '181202839', NULL, NULL, NULL),
('KHM26.3-1-20 (N01)', '181202862', NULL, NULL, NULL),
('KHM26.3-1-20 (N01)', '181202886', NULL, NULL, NULL),
('KHM26.3-1-20 (N01)', '181202999', NULL, NULL, NULL),
('KHM26.3-1-20 (N01)', '181203140', NULL, NULL, NULL),
('KHM26.3-1-20 (N01)', '181203187', NULL, NULL, NULL),
('KHM26.3-1-20 (N01)', '181203241', NULL, NULL, NULL),
('KHM26.3-1-20 (N01)', '181203243', NULL, NULL, NULL),
('KHM26.3-1-20 (N01)', '181203247', NULL, NULL, NULL),
('KHM26.3-1-20 (N01)', '181203423', NULL, NULL, NULL),
('KHM26.3-1-20 (N01)', '181203458', NULL, NULL, NULL),
('KHM26.3-1-20 (N01)', '181203460', NULL, NULL, NULL),
('KHM26.3-1-20 (N01)', '181203530', NULL, NULL, NULL),
('KHM26.3-1-20 (N01)', '181203531', NULL, NULL, NULL),
('KHM26.3-1-20 (N01)', '181203621', NULL, NULL, NULL),
('KHM26.3-1-20 (N01)', '181203812', NULL, NULL, NULL),
('KHM26.3-1-20 (N01)', '181210042', NULL, NULL, NULL),
('KHM26.3-1-20 (N01)', '181210162', NULL, NULL, NULL),
('KHM26.3-1-20 (N01)', '181210257', NULL, NULL, NULL),
('KHM26.3-1-20 (N01)', '181210278', NULL, NULL, NULL),
('KHM26.3-1-20 (N01)', '181210367', NULL, NULL, NULL),
('KHM26.3-1-20 (N01)', '181210385', NULL, NULL, NULL),
('KHM26.3-1-20 (N01)', '181210426', NULL, NULL, NULL),
('KHM26.3-1-20 (N01)', '181211071', NULL, NULL, NULL),
('KHM26.3-1-20 (N01)', '181211577', NULL, NULL, NULL),
('KHM26.3-1-20 (N01)', '181211817', NULL, NULL, NULL),
('KHM26.3-1-20 (N01)', '181211927', NULL, NULL, NULL),
('KHM26.3-1-20 (N01)', '181212011', NULL, NULL, NULL),
('KHM26.3-1-20 (N01)', '181212110', NULL, NULL, NULL),
('KHM26.3-1-20 (N01)', '181212423', NULL, NULL, NULL),
('KHM26.3-1-20 (N01)', '181213053', NULL, NULL, NULL),
('KHM26.3-1-20 (N01)', '181213164', NULL, NULL, NULL),
('KHM26.3-1-20 (N01)', '181213373', NULL, NULL, NULL),
('KHM26.3-1-20 (N01)', '181213379', NULL, NULL, NULL),
('KHM26.3-1-20 (N01)', '181213616', NULL, NULL, NULL),
('KHM26.3-1-20 (N01)', '181213890', NULL, NULL, NULL),
('KHM26.3-1-20 (N01)', '181230438', NULL, NULL, NULL),
('KHM26.3-1-20 (N01)', '881891002', NULL, NULL, NULL),
('KHM26.3-1-20 (N01)', '881891005', NULL, NULL, NULL),
('KHM26.3-1-20 (N01)', 'V181604559', NULL, NULL, NULL),
('KHM26.3-1-20 (N01)', 'V181613655', NULL, NULL, NULL),
('KHM26.3-1-20 (N02)', '181200084', NULL, NULL, NULL),
('KHM26.3-1-20 (N02)', '181200448', NULL, NULL, NULL),
('KHM26.3-1-20 (N02)', '181200551', NULL, NULL, NULL),
('KHM26.3-1-20 (N02)', '181200616', NULL, NULL, NULL),
('KHM26.3-1-20 (N02)', '181200697', NULL, NULL, NULL),
('KHM26.3-1-20 (N02)', '181200747', NULL, NULL, NULL),
('KHM26.3-1-20 (N02)', '181200752', NULL, NULL, NULL),
('KHM26.3-1-20 (N02)', '181200783', NULL, NULL, NULL),
('KHM26.3-1-20 (N02)', '181200812', NULL, NULL, NULL),
('KHM26.3-1-20 (N02)', '181200857', NULL, NULL, NULL),
('KHM26.3-1-20 (N02)', '181200861', NULL, NULL, NULL),
('KHM26.3-1-20 (N02)', '181201313', NULL, NULL, NULL),
('KHM26.3-1-20 (N02)', '181201403', NULL, NULL, NULL),
('KHM26.3-1-20 (N02)', '181201458', NULL, NULL, NULL),
('KHM26.3-1-20 (N02)', '181201503', NULL, NULL, NULL),
('KHM26.3-1-20 (N02)', '181201622', NULL, NULL, NULL),
('KHM26.3-1-20 (N02)', '181201630', NULL, NULL, NULL),
('KHM26.3-1-20 (N02)', '181201824', NULL, NULL, NULL),
('KHM26.3-1-20 (N02)', '181201841', NULL, NULL, NULL),
('KHM26.3-1-20 (N02)', '181201905', NULL, NULL, NULL),
('KHM26.3-1-20 (N02)', '181201995', NULL, NULL, NULL),
('KHM26.3-1-20 (N02)', '181202066', NULL, NULL, NULL),
('KHM26.3-1-20 (N02)', '181202094', NULL, NULL, NULL),
('KHM26.3-1-20 (N02)', '181202201', NULL, NULL, NULL),
('KHM26.3-1-20 (N02)', '181202231', NULL, NULL, NULL),
('KHM26.3-1-20 (N02)', '181202249', NULL, NULL, NULL),
('KHM26.3-1-20 (N02)', '181202264', NULL, NULL, NULL),
('KHM26.3-1-20 (N02)', '181202276', NULL, NULL, NULL),
('KHM26.3-1-20 (N02)', '181202286', NULL, NULL, NULL),
('KHM26.3-1-20 (N02)', '181202287', NULL, NULL, NULL),
('KHM26.3-1-20 (N02)', '181202342', NULL, NULL, NULL),
('KHM26.3-1-20 (N02)', '181202412', NULL, NULL, NULL),
('KHM26.3-1-20 (N02)', '181202480', NULL, NULL, NULL),
('KHM26.3-1-20 (N02)', '181202483', NULL, NULL, NULL),
('KHM26.3-1-20 (N02)', '181202600', NULL, NULL, NULL),
('KHM26.3-1-20 (N02)', '181202626', NULL, NULL, NULL),
('KHM26.3-1-20 (N02)', '181202681', NULL, NULL, NULL),
('KHM26.3-1-20 (N02)', '181202718', NULL, NULL, NULL),
('KHM26.3-1-20 (N02)', '181202916', NULL, NULL, NULL),
('KHM26.3-1-20 (N02)', '181202983', NULL, NULL, NULL),
('KHM26.3-1-20 (N02)', '181203007', NULL, NULL, NULL),
('KHM26.3-1-20 (N02)', '181203050', NULL, NULL, NULL),
('KHM26.3-1-20 (N02)', '181203186', NULL, NULL, NULL),
('KHM26.3-1-20 (N02)', '181203234', NULL, NULL, NULL),
('KHM26.3-1-20 (N02)', '181203244', NULL, NULL, NULL),
('KHM26.3-1-20 (N02)', '181203411', NULL, NULL, NULL),
('KHM26.3-1-20 (N02)', '181203481', NULL, NULL, NULL),
('KHM26.3-1-20 (N02)', '181203522', NULL, NULL, NULL),
('KHM26.3-1-20 (N02)', '181203561', NULL, NULL, NULL),
('KHM26.3-1-20 (N02)', '181203797', NULL, NULL, NULL),
('KHM26.3-1-20 (N02)', '181203886', NULL, NULL, NULL),
('KHM26.3-1-20 (N02)', '181203887', NULL, NULL, NULL),
('KHM26.3-1-20 (N02)', '181203948', NULL, NULL, NULL),
('KHM26.3-1-20 (N02)', '181203962', NULL, NULL, NULL),
('KHM26.3-1-20 (N02)', '181203997', NULL, NULL, NULL),
('KHM26.3-1-20 (N02)', '181204016', NULL, NULL, NULL),
('KHM26.3-1-20 (N02)', '181204095', NULL, NULL, NULL),
('KHM26.3-1-20 (N02)', '181210030', NULL, NULL, NULL),
('KHM26.3-1-20 (N02)', '181210075', NULL, NULL, NULL),
('KHM26.3-1-20 (N02)', '181210395', NULL, NULL, NULL),
('KHM26.3-1-20 (N02)', '181210450', NULL, NULL, NULL),
('KHM26.3-1-20 (N02)', '181210621', NULL, NULL, NULL),
('KHM26.3-1-20 (N02)', '181210764', NULL, NULL, NULL),
('KHM26.3-1-20 (N02)', '181211533', NULL, NULL, NULL),
('KHM26.3-1-20 (N02)', '181211884', NULL, NULL, NULL),
('KHM26.3-1-20 (N02)', '181230078', NULL, NULL, NULL),
('KHM26.3-1-20 (N02)', '181230217', NULL, NULL, NULL),
('KHM26.3-1-20 (N03)', '181200299', NULL, NULL, NULL),
('KHM26.3-1-20 (N03)', '181200390', NULL, NULL, NULL),
('KHM26.3-1-20 (N03)', '181200425', NULL, NULL, NULL),
('KHM26.3-1-20 (N03)', '181200566', NULL, NULL, NULL),
('KHM26.3-1-20 (N03)', '181200651', NULL, NULL, NULL),
('KHM26.3-1-20 (N03)', '181200683', NULL, NULL, NULL),
('KHM26.3-1-20 (N03)', '181200766', NULL, NULL, NULL),
('KHM26.3-1-20 (N03)', '181200777', NULL, NULL, NULL),
('KHM26.3-1-20 (N03)', '181200912', NULL, NULL, NULL),
('KHM26.3-1-20 (N03)', '181200921', NULL, NULL, NULL),
('KHM26.3-1-20 (N03)', '181201088', NULL, NULL, NULL),
('KHM26.3-1-20 (N03)', '181201176', NULL, NULL, NULL),
('KHM26.3-1-20 (N03)', '181201226', NULL, NULL, NULL),
('KHM26.3-1-20 (N03)', '181201248', NULL, NULL, NULL),
('KHM26.3-1-20 (N03)', '181201482', NULL, NULL, NULL),
('KHM26.3-1-20 (N03)', '181201611', NULL, NULL, NULL),
('KHM26.3-1-20 (N03)', '181201629', NULL, NULL, NULL),
('KHM26.3-1-20 (N03)', '181201651', NULL, NULL, NULL),
('KHM26.3-1-20 (N03)', '181201683', NULL, NULL, NULL),
('KHM26.3-1-20 (N03)', '181201699', NULL, NULL, NULL),
('KHM26.3-1-20 (N03)', '181201766', NULL, NULL, NULL),
('KHM26.3-1-20 (N03)', '181201868', NULL, NULL, NULL),
('KHM26.3-1-20 (N03)', '181202070', NULL, NULL, NULL),
('KHM26.3-1-20 (N03)', '181202147', NULL, NULL, NULL),
('KHM26.3-1-20 (N03)', '181202209', NULL, NULL, NULL),
('KHM26.3-1-20 (N03)', '181202326', NULL, NULL, NULL),
('KHM26.3-1-20 (N03)', '181202446', NULL, NULL, NULL),
('KHM26.3-1-20 (N03)', '181202473', NULL, NULL, NULL),
('KHM26.3-1-20 (N03)', '181202508', NULL, NULL, NULL),
('KHM26.3-1-20 (N03)', '181202589', NULL, NULL, NULL),
('KHM26.3-1-20 (N03)', '181202642', NULL, NULL, NULL),
('KHM26.3-1-20 (N03)', '181202727', NULL, NULL, NULL),
('KHM26.3-1-20 (N03)', '181202781', NULL, NULL, NULL),
('KHM26.3-1-20 (N03)', '181202785', NULL, NULL, NULL),
('KHM26.3-1-20 (N03)', '181202938', NULL, NULL, NULL),
('KHM26.3-1-20 (N03)', '181202977', NULL, NULL, NULL),
('KHM26.3-1-20 (N03)', '181202980', NULL, NULL, NULL),
('KHM26.3-1-20 (N03)', '181203034', NULL, NULL, NULL),
('KHM26.3-1-20 (N03)', '181203041', NULL, NULL, NULL),
('KHM26.3-1-20 (N03)', '181203048', NULL, NULL, NULL),
('KHM26.3-1-20 (N03)', '181203068', NULL, NULL, NULL),
('KHM26.3-1-20 (N03)', '181203069', NULL, NULL, NULL),
('KHM26.3-1-20 (N03)', '181203181', NULL, NULL, NULL),
('KHM26.3-1-20 (N03)', '181203202', NULL, NULL, NULL),
('KHM26.3-1-20 (N03)', '181203231', NULL, NULL, NULL),
('KHM26.3-1-20 (N03)', '181203302', NULL, NULL, NULL),
('KHM26.3-1-20 (N03)', '181203305', NULL, NULL, NULL),
('KHM26.3-1-20 (N03)', '181203827', NULL, NULL, NULL),
('KHM26.3-1-20 (N03)', '181203858', NULL, NULL, NULL),
('KHM26.3-1-20 (N03)', '181210088', NULL, NULL, NULL),
('KHM26.3-1-20 (N03)', '181210341', NULL, NULL, NULL),
('KHM26.3-1-20 (N03)', '181210675', NULL, NULL, NULL),
('KHM26.3-1-20 (N03)', '181210997', NULL, NULL, NULL),
('KHM26.3-1-20 (N03)', '181211416', NULL, NULL, NULL),
('KHM26.3-1-20 (N03)', '181211707', NULL, NULL, NULL),
('KHM26.3-1-20 (N03)', '181211737', NULL, NULL, NULL),
('KHM26.3-1-20 (N03)', '181211854', NULL, NULL, NULL),
('KHM26.3-1-20 (N03)', '181213396', NULL, NULL, NULL),
('KHM26.3-1-20 (N03)', '181213609', NULL, NULL, NULL),
('KHM26.3-1-20 (N03)', '181213624', NULL, NULL, NULL),
('KHM26.3-1-20 (N03)', '181230369', NULL, NULL, NULL),
('KHM26.3-1-20 (N03)', '181230393', NULL, NULL, NULL),
('KHM26.3-1-20 (N03)', '181233102', NULL, NULL, NULL),
('KHM26.3-1-20 (N03)', '181233518', NULL, NULL, NULL),
('KHM26.3-1-20 (N04)', '181200024', NULL, NULL, NULL),
('KHM26.3-1-20 (N04)', '181200133', NULL, NULL, NULL),
('KHM26.3-1-20 (N04)', '181200171', NULL, NULL, NULL),
('KHM26.3-1-20 (N04)', '181200351', NULL, NULL, NULL),
('KHM26.3-1-20 (N04)', '181200380', NULL, NULL, NULL),
('KHM26.3-1-20 (N04)', '181200406', NULL, NULL, NULL),
('KHM26.3-1-20 (N04)', '181200582', NULL, NULL, NULL),
('KHM26.3-1-20 (N04)', '181200767', NULL, NULL, NULL),
('KHM26.3-1-20 (N04)', '181200836', NULL, NULL, NULL),
('KHM26.3-1-20 (N04)', '181200875', NULL, NULL, NULL),
('KHM26.3-1-20 (N04)', '181201020', NULL, NULL, NULL),
('KHM26.3-1-20 (N04)', '181201022', NULL, NULL, NULL),
('KHM26.3-1-20 (N04)', '181201178', NULL, NULL, NULL),
('KHM26.3-1-20 (N04)', '181201436', NULL, NULL, NULL),
('KHM26.3-1-20 (N04)', '181201649', NULL, NULL, NULL),
('KHM26.3-1-20 (N04)', '181201664', NULL, NULL, NULL),
('KHM26.3-1-20 (N04)', '181201708', NULL, NULL, NULL),
('KHM26.3-1-20 (N04)', '181201714', NULL, NULL, NULL),
('KHM26.3-1-20 (N04)', '181201732', NULL, NULL, NULL),
('KHM26.3-1-20 (N04)', '181201831', NULL, NULL, NULL),
('KHM26.3-1-20 (N04)', '181201887', NULL, NULL, NULL),
('KHM26.3-1-20 (N04)', '181201893', NULL, NULL, NULL),
('KHM26.3-1-20 (N04)', '181201949', NULL, NULL, NULL),
('KHM26.3-1-20 (N04)', '181201962', NULL, NULL, NULL),
('KHM26.3-1-20 (N04)', '181202131', NULL, NULL, NULL),
('KHM26.3-1-20 (N04)', '181202261', NULL, NULL, NULL),
('KHM26.3-1-20 (N04)', '181202267', NULL, NULL, NULL),
('KHM26.3-1-20 (N04)', '181202288', NULL, NULL, NULL),
('KHM26.3-1-20 (N04)', '181202290', NULL, NULL, NULL),
('KHM26.3-1-20 (N04)', '181202441', NULL, NULL, NULL),
('KHM26.3-1-20 (N04)', '181202447', NULL, NULL, NULL),
('KHM26.3-1-20 (N04)', '181202531', NULL, NULL, NULL),
('KHM26.3-1-20 (N04)', '181202562', NULL, NULL, NULL),
('KHM26.3-1-20 (N04)', '181202599', NULL, NULL, NULL),
('KHM26.3-1-20 (N04)', '181202679', NULL, NULL, NULL),
('KHM26.3-1-20 (N04)', '181202809', NULL, NULL, NULL),
('KHM26.3-1-20 (N04)', '181202880', NULL, NULL, NULL),
('KHM26.3-1-20 (N04)', '181202889', NULL, NULL, NULL),
('KHM26.3-1-20 (N04)', '181202991', NULL, NULL, NULL),
('KHM26.3-1-20 (N04)', '181203077', NULL, NULL, NULL),
('KHM26.3-1-20 (N04)', '181203222', NULL, NULL, NULL),
('KHM26.3-1-20 (N04)', '181203228', NULL, NULL, NULL),
('KHM26.3-1-20 (N04)', '181203245', NULL, NULL, NULL),
('KHM26.3-1-20 (N04)', '181203415', NULL, NULL, NULL),
('KHM26.3-1-20 (N04)', '181203544', NULL, NULL, NULL),
('KHM26.3-1-20 (N04)', '181203677', NULL, NULL, NULL),
('KHM26.3-1-20 (N04)', '181203688', NULL, NULL, NULL),
('KHM26.3-1-20 (N04)', '181203704', NULL, NULL, NULL),
('KHM26.3-1-20 (N04)', '181203847', NULL, NULL, NULL),
('KHM26.3-1-20 (N04)', '181203879', NULL, NULL, NULL),
('KHM26.3-1-20 (N04)', '181203918', NULL, NULL, NULL),
('KHM26.3-1-20 (N04)', '181210015', NULL, NULL, NULL),
('KHM26.3-1-20 (N04)', '181210140', NULL, NULL, NULL),
('KHM26.3-1-20 (N04)', '181210168', NULL, NULL, NULL),
('KHM26.3-1-20 (N04)', '181210228', NULL, NULL, NULL),
('KHM26.3-1-20 (N04)', '181210258', NULL, NULL, NULL),
('KHM26.3-1-20 (N04)', '181210552', NULL, NULL, NULL),
('KHM26.3-1-20 (N04)', '181210613', NULL, NULL, NULL),
('KHM26.3-1-20 (N04)', '181211780', NULL, NULL, NULL),
('KHM26.3-1-20 (N04)', '181211845', NULL, NULL, NULL),
('KHM26.3-1-20 (N04)', '181212177', NULL, NULL, NULL),
('KHM26.3-1-20 (N04)', '181213060', NULL, NULL, NULL),
('KHM26.3-1-20 (N04)', '181213472', NULL, NULL, NULL),
('KHM26.3-1-20 (N04)', '181213477', NULL, NULL, NULL),
('KHM26.3-1-20 (N04)', '181231936', NULL, NULL, NULL),
('KHM26.3-1-20 (N04)', 'V181512647', NULL, NULL, NULL),
('MHT06.3-1-20 (N01)', '160702127', NULL, NULL, NULL),
('MHT06.3-1-20 (N01)', '160704557', NULL, NULL, NULL),
('MHT06.3-1-20 (N01)', '171510196', NULL, NULL, NULL),
('MHT06.3-1-20 (N01)', '181200376', NULL, NULL, NULL),
('MHT06.3-1-20 (N01)', '181200401', NULL, NULL, NULL),
('MHT06.3-1-20 (N01)', '181200545', NULL, NULL, NULL),
('MHT06.3-1-20 (N01)', '181200549', NULL, NULL, NULL),
('MHT06.3-1-20 (N01)', '181200610', NULL, NULL, NULL),
('MHT06.3-1-20 (N01)', '181200770', NULL, NULL, NULL),
('MHT06.3-1-20 (N01)', '181200814', NULL, NULL, NULL),
('MHT06.3-1-20 (N01)', '181200830', NULL, NULL, NULL),
('MHT06.3-1-20 (N01)', '181200834', NULL, NULL, NULL),
('MHT06.3-1-20 (N01)', '181200839', NULL, NULL, NULL),
('MHT06.3-1-20 (N01)', '181200916', NULL, NULL, NULL),
('MHT06.3-1-20 (N01)', '181200938', NULL, NULL, NULL),
('MHT06.3-1-20 (N01)', '181201168', NULL, NULL, NULL),
('MHT06.3-1-20 (N01)', '181201410', NULL, NULL, NULL),
('MHT06.3-1-20 (N01)', '181201589', NULL, NULL, NULL),
('MHT06.3-1-20 (N01)', '181201828', NULL, NULL, NULL),
('MHT06.3-1-20 (N01)', '181201867', NULL, NULL, NULL),
('MHT06.3-1-20 (N01)', '181202020', NULL, NULL, NULL),
('MHT06.3-1-20 (N01)', '181202127', NULL, NULL, NULL),
('MHT06.3-1-20 (N01)', '181202183', NULL, NULL, NULL),
('MHT06.3-1-20 (N01)', '181202200', NULL, NULL, NULL),
('MHT06.3-1-20 (N01)', '181202227', NULL, NULL, NULL),
('MHT06.3-1-20 (N01)', '181202279', NULL, NULL, NULL),
('MHT06.3-1-20 (N01)', '181202289', NULL, NULL, NULL),
('MHT06.3-1-20 (N01)', '181202292', NULL, NULL, NULL),
('MHT06.3-1-20 (N01)', '181202377', NULL, NULL, NULL),
('MHT06.3-1-20 (N01)', '181202417', NULL, NULL, NULL),
('MHT06.3-1-20 (N01)', '181202577', NULL, NULL, NULL),
('MHT06.3-1-20 (N01)', '181202654', NULL, NULL, NULL),
('MHT06.3-1-20 (N01)', '181202839', NULL, NULL, NULL),
('MHT06.3-1-20 (N01)', '181202862', NULL, NULL, NULL),
('MHT06.3-1-20 (N01)', '181202886', NULL, NULL, NULL),
('MHT06.3-1-20 (N01)', '181202999', NULL, NULL, NULL),
('MHT06.3-1-20 (N01)', '181203140', NULL, NULL, NULL),
('MHT06.3-1-20 (N01)', '181203187', NULL, NULL, NULL),
('MHT06.3-1-20 (N01)', '181203241', NULL, NULL, NULL),
('MHT06.3-1-20 (N01)', '181203243', NULL, NULL, NULL),
('MHT06.3-1-20 (N01)', '181203247', NULL, NULL, NULL),
('MHT06.3-1-20 (N01)', '181203423', NULL, NULL, NULL),
('MHT06.3-1-20 (N01)', '181203458', NULL, NULL, NULL),
('MHT06.3-1-20 (N01)', '181203460', NULL, NULL, NULL),
('MHT06.3-1-20 (N01)', '181203530', NULL, NULL, NULL),
('MHT06.3-1-20 (N01)', '181203531', NULL, NULL, NULL),
('MHT06.3-1-20 (N01)', '181203621', NULL, NULL, NULL),
('MHT06.3-1-20 (N01)', '181203812', NULL, NULL, NULL),
('MHT06.3-1-20 (N01)', '181210042', NULL, NULL, NULL),
('MHT06.3-1-20 (N01)', '181210162', NULL, NULL, NULL),
('MHT06.3-1-20 (N01)', '181210257', NULL, NULL, NULL),
('MHT06.3-1-20 (N01)', '181210278', NULL, NULL, NULL),
('MHT06.3-1-20 (N01)', '181210367', NULL, NULL, NULL),
('MHT06.3-1-20 (N01)', '181210385', NULL, NULL, NULL),
('MHT06.3-1-20 (N01)', '181210426', NULL, NULL, NULL),
('MHT06.3-1-20 (N01)', '181211071', NULL, NULL, NULL),
('MHT06.3-1-20 (N01)', '181211577', NULL, NULL, NULL),
('MHT06.3-1-20 (N01)', '181211817', NULL, NULL, NULL),
('MHT06.3-1-20 (N01)', '181211927', NULL, NULL, NULL),
('MHT06.3-1-20 (N01)', '181212011', NULL, NULL, NULL),
('MHT06.3-1-20 (N01)', '181212110', NULL, NULL, NULL),
('MHT06.3-1-20 (N01)', '181212423', NULL, NULL, NULL),
('MHT06.3-1-20 (N01)', '181213053', NULL, NULL, NULL),
('MHT06.3-1-20 (N01)', '181213164', NULL, NULL, NULL),
('MHT06.3-1-20 (N01)', '181213373', NULL, NULL, NULL),
('MHT06.3-1-20 (N01)', '181213379', NULL, NULL, NULL),
('MHT06.3-1-20 (N01)', '181213616', NULL, NULL, NULL),
('MHT06.3-1-20 (N01)', '181213890', NULL, NULL, NULL),
('MHT06.3-1-20 (N01)', '181230438', NULL, NULL, NULL),
('MHT06.3-1-20 (N01)', '881891002', NULL, NULL, NULL),
('MHT06.3-1-20 (N01)', '881891005', NULL, NULL, NULL),
('MHT06.3-1-20 (N01)', 'V181604559', NULL, NULL, NULL),
('MHT06.3-1-20 (N01)', 'V181613655', NULL, NULL, NULL),
('MHT06.3-1-20 (N02)', '160702263', NULL, NULL, NULL),
('MHT06.3-1-20 (N02)', '171211596', NULL, NULL, NULL),
('MHT06.3-1-20 (N02)', '181200084', NULL, NULL, NULL),
('MHT06.3-1-20 (N02)', '181200448', NULL, NULL, NULL),
('MHT06.3-1-20 (N02)', '181200551', NULL, NULL, NULL),
('MHT06.3-1-20 (N02)', '181200616', NULL, NULL, NULL),
('MHT06.3-1-20 (N02)', '181200697', NULL, NULL, NULL),
('MHT06.3-1-20 (N02)', '181200747', NULL, NULL, NULL),
('MHT06.3-1-20 (N02)', '181200752', NULL, NULL, NULL),
('MHT06.3-1-20 (N02)', '181200783', NULL, NULL, NULL),
('MHT06.3-1-20 (N02)', '181200812', NULL, NULL, NULL),
('MHT06.3-1-20 (N02)', '181200857', NULL, NULL, NULL),
('MHT06.3-1-20 (N02)', '181200861', NULL, NULL, NULL),
('MHT06.3-1-20 (N02)', '181201313', NULL, NULL, NULL),
('MHT06.3-1-20 (N02)', '181201403', NULL, NULL, NULL),
('MHT06.3-1-20 (N02)', '181201458', NULL, NULL, NULL),
('MHT06.3-1-20 (N02)', '181201503', NULL, NULL, NULL),
('MHT06.3-1-20 (N02)', '181201622', NULL, NULL, NULL),
('MHT06.3-1-20 (N02)', '181201630', NULL, NULL, NULL),
('MHT06.3-1-20 (N02)', '181201824', NULL, NULL, NULL),
('MHT06.3-1-20 (N02)', '181201841', NULL, NULL, NULL),
('MHT06.3-1-20 (N02)', '181201905', NULL, NULL, NULL),
('MHT06.3-1-20 (N02)', '181201995', NULL, NULL, NULL),
('MHT06.3-1-20 (N02)', '181202066', NULL, NULL, NULL),
('MHT06.3-1-20 (N02)', '181202094', NULL, NULL, NULL),
('MHT06.3-1-20 (N02)', '181202201', NULL, NULL, NULL),
('MHT06.3-1-20 (N02)', '181202231', NULL, NULL, NULL),
('MHT06.3-1-20 (N02)', '181202249', NULL, NULL, NULL),
('MHT06.3-1-20 (N02)', '181202264', NULL, NULL, NULL),
('MHT06.3-1-20 (N02)', '181202276', NULL, NULL, NULL),
('MHT06.3-1-20 (N02)', '181202286', NULL, NULL, NULL),
('MHT06.3-1-20 (N02)', '181202287', NULL, NULL, NULL),
('MHT06.3-1-20 (N02)', '181202342', NULL, NULL, NULL),
('MHT06.3-1-20 (N02)', '181202412', NULL, NULL, NULL),
('MHT06.3-1-20 (N02)', '181202480', NULL, NULL, NULL),
('MHT06.3-1-20 (N02)', '181202483', NULL, NULL, NULL),
('MHT06.3-1-20 (N02)', '181202600', NULL, NULL, NULL),
('MHT06.3-1-20 (N02)', '181202626', NULL, NULL, NULL),
('MHT06.3-1-20 (N02)', '181202681', NULL, NULL, NULL),
('MHT06.3-1-20 (N02)', '181202718', NULL, NULL, NULL),
('MHT06.3-1-20 (N02)', '181202916', NULL, NULL, NULL),
('MHT06.3-1-20 (N02)', '181202983', NULL, NULL, NULL),
('MHT06.3-1-20 (N02)', '181203007', NULL, NULL, NULL),
('MHT06.3-1-20 (N02)', '181203050', NULL, NULL, NULL),
('MHT06.3-1-20 (N02)', '181203186', NULL, NULL, NULL),
('MHT06.3-1-20 (N02)', '181203234', NULL, NULL, NULL),
('MHT06.3-1-20 (N02)', '181203244', NULL, NULL, NULL),
('MHT06.3-1-20 (N02)', '181203411', NULL, NULL, NULL),
('MHT06.3-1-20 (N02)', '181203481', NULL, NULL, NULL),
('MHT06.3-1-20 (N02)', '181203522', NULL, NULL, NULL),
('MHT06.3-1-20 (N02)', '181203561', NULL, NULL, NULL),
('MHT06.3-1-20 (N02)', '181203797', NULL, NULL, NULL),
('MHT06.3-1-20 (N02)', '181203886', NULL, NULL, NULL),
('MHT06.3-1-20 (N02)', '181203887', NULL, NULL, NULL),
('MHT06.3-1-20 (N02)', '181203948', NULL, NULL, NULL),
('MHT06.3-1-20 (N02)', '181203962', NULL, NULL, NULL),
('MHT06.3-1-20 (N02)', '181203997', NULL, NULL, NULL),
('MHT06.3-1-20 (N02)', '181204016', NULL, NULL, NULL),
('MHT06.3-1-20 (N02)', '181204095', NULL, NULL, NULL),
('MHT06.3-1-20 (N02)', '181210030', NULL, NULL, NULL),
('MHT06.3-1-20 (N02)', '181210075', NULL, NULL, NULL),
('MHT06.3-1-20 (N02)', '181210395', NULL, NULL, NULL),
('MHT06.3-1-20 (N02)', '181210450', NULL, NULL, NULL),
('MHT06.3-1-20 (N02)', '181210621', NULL, NULL, NULL),
('MHT06.3-1-20 (N02)', '181210764', NULL, NULL, NULL),
('MHT06.3-1-20 (N02)', '181211533', NULL, NULL, NULL),
('MHT06.3-1-20 (N02)', '181211884', NULL, NULL, NULL),
('MHT06.3-1-20 (N02)', '181230078', NULL, NULL, NULL),
('MHT06.3-1-20 (N02)', '181230217', NULL, NULL, NULL),
('MHT06.3-1-20 (N03)', '151211669', NULL, NULL, NULL),
('MHT06.3-1-20 (N03)', '181200299', NULL, NULL, NULL),
('MHT06.3-1-20 (N03)', '181200390', NULL, NULL, NULL),
('MHT06.3-1-20 (N03)', '181200425', NULL, NULL, NULL),
('MHT06.3-1-20 (N03)', '181200566', NULL, NULL, NULL),
('MHT06.3-1-20 (N03)', '181200651', NULL, NULL, NULL),
('MHT06.3-1-20 (N03)', '181200683', NULL, NULL, NULL),
('MHT06.3-1-20 (N03)', '181200766', NULL, NULL, NULL),
('MHT06.3-1-20 (N03)', '181200777', NULL, NULL, NULL),
('MHT06.3-1-20 (N03)', '181200912', NULL, NULL, NULL),
('MHT06.3-1-20 (N03)', '181200921', NULL, NULL, NULL),
('MHT06.3-1-20 (N03)', '181201088', NULL, NULL, NULL),
('MHT06.3-1-20 (N03)', '181201176', NULL, NULL, NULL),
('MHT06.3-1-20 (N03)', '181201226', NULL, NULL, NULL),
('MHT06.3-1-20 (N03)', '181201248', NULL, NULL, NULL),
('MHT06.3-1-20 (N03)', '181201482', NULL, NULL, NULL),
('MHT06.3-1-20 (N03)', '181201611', NULL, NULL, NULL),
('MHT06.3-1-20 (N03)', '181201629', NULL, NULL, NULL),
('MHT06.3-1-20 (N03)', '181201651', NULL, NULL, NULL),
('MHT06.3-1-20 (N03)', '181201683', NULL, NULL, NULL),
('MHT06.3-1-20 (N03)', '181201699', NULL, NULL, NULL),
('MHT06.3-1-20 (N03)', '181201766', NULL, NULL, NULL),
('MHT06.3-1-20 (N03)', '181201868', NULL, NULL, NULL),
('MHT06.3-1-20 (N03)', '181202070', NULL, NULL, NULL),
('MHT06.3-1-20 (N03)', '181202147', NULL, NULL, NULL),
('MHT06.3-1-20 (N03)', '181202209', NULL, NULL, NULL),
('MHT06.3-1-20 (N03)', '181202326', NULL, NULL, NULL),
('MHT06.3-1-20 (N03)', '181202446', NULL, NULL, NULL),
('MHT06.3-1-20 (N03)', '181202473', NULL, NULL, NULL),
('MHT06.3-1-20 (N03)', '181202508', NULL, NULL, NULL),
('MHT06.3-1-20 (N03)', '181202589', NULL, NULL, NULL),
('MHT06.3-1-20 (N03)', '181202642', NULL, NULL, NULL),
('MHT06.3-1-20 (N03)', '181202727', NULL, NULL, NULL),
('MHT06.3-1-20 (N03)', '181202781', NULL, NULL, NULL),
('MHT06.3-1-20 (N03)', '181202785', NULL, NULL, NULL),
('MHT06.3-1-20 (N03)', '181202938', NULL, NULL, NULL),
('MHT06.3-1-20 (N03)', '181202977', NULL, NULL, NULL),
('MHT06.3-1-20 (N03)', '181202980', NULL, NULL, NULL),
('MHT06.3-1-20 (N03)', '181203034', NULL, NULL, NULL),
('MHT06.3-1-20 (N03)', '181203041', NULL, NULL, NULL),
('MHT06.3-1-20 (N03)', '181203048', NULL, NULL, NULL),
('MHT06.3-1-20 (N03)', '181203068', NULL, NULL, NULL),
('MHT06.3-1-20 (N03)', '181203069', NULL, NULL, NULL),
('MHT06.3-1-20 (N03)', '181203181', NULL, NULL, NULL),
('MHT06.3-1-20 (N03)', '181203202', NULL, NULL, NULL),
('MHT06.3-1-20 (N03)', '181203231', NULL, NULL, NULL),
('MHT06.3-1-20 (N03)', '181203302', NULL, NULL, NULL),
('MHT06.3-1-20 (N03)', '181203305', NULL, NULL, NULL),
('MHT06.3-1-20 (N03)', '181203827', NULL, NULL, NULL),
('MHT06.3-1-20 (N03)', '181203858', NULL, NULL, NULL),
('MHT06.3-1-20 (N03)', '181210088', NULL, NULL, NULL),
('MHT06.3-1-20 (N03)', '181210341', NULL, NULL, NULL),
('MHT06.3-1-20 (N03)', '181210675', NULL, NULL, NULL),
('MHT06.3-1-20 (N03)', '181210997', NULL, NULL, NULL),
('MHT06.3-1-20 (N03)', '181211416', NULL, NULL, NULL),
('MHT06.3-1-20 (N03)', '181211707', NULL, NULL, NULL),
('MHT06.3-1-20 (N03)', '181211737', NULL, NULL, NULL),
('MHT06.3-1-20 (N03)', '181211854', NULL, NULL, NULL),
('MHT06.3-1-20 (N03)', '181213262', NULL, NULL, NULL),
('MHT06.3-1-20 (N03)', '181213396', NULL, NULL, NULL),
('MHT06.3-1-20 (N03)', '181213609', NULL, NULL, NULL),
('MHT06.3-1-20 (N03)', '181213624', NULL, NULL, NULL),
('MHT06.3-1-20 (N03)', '181230369', NULL, NULL, NULL),
('MHT06.3-1-20 (N03)', '181230393', NULL, NULL, NULL),
('MHT06.3-1-20 (N03)', '181233102', NULL, NULL, NULL),
('MHT06.3-1-20 (N03)', '181233518', NULL, NULL, NULL),
('MHT06.3-1-20 (N04)', '160702120', NULL, NULL, NULL),
('MHT06.3-1-20 (N04)', '160702159', NULL, NULL, NULL),
('MHT06.3-1-20 (N04)', '181200024', NULL, NULL, NULL),
('MHT06.3-1-20 (N04)', '181200133', NULL, NULL, NULL),
('MHT06.3-1-20 (N04)', '181200171', NULL, NULL, NULL),
('MHT06.3-1-20 (N04)', '181200351', NULL, NULL, NULL),
('MHT06.3-1-20 (N04)', '181200380', NULL, NULL, NULL),
('MHT06.3-1-20 (N04)', '181200406', NULL, NULL, NULL),
('MHT06.3-1-20 (N04)', '181200582', NULL, NULL, NULL),
('MHT06.3-1-20 (N04)', '181200767', NULL, NULL, NULL),
('MHT06.3-1-20 (N04)', '181200836', NULL, NULL, NULL),
('MHT06.3-1-20 (N04)', '181200875', NULL, NULL, NULL),
('MHT06.3-1-20 (N04)', '181201020', NULL, NULL, NULL),
('MHT06.3-1-20 (N04)', '181201022', NULL, NULL, NULL),
('MHT06.3-1-20 (N04)', '181201076', NULL, NULL, NULL),
('MHT06.3-1-20 (N04)', '181201178', NULL, NULL, NULL),
('MHT06.3-1-20 (N04)', '181201436', NULL, NULL, NULL),
('MHT06.3-1-20 (N04)', '181201649', NULL, NULL, NULL),
('MHT06.3-1-20 (N04)', '181201664', NULL, NULL, NULL),
('MHT06.3-1-20 (N04)', '181201708', NULL, NULL, NULL),
('MHT06.3-1-20 (N04)', '181201714', NULL, NULL, NULL),
('MHT06.3-1-20 (N04)', '181201732', NULL, NULL, NULL),
('MHT06.3-1-20 (N04)', '181201831', NULL, NULL, NULL),
('MHT06.3-1-20 (N04)', '181201887', NULL, NULL, NULL),
('MHT06.3-1-20 (N04)', '181201893', NULL, NULL, NULL),
('MHT06.3-1-20 (N04)', '181201949', NULL, NULL, NULL),
('MHT06.3-1-20 (N04)', '181201962', NULL, NULL, NULL),
('MHT06.3-1-20 (N04)', '181202131', NULL, NULL, NULL),
('MHT06.3-1-20 (N04)', '181202261', NULL, NULL, NULL),
('MHT06.3-1-20 (N04)', '181202267', NULL, NULL, NULL),
('MHT06.3-1-20 (N04)', '181202288', NULL, NULL, NULL),
('MHT06.3-1-20 (N04)', '181202290', NULL, NULL, NULL),
('MHT06.3-1-20 (N04)', '181202441', NULL, NULL, NULL),
('MHT06.3-1-20 (N04)', '181202447', NULL, NULL, NULL),
('MHT06.3-1-20 (N04)', '181202531', NULL, NULL, NULL),
('MHT06.3-1-20 (N04)', '181202562', NULL, NULL, NULL),
('MHT06.3-1-20 (N04)', '181202599', NULL, NULL, NULL),
('MHT06.3-1-20 (N04)', '181202679', NULL, NULL, NULL),
('MHT06.3-1-20 (N04)', '181202809', NULL, NULL, NULL),
('MHT06.3-1-20 (N04)', '181202880', NULL, NULL, NULL),
('MHT06.3-1-20 (N04)', '181202889', NULL, NULL, NULL),
('MHT06.3-1-20 (N04)', '181202991', NULL, NULL, NULL),
('MHT06.3-1-20 (N04)', '181203077', NULL, NULL, NULL),
('MHT06.3-1-20 (N04)', '181203222', NULL, NULL, NULL),
('MHT06.3-1-20 (N04)', '181203228', NULL, NULL, NULL),
('MHT06.3-1-20 (N04)', '181203245', NULL, NULL, NULL),
('MHT06.3-1-20 (N04)', '181203415', NULL, NULL, NULL),
('MHT06.3-1-20 (N04)', '181203544', NULL, NULL, NULL),
('MHT06.3-1-20 (N04)', '181203677', NULL, NULL, NULL),
('MHT06.3-1-20 (N04)', '181203688', NULL, NULL, NULL),
('MHT06.3-1-20 (N04)', '181203704', NULL, NULL, NULL),
('MHT06.3-1-20 (N04)', '181203847', NULL, NULL, NULL),
('MHT06.3-1-20 (N04)', '181203879', NULL, NULL, NULL),
('MHT06.3-1-20 (N04)', '181203918', NULL, NULL, NULL),
('MHT06.3-1-20 (N04)', '181210015', NULL, NULL, NULL),
('MHT06.3-1-20 (N04)', '181210140', NULL, NULL, NULL),
('MHT06.3-1-20 (N04)', '181210168', NULL, NULL, NULL),
('MHT06.3-1-20 (N04)', '181210228', NULL, NULL, NULL),
('MHT06.3-1-20 (N04)', '181210258', NULL, NULL, NULL),
('MHT06.3-1-20 (N04)', '181210552', NULL, NULL, NULL),
('MHT06.3-1-20 (N04)', '181210613', NULL, NULL, NULL),
('MHT06.3-1-20 (N04)', '181211780', NULL, NULL, NULL),
('MHT06.3-1-20 (N04)', '181211845', NULL, NULL, NULL),
('MHT06.3-1-20 (N04)', '181212177', NULL, NULL, NULL),
('MHT06.3-1-20 (N04)', '181213060', NULL, NULL, NULL),
('MHT06.3-1-20 (N04)', '181213472', NULL, NULL, NULL),
('MHT06.3-1-20 (N04)', '181213477', NULL, NULL, NULL),
('MHT06.3-1-20 (N04)', '181231936', NULL, NULL, NULL),
('MHT06.3-1-20 (N04)', 'V181512647', NULL, NULL, NULL),
('MHT07.3-1-20 (N01)', '151211669', NULL, NULL, NULL),
('MHT07.3-1-20 (N01)', '160702239', NULL, NULL, NULL),
('MHT07.3-1-20 (N01)', '171200011', NULL, NULL, NULL),
('MHT07.3-1-20 (N01)', '171200023', NULL, NULL, NULL),
('MHT07.3-1-20 (N01)', '171200038', NULL, NULL, NULL),
('MHT07.3-1-20 (N01)', '171200318', NULL, NULL, NULL),
('MHT07.3-1-20 (N01)', '171200418', NULL, NULL, NULL),
('MHT07.3-1-20 (N01)', '171200459', NULL, NULL, NULL),
('MHT07.3-1-20 (N01)', '171200471', NULL, NULL, NULL);
INSERT INTO participate (id_module_class, id_student, process_score, test_score, theoretical_score) VALUES
('MHT07.3-1-20 (N01)', '171200488', NULL, NULL, NULL),
('MHT07.3-1-20 (N01)', '171200526', NULL, NULL, NULL),
('MHT07.3-1-20 (N01)', '171200554', NULL, NULL, NULL),
('MHT07.3-1-20 (N01)', '171200596', NULL, NULL, NULL),
('MHT07.3-1-20 (N01)', '171200613', NULL, NULL, NULL),
('MHT07.3-1-20 (N01)', '171200684', NULL, NULL, NULL),
('MHT07.3-1-20 (N01)', '171200755', NULL, NULL, NULL),
('MHT07.3-1-20 (N01)', '171200791', NULL, NULL, NULL),
('MHT07.3-1-20 (N01)', '171201099', NULL, NULL, NULL),
('MHT07.3-1-20 (N01)', '171201147', NULL, NULL, NULL),
('MHT07.3-1-20 (N01)', '171201348', NULL, NULL, NULL),
('MHT07.3-1-20 (N01)', '171201447', NULL, NULL, NULL),
('MHT07.3-1-20 (N01)', '171201479', NULL, NULL, NULL),
('MHT07.3-1-20 (N01)', '171201623', NULL, NULL, NULL),
('MHT07.3-1-20 (N01)', '171201724', NULL, NULL, NULL),
('MHT07.3-1-20 (N01)', '171201777', NULL, NULL, NULL),
('MHT07.3-1-20 (N01)', '171201876', NULL, NULL, NULL),
('MHT07.3-1-20 (N01)', '171201936', NULL, NULL, NULL),
('MHT07.3-1-20 (N01)', '171202011', NULL, NULL, NULL),
('MHT07.3-1-20 (N01)', '171202068', NULL, NULL, NULL),
('MHT07.3-1-20 (N01)', '171202169', NULL, NULL, NULL),
('MHT07.3-1-20 (N01)', '171202222', NULL, NULL, NULL),
('MHT07.3-1-20 (N01)', '171202313', NULL, NULL, NULL),
('MHT07.3-1-20 (N01)', '171202314', NULL, NULL, NULL),
('MHT07.3-1-20 (N01)', '171202364', NULL, NULL, NULL),
('MHT07.3-1-20 (N01)', '171202403', NULL, NULL, NULL),
('MHT07.3-1-20 (N01)', '171202447', NULL, NULL, NULL),
('MHT07.3-1-20 (N01)', '171202497', NULL, NULL, NULL),
('MHT07.3-1-20 (N01)', '171202723', NULL, NULL, NULL),
('MHT07.3-1-20 (N01)', '171202737', NULL, NULL, NULL),
('MHT07.3-1-20 (N01)', '171202746', NULL, NULL, NULL),
('MHT07.3-1-20 (N01)', '171202904', NULL, NULL, NULL),
('MHT07.3-1-20 (N01)', '171203068', NULL, NULL, NULL),
('MHT07.3-1-20 (N01)', '171203189', NULL, NULL, NULL),
('MHT07.3-1-20 (N01)', '171203272', NULL, NULL, NULL),
('MHT07.3-1-20 (N01)', '171203470', NULL, NULL, NULL),
('MHT07.3-1-20 (N01)', '171203480', NULL, NULL, NULL),
('MHT07.3-1-20 (N01)', '171203515', NULL, NULL, NULL),
('MHT07.3-1-20 (N01)', '171210142', NULL, NULL, NULL),
('MHT07.3-1-20 (N01)', '171210160', NULL, NULL, NULL),
('MHT07.3-1-20 (N01)', '171210187', NULL, NULL, NULL),
('MHT07.3-1-20 (N01)', '171210225', NULL, NULL, NULL),
('MHT07.3-1-20 (N01)', '171210861', NULL, NULL, NULL),
('MHT07.3-1-20 (N01)', '171211424', NULL, NULL, NULL),
('MHT07.3-1-20 (N01)', '171212264', NULL, NULL, NULL),
('MHT07.3-1-20 (N01)', '171212853', NULL, NULL, NULL),
('MHT07.3-1-20 (N01)', '881760006', NULL, NULL, NULL),
('MHT07.3-1-20 (N02)', '160702120', NULL, NULL, NULL),
('MHT07.3-1-20 (N02)', '160702168', NULL, NULL, NULL),
('MHT07.3-1-20 (N02)', '171200024', NULL, NULL, NULL),
('MHT07.3-1-20 (N02)', '171200150', NULL, NULL, NULL),
('MHT07.3-1-20 (N02)', '171200165', NULL, NULL, NULL),
('MHT07.3-1-20 (N02)', '171200201', NULL, NULL, NULL),
('MHT07.3-1-20 (N02)', '171200296', NULL, NULL, NULL),
('MHT07.3-1-20 (N02)', '171200448', NULL, NULL, NULL),
('MHT07.3-1-20 (N02)', '171200466', NULL, NULL, NULL),
('MHT07.3-1-20 (N02)', '171200474', NULL, NULL, NULL),
('MHT07.3-1-20 (N02)', '171200499', NULL, NULL, NULL),
('MHT07.3-1-20 (N02)', '171200534', NULL, NULL, NULL),
('MHT07.3-1-20 (N02)', '171200609', NULL, NULL, NULL),
('MHT07.3-1-20 (N02)', '171200700', NULL, NULL, NULL),
('MHT07.3-1-20 (N02)', '171200779', NULL, NULL, NULL),
('MHT07.3-1-20 (N02)', '171200794', NULL, NULL, NULL),
('MHT07.3-1-20 (N02)', '171200997', NULL, NULL, NULL),
('MHT07.3-1-20 (N02)', '171201102', NULL, NULL, NULL),
('MHT07.3-1-20 (N02)', '171201158', NULL, NULL, NULL),
('MHT07.3-1-20 (N02)', '171201300', NULL, NULL, NULL),
('MHT07.3-1-20 (N02)', '171201362', NULL, NULL, NULL),
('MHT07.3-1-20 (N02)', '171201440', NULL, NULL, NULL),
('MHT07.3-1-20 (N02)', '171201494', NULL, NULL, NULL),
('MHT07.3-1-20 (N02)', '171201525', NULL, NULL, NULL),
('MHT07.3-1-20 (N02)', '171201636', NULL, NULL, NULL),
('MHT07.3-1-20 (N02)', '171201729', NULL, NULL, NULL),
('MHT07.3-1-20 (N02)', '171201760', NULL, NULL, NULL),
('MHT07.3-1-20 (N02)', '171201797', NULL, NULL, NULL),
('MHT07.3-1-20 (N02)', '171201879', NULL, NULL, NULL),
('MHT07.3-1-20 (N02)', '171201944', NULL, NULL, NULL),
('MHT07.3-1-20 (N02)', '171202016', NULL, NULL, NULL),
('MHT07.3-1-20 (N02)', '171202071', NULL, NULL, NULL),
('MHT07.3-1-20 (N02)', '171202225', NULL, NULL, NULL),
('MHT07.3-1-20 (N02)', '171202265', NULL, NULL, NULL),
('MHT07.3-1-20 (N02)', '171202324', NULL, NULL, NULL),
('MHT07.3-1-20 (N02)', '171202372', NULL, NULL, NULL),
('MHT07.3-1-20 (N02)', '171202385', NULL, NULL, NULL),
('MHT07.3-1-20 (N02)', '171202404', NULL, NULL, NULL),
('MHT07.3-1-20 (N02)', '171202503', NULL, NULL, NULL),
('MHT07.3-1-20 (N02)', '171202726', NULL, NULL, NULL),
('MHT07.3-1-20 (N02)', '171202767', NULL, NULL, NULL),
('MHT07.3-1-20 (N02)', '171202869', NULL, NULL, NULL),
('MHT07.3-1-20 (N02)', '171202981', NULL, NULL, NULL),
('MHT07.3-1-20 (N02)', '171203071', NULL, NULL, NULL),
('MHT07.3-1-20 (N02)', '171203202', NULL, NULL, NULL),
('MHT07.3-1-20 (N02)', '171203511', NULL, NULL, NULL),
('MHT07.3-1-20 (N02)', '171203519', NULL, NULL, NULL),
('MHT07.3-1-20 (N02)', '171210012', NULL, NULL, NULL),
('MHT07.3-1-20 (N02)', '171210104', NULL, NULL, NULL),
('MHT07.3-1-20 (N02)', '171210758', NULL, NULL, NULL),
('MHT07.3-1-20 (N02)', '171212125', NULL, NULL, NULL),
('MHT07.3-1-20 (N02)', '171212200', NULL, NULL, NULL),
('MHT07.3-1-20 (N03)', '1306169', NULL, NULL, NULL),
('MHT07.3-1-20 (N03)', '151202493', NULL, NULL, NULL),
('MHT07.3-1-20 (N03)', '171200013', NULL, NULL, NULL),
('MHT07.3-1-20 (N03)', '171200031', NULL, NULL, NULL),
('MHT07.3-1-20 (N03)', '171200127', NULL, NULL, NULL),
('MHT07.3-1-20 (N03)', '171200301', NULL, NULL, NULL),
('MHT07.3-1-20 (N03)', '171200396', NULL, NULL, NULL),
('MHT07.3-1-20 (N03)', '171200455', NULL, NULL, NULL),
('MHT07.3-1-20 (N03)', '171200475', NULL, NULL, NULL),
('MHT07.3-1-20 (N03)', '171200506', NULL, NULL, NULL),
('MHT07.3-1-20 (N03)', '171200552', NULL, NULL, NULL),
('MHT07.3-1-20 (N03)', '171200563', NULL, NULL, NULL),
('MHT07.3-1-20 (N03)', '171200616', NULL, NULL, NULL),
('MHT07.3-1-20 (N03)', '171200705', NULL, NULL, NULL),
('MHT07.3-1-20 (N03)', '171200780', NULL, NULL, NULL),
('MHT07.3-1-20 (N03)', '171200902', NULL, NULL, NULL),
('MHT07.3-1-20 (N03)', '171201160', NULL, NULL, NULL),
('MHT07.3-1-20 (N03)', '171201228', NULL, NULL, NULL),
('MHT07.3-1-20 (N03)', '171201317', NULL, NULL, NULL),
('MHT07.3-1-20 (N03)', '171201369', NULL, NULL, NULL),
('MHT07.3-1-20 (N03)', '171201396', NULL, NULL, NULL),
('MHT07.3-1-20 (N03)', '171201446', NULL, NULL, NULL),
('MHT07.3-1-20 (N03)', '171201648', NULL, NULL, NULL),
('MHT07.3-1-20 (N03)', '171201758', NULL, NULL, NULL),
('MHT07.3-1-20 (N03)', '171201863', NULL, NULL, NULL),
('MHT07.3-1-20 (N03)', '171201895', NULL, NULL, NULL),
('MHT07.3-1-20 (N03)', '171201955', NULL, NULL, NULL),
('MHT07.3-1-20 (N03)', '171202022', NULL, NULL, NULL),
('MHT07.3-1-20 (N03)', '171202078', NULL, NULL, NULL),
('MHT07.3-1-20 (N03)', '171202145', NULL, NULL, NULL),
('MHT07.3-1-20 (N03)', '171202168', NULL, NULL, NULL),
('MHT07.3-1-20 (N03)', '171202209', NULL, NULL, NULL),
('MHT07.3-1-20 (N03)', '171202255', NULL, NULL, NULL),
('MHT07.3-1-20 (N03)', '171202266', NULL, NULL, NULL),
('MHT07.3-1-20 (N03)', '171202409', NULL, NULL, NULL),
('MHT07.3-1-20 (N03)', '171202466', NULL, NULL, NULL),
('MHT07.3-1-20 (N03)', '171202676', NULL, NULL, NULL),
('MHT07.3-1-20 (N03)', '171202727', NULL, NULL, NULL),
('MHT07.3-1-20 (N03)', '171202793', NULL, NULL, NULL),
('MHT07.3-1-20 (N03)', '171202883', NULL, NULL, NULL),
('MHT07.3-1-20 (N03)', '171202952', NULL, NULL, NULL),
('MHT07.3-1-20 (N03)', '171203004', NULL, NULL, NULL),
('MHT07.3-1-20 (N03)', '171203083', NULL, NULL, NULL),
('MHT07.3-1-20 (N03)', '171203103', NULL, NULL, NULL),
('MHT07.3-1-20 (N03)', '171203242', NULL, NULL, NULL),
('MHT07.3-1-20 (N03)', '171203401', NULL, NULL, NULL),
('MHT07.3-1-20 (N03)', '171203513', NULL, NULL, NULL),
('MHT07.3-1-20 (N03)', '171210156', NULL, NULL, NULL),
('MHT07.3-1-20 (N03)', '171210167', NULL, NULL, NULL),
('MHT07.3-1-20 (N03)', '171210219', NULL, NULL, NULL),
('MHT07.3-1-20 (N03)', '171210908', NULL, NULL, NULL),
('MHT07.3-1-20 (N03)', '171211496', NULL, NULL, NULL),
('MHT07.3-1-20 (N03)', '171211596', NULL, NULL, NULL),
('MHT07.3-1-20 (N03)', '171212346', NULL, NULL, NULL),
('MHT07.3-1-20 (N03)', '171212668', NULL, NULL, NULL),
('MHT07.3-1-20 (N03)', '171213540', NULL, NULL, NULL),
('MHT07.3-1-20 (N04)', '171200130', NULL, NULL, NULL),
('MHT07.3-1-20 (N04)', '171200170', NULL, NULL, NULL),
('MHT07.3-1-20 (N04)', '171200232', NULL, NULL, NULL),
('MHT07.3-1-20 (N04)', '171200312', NULL, NULL, NULL),
('MHT07.3-1-20 (N04)', '171200397', NULL, NULL, NULL),
('MHT07.3-1-20 (N04)', '171200458', NULL, NULL, NULL),
('MHT07.3-1-20 (N04)', '171200469', NULL, NULL, NULL),
('MHT07.3-1-20 (N04)', '171200480', NULL, NULL, NULL),
('MHT07.3-1-20 (N04)', '171200511', NULL, NULL, NULL),
('MHT07.3-1-20 (N04)', '171200571', NULL, NULL, NULL),
('MHT07.3-1-20 (N04)', '171200623', NULL, NULL, NULL),
('MHT07.3-1-20 (N04)', '171200752', NULL, NULL, NULL),
('MHT07.3-1-20 (N04)', '171200785', NULL, NULL, NULL),
('MHT07.3-1-20 (N04)', '171200827', NULL, NULL, NULL),
('MHT07.3-1-20 (N04)', '171200928', NULL, NULL, NULL),
('MHT07.3-1-20 (N04)', '171201239', NULL, NULL, NULL),
('MHT07.3-1-20 (N04)', '171201330', NULL, NULL, NULL),
('MHT07.3-1-20 (N04)', '171201371', NULL, NULL, NULL),
('MHT07.3-1-20 (N04)', '171201468', NULL, NULL, NULL),
('MHT07.3-1-20 (N04)', '171201500', NULL, NULL, NULL),
('MHT07.3-1-20 (N04)', '171201614', NULL, NULL, NULL),
('MHT07.3-1-20 (N04)', '171201669', NULL, NULL, NULL),
('MHT07.3-1-20 (N04)', '171201776', NULL, NULL, NULL),
('MHT07.3-1-20 (N04)', '171201875', NULL, NULL, NULL),
('MHT07.3-1-20 (N04)', '171201933', NULL, NULL, NULL),
('MHT07.3-1-20 (N04)', '171201960', NULL, NULL, NULL),
('MHT07.3-1-20 (N04)', '171202064', NULL, NULL, NULL),
('MHT07.3-1-20 (N04)', '171202160', NULL, NULL, NULL),
('MHT07.3-1-20 (N04)', '171202219', NULL, NULL, NULL),
('MHT07.3-1-20 (N04)', '171202261', NULL, NULL, NULL),
('MHT07.3-1-20 (N04)', '171202299', NULL, NULL, NULL),
('MHT07.3-1-20 (N04)', '171202489', NULL, NULL, NULL),
('MHT07.3-1-20 (N04)', '171202682', NULL, NULL, NULL),
('MHT07.3-1-20 (N04)', '171202718', NULL, NULL, NULL),
('MHT07.3-1-20 (N04)', '171202729', NULL, NULL, NULL),
('MHT07.3-1-20 (N04)', '171202836', NULL, NULL, NULL),
('MHT07.3-1-20 (N04)', '171202884', NULL, NULL, NULL),
('MHT07.3-1-20 (N04)', '171202958', NULL, NULL, NULL),
('MHT07.3-1-20 (N04)', '171203055', NULL, NULL, NULL),
('MHT07.3-1-20 (N04)', '171203125', NULL, NULL, NULL),
('MHT07.3-1-20 (N04)', '171203441', NULL, NULL, NULL),
('MHT07.3-1-20 (N04)', '171203458', NULL, NULL, NULL),
('MHT07.3-1-20 (N04)', '171203514', NULL, NULL, NULL),
('MHT07.3-1-20 (N04)', '171203575', NULL, NULL, NULL),
('MHT07.3-1-20 (N04)', '171210015', NULL, NULL, NULL),
('MHT07.3-1-20 (N04)', '171210074', NULL, NULL, NULL),
('MHT07.3-1-20 (N04)', '171210220', NULL, NULL, NULL),
('MHT07.3-1-20 (N04)', '171210553', NULL, NULL, NULL),
('MHT07.3-1-20 (N04)', '171210588', NULL, NULL, NULL),
('MHT07.3-1-20 (N04)', '171211391', NULL, NULL, NULL),
('MHT07.3-1-20 (N04)', '171212097', NULL, NULL, NULL),
('MHT07.3-1-20 (N04)', '171212388', NULL, NULL, NULL),
('MHT07.3-1-20 (N04)', '171213248', NULL, NULL, NULL),
('MHT09.2-1-20 (N01)', '160702168', NULL, NULL, NULL),
('MHT09.2-1-20 (N01)', '160704557', NULL, NULL, NULL),
('MHT09.2-1-20 (N01)', '171202727', NULL, NULL, NULL),
('MHT09.2-1-20 (N01)', '171510196', NULL, NULL, NULL),
('MHT09.2-1-20 (N01)', '181200376', NULL, NULL, NULL),
('MHT09.2-1-20 (N01)', '181200401', NULL, NULL, NULL),
('MHT09.2-1-20 (N01)', '181200545', NULL, NULL, NULL),
('MHT09.2-1-20 (N01)', '181200549', NULL, NULL, NULL),
('MHT09.2-1-20 (N01)', '181200610', NULL, NULL, NULL),
('MHT09.2-1-20 (N01)', '181200770', NULL, NULL, NULL),
('MHT09.2-1-20 (N01)', '181200814', NULL, NULL, NULL),
('MHT09.2-1-20 (N01)', '181200830', NULL, NULL, NULL),
('MHT09.2-1-20 (N01)', '181200834', NULL, NULL, NULL),
('MHT09.2-1-20 (N01)', '181200839', NULL, NULL, NULL),
('MHT09.2-1-20 (N01)', '181200916', NULL, NULL, NULL),
('MHT09.2-1-20 (N01)', '181200938', NULL, NULL, NULL),
('MHT09.2-1-20 (N01)', '181201168', NULL, NULL, NULL),
('MHT09.2-1-20 (N01)', '181201410', NULL, NULL, NULL),
('MHT09.2-1-20 (N01)', '181201589', NULL, NULL, NULL),
('MHT09.2-1-20 (N01)', '181201828', NULL, NULL, NULL),
('MHT09.2-1-20 (N01)', '181201867', NULL, NULL, NULL),
('MHT09.2-1-20 (N01)', '181202020', NULL, NULL, NULL),
('MHT09.2-1-20 (N01)', '181202127', NULL, NULL, NULL),
('MHT09.2-1-20 (N01)', '181202183', NULL, NULL, NULL),
('MHT09.2-1-20 (N01)', '181202200', NULL, NULL, NULL),
('MHT09.2-1-20 (N01)', '181202227', NULL, NULL, NULL),
('MHT09.2-1-20 (N01)', '181202279', NULL, NULL, NULL),
('MHT09.2-1-20 (N01)', '181202289', NULL, NULL, NULL),
('MHT09.2-1-20 (N01)', '181202292', NULL, NULL, NULL),
('MHT09.2-1-20 (N01)', '181202377', NULL, NULL, NULL),
('MHT09.2-1-20 (N01)', '181202417', NULL, NULL, NULL),
('MHT09.2-1-20 (N01)', '181202577', NULL, NULL, NULL),
('MHT09.2-1-20 (N01)', '181202654', NULL, NULL, NULL),
('MHT09.2-1-20 (N01)', '181202839', NULL, NULL, NULL),
('MHT09.2-1-20 (N01)', '181202862', NULL, NULL, NULL),
('MHT09.2-1-20 (N01)', '181202886', NULL, NULL, NULL),
('MHT09.2-1-20 (N01)', '181202999', NULL, NULL, NULL),
('MHT09.2-1-20 (N01)', '181203140', NULL, NULL, NULL),
('MHT09.2-1-20 (N01)', '181203187', NULL, NULL, NULL),
('MHT09.2-1-20 (N01)', '181203241', NULL, NULL, NULL),
('MHT09.2-1-20 (N01)', '181203243', NULL, NULL, NULL),
('MHT09.2-1-20 (N01)', '181203247', NULL, NULL, NULL),
('MHT09.2-1-20 (N01)', '181203423', NULL, NULL, NULL),
('MHT09.2-1-20 (N01)', '181203458', NULL, NULL, NULL),
('MHT09.2-1-20 (N01)', '181203460', NULL, NULL, NULL),
('MHT09.2-1-20 (N01)', '181203530', NULL, NULL, NULL),
('MHT09.2-1-20 (N01)', '181203531', NULL, NULL, NULL),
('MHT09.2-1-20 (N01)', '181203621', NULL, NULL, NULL),
('MHT09.2-1-20 (N01)', '181203812', NULL, NULL, NULL),
('MHT09.2-1-20 (N01)', '181210042', NULL, NULL, NULL),
('MHT09.2-1-20 (N01)', '181210162', NULL, NULL, NULL),
('MHT09.2-1-20 (N01)', '181210257', NULL, NULL, NULL),
('MHT09.2-1-20 (N01)', '181210278', NULL, NULL, NULL),
('MHT09.2-1-20 (N01)', '181210367', NULL, NULL, NULL),
('MHT09.2-1-20 (N01)', '181210385', NULL, NULL, NULL),
('MHT09.2-1-20 (N01)', '181210426', NULL, NULL, NULL),
('MHT09.2-1-20 (N01)', '181211071', NULL, NULL, NULL),
('MHT09.2-1-20 (N01)', '181211577', NULL, NULL, NULL),
('MHT09.2-1-20 (N01)', '181211817', NULL, NULL, NULL),
('MHT09.2-1-20 (N01)', '181211927', NULL, NULL, NULL),
('MHT09.2-1-20 (N01)', '181212011', NULL, NULL, NULL),
('MHT09.2-1-20 (N01)', '181212110', NULL, NULL, NULL),
('MHT09.2-1-20 (N01)', '181212423', NULL, NULL, NULL),
('MHT09.2-1-20 (N01)', '181213053', NULL, NULL, NULL),
('MHT09.2-1-20 (N01)', '181213164', NULL, NULL, NULL),
('MHT09.2-1-20 (N01)', '181213373', NULL, NULL, NULL),
('MHT09.2-1-20 (N01)', '181213379', NULL, NULL, NULL),
('MHT09.2-1-20 (N01)', '181213616', NULL, NULL, NULL),
('MHT09.2-1-20 (N01)', '181213890', NULL, NULL, NULL),
('MHT09.2-1-20 (N01)', '181230438', NULL, NULL, NULL),
('MHT09.2-1-20 (N01)', '881891002', NULL, NULL, NULL),
('MHT09.2-1-20 (N01)', '881891005', NULL, NULL, NULL),
('MHT09.2-1-20 (N01)', 'V181604559', NULL, NULL, NULL),
('MHT09.2-1-20 (N01)', 'V181613655', NULL, NULL, NULL),
('MHT09.2-1-20 (N02)', '1306169', NULL, NULL, NULL),
('MHT09.2-1-20 (N02)', '171201863', NULL, NULL, NULL),
('MHT09.2-1-20 (N02)', '181200084', NULL, NULL, NULL),
('MHT09.2-1-20 (N02)', '181200448', NULL, NULL, NULL),
('MHT09.2-1-20 (N02)', '181200551', NULL, NULL, NULL),
('MHT09.2-1-20 (N02)', '181200616', NULL, NULL, NULL),
('MHT09.2-1-20 (N02)', '181200697', NULL, NULL, NULL),
('MHT09.2-1-20 (N02)', '181200747', NULL, NULL, NULL),
('MHT09.2-1-20 (N02)', '181200752', NULL, NULL, NULL),
('MHT09.2-1-20 (N02)', '181200783', NULL, NULL, NULL),
('MHT09.2-1-20 (N02)', '181200812', NULL, NULL, NULL),
('MHT09.2-1-20 (N02)', '181200857', NULL, NULL, NULL),
('MHT09.2-1-20 (N02)', '181200861', NULL, NULL, NULL),
('MHT09.2-1-20 (N02)', '181201313', NULL, NULL, NULL),
('MHT09.2-1-20 (N02)', '181201403', NULL, NULL, NULL),
('MHT09.2-1-20 (N02)', '181201458', NULL, NULL, NULL),
('MHT09.2-1-20 (N02)', '181201503', NULL, NULL, NULL),
('MHT09.2-1-20 (N02)', '181201622', NULL, NULL, NULL),
('MHT09.2-1-20 (N02)', '181201630', NULL, NULL, NULL),
('MHT09.2-1-20 (N02)', '181201824', NULL, NULL, NULL),
('MHT09.2-1-20 (N02)', '181201841', NULL, NULL, NULL),
('MHT09.2-1-20 (N02)', '181201905', NULL, NULL, NULL),
('MHT09.2-1-20 (N02)', '181201995', NULL, NULL, NULL),
('MHT09.2-1-20 (N02)', '181202066', NULL, NULL, NULL),
('MHT09.2-1-20 (N02)', '181202094', NULL, NULL, NULL),
('MHT09.2-1-20 (N02)', '181202201', NULL, NULL, NULL),
('MHT09.2-1-20 (N02)', '181202231', NULL, NULL, NULL),
('MHT09.2-1-20 (N02)', '181202249', NULL, NULL, NULL),
('MHT09.2-1-20 (N02)', '181202264', NULL, NULL, NULL),
('MHT09.2-1-20 (N02)', '181202276', NULL, NULL, NULL),
('MHT09.2-1-20 (N02)', '181202286', NULL, NULL, NULL),
('MHT09.2-1-20 (N02)', '181202287', NULL, NULL, NULL),
('MHT09.2-1-20 (N02)', '181202342', NULL, NULL, NULL),
('MHT09.2-1-20 (N02)', '181202412', NULL, NULL, NULL),
('MHT09.2-1-20 (N02)', '181202480', NULL, NULL, NULL),
('MHT09.2-1-20 (N02)', '181202483', NULL, NULL, NULL),
('MHT09.2-1-20 (N02)', '181202600', NULL, NULL, NULL),
('MHT09.2-1-20 (N02)', '181202626', NULL, NULL, NULL),
('MHT09.2-1-20 (N02)', '181202681', NULL, NULL, NULL),
('MHT09.2-1-20 (N02)', '181202718', NULL, NULL, NULL),
('MHT09.2-1-20 (N02)', '181202916', NULL, NULL, NULL),
('MHT09.2-1-20 (N02)', '181202983', NULL, NULL, NULL),
('MHT09.2-1-20 (N02)', '181203007', NULL, NULL, NULL),
('MHT09.2-1-20 (N02)', '181203050', NULL, NULL, NULL),
('MHT09.2-1-20 (N02)', '181203186', NULL, NULL, NULL),
('MHT09.2-1-20 (N02)', '181203234', NULL, NULL, NULL),
('MHT09.2-1-20 (N02)', '181203244', NULL, NULL, NULL),
('MHT09.2-1-20 (N02)', '181203411', NULL, NULL, NULL),
('MHT09.2-1-20 (N02)', '181203481', NULL, NULL, NULL),
('MHT09.2-1-20 (N02)', '181203522', NULL, NULL, NULL),
('MHT09.2-1-20 (N02)', '181203561', NULL, NULL, NULL),
('MHT09.2-1-20 (N02)', '181203797', NULL, NULL, NULL),
('MHT09.2-1-20 (N02)', '181203886', NULL, NULL, NULL),
('MHT09.2-1-20 (N02)', '181203887', NULL, NULL, NULL),
('MHT09.2-1-20 (N02)', '181203948', NULL, NULL, NULL),
('MHT09.2-1-20 (N02)', '181203962', NULL, NULL, NULL),
('MHT09.2-1-20 (N02)', '181203997', NULL, NULL, NULL),
('MHT09.2-1-20 (N02)', '181204016', NULL, NULL, NULL),
('MHT09.2-1-20 (N02)', '181204095', NULL, NULL, NULL),
('MHT09.2-1-20 (N02)', '181210030', NULL, NULL, NULL),
('MHT09.2-1-20 (N02)', '181210075', NULL, NULL, NULL),
('MHT09.2-1-20 (N02)', '181210395', NULL, NULL, NULL),
('MHT09.2-1-20 (N02)', '181210450', NULL, NULL, NULL),
('MHT09.2-1-20 (N02)', '181210621', NULL, NULL, NULL),
('MHT09.2-1-20 (N02)', '181210764', NULL, NULL, NULL),
('MHT09.2-1-20 (N02)', '181211533', NULL, NULL, NULL),
('MHT09.2-1-20 (N02)', '181211884', NULL, NULL, NULL),
('MHT09.2-1-20 (N02)', '181230078', NULL, NULL, NULL),
('MHT09.2-1-20 (N02)', '181230217', NULL, NULL, NULL),
('MHT09.2-1-20 (N03)', '160702120', NULL, NULL, NULL),
('MHT09.2-1-20 (N03)', '160702177', NULL, NULL, NULL),
('MHT09.2-1-20 (N03)', '171200418', NULL, NULL, NULL),
('MHT09.2-1-20 (N03)', '171200488', NULL, NULL, NULL),
('MHT09.2-1-20 (N03)', '171202737', NULL, NULL, NULL),
('MHT09.2-1-20 (N03)', '171210012', NULL, NULL, NULL),
('MHT09.2-1-20 (N03)', '181200299', NULL, NULL, NULL),
('MHT09.2-1-20 (N03)', '181200390', NULL, NULL, NULL),
('MHT09.2-1-20 (N03)', '181200425', NULL, NULL, NULL),
('MHT09.2-1-20 (N03)', '181200566', NULL, NULL, NULL),
('MHT09.2-1-20 (N03)', '181200651', NULL, NULL, NULL),
('MHT09.2-1-20 (N03)', '181200683', NULL, NULL, NULL),
('MHT09.2-1-20 (N03)', '181200766', NULL, NULL, NULL),
('MHT09.2-1-20 (N03)', '181200777', NULL, NULL, NULL),
('MHT09.2-1-20 (N03)', '181200912', NULL, NULL, NULL),
('MHT09.2-1-20 (N03)', '181200921', NULL, NULL, NULL),
('MHT09.2-1-20 (N03)', '181201088', NULL, NULL, NULL),
('MHT09.2-1-20 (N03)', '181201176', NULL, NULL, NULL),
('MHT09.2-1-20 (N03)', '181201226', NULL, NULL, NULL),
('MHT09.2-1-20 (N03)', '181201248', NULL, NULL, NULL),
('MHT09.2-1-20 (N03)', '181201482', NULL, NULL, NULL),
('MHT09.2-1-20 (N03)', '181201611', NULL, NULL, NULL),
('MHT09.2-1-20 (N03)', '181201629', NULL, NULL, NULL),
('MHT09.2-1-20 (N03)', '181201651', NULL, NULL, NULL),
('MHT09.2-1-20 (N03)', '181201683', NULL, NULL, NULL),
('MHT09.2-1-20 (N03)', '181201699', NULL, NULL, NULL),
('MHT09.2-1-20 (N03)', '181201766', NULL, NULL, NULL),
('MHT09.2-1-20 (N03)', '181201868', NULL, NULL, NULL),
('MHT09.2-1-20 (N03)', '181202070', NULL, NULL, NULL),
('MHT09.2-1-20 (N03)', '181202147', NULL, NULL, NULL),
('MHT09.2-1-20 (N03)', '181202209', NULL, NULL, NULL),
('MHT09.2-1-20 (N03)', '181202326', NULL, NULL, NULL),
('MHT09.2-1-20 (N03)', '181202446', NULL, NULL, NULL),
('MHT09.2-1-20 (N03)', '181202473', NULL, NULL, NULL),
('MHT09.2-1-20 (N03)', '181202508', NULL, NULL, NULL),
('MHT09.2-1-20 (N03)', '181202589', NULL, NULL, NULL),
('MHT09.2-1-20 (N03)', '181202642', NULL, NULL, NULL),
('MHT09.2-1-20 (N03)', '181202727', NULL, NULL, NULL),
('MHT09.2-1-20 (N03)', '181202781', NULL, NULL, NULL),
('MHT09.2-1-20 (N03)', '181202785', NULL, NULL, NULL),
('MHT09.2-1-20 (N03)', '181202938', NULL, NULL, NULL),
('MHT09.2-1-20 (N03)', '181202977', NULL, NULL, NULL),
('MHT09.2-1-20 (N03)', '181202980', NULL, NULL, NULL),
('MHT09.2-1-20 (N03)', '181203034', NULL, NULL, NULL),
('MHT09.2-1-20 (N03)', '181203041', NULL, NULL, NULL),
('MHT09.2-1-20 (N03)', '181203048', NULL, NULL, NULL),
('MHT09.2-1-20 (N03)', '181203068', NULL, NULL, NULL),
('MHT09.2-1-20 (N03)', '181203069', NULL, NULL, NULL),
('MHT09.2-1-20 (N03)', '181203181', NULL, NULL, NULL),
('MHT09.2-1-20 (N03)', '181203202', NULL, NULL, NULL),
('MHT09.2-1-20 (N03)', '181203231', NULL, NULL, NULL),
('MHT09.2-1-20 (N03)', '181203302', NULL, NULL, NULL),
('MHT09.2-1-20 (N03)', '181203305', NULL, NULL, NULL),
('MHT09.2-1-20 (N03)', '181203827', NULL, NULL, NULL),
('MHT09.2-1-20 (N03)', '181203858', NULL, NULL, NULL),
('MHT09.2-1-20 (N03)', '181210088', NULL, NULL, NULL),
('MHT09.2-1-20 (N03)', '181210341', NULL, NULL, NULL),
('MHT09.2-1-20 (N03)', '181210675', NULL, NULL, NULL),
('MHT09.2-1-20 (N03)', '181210997', NULL, NULL, NULL),
('MHT09.2-1-20 (N03)', '181211416', NULL, NULL, NULL),
('MHT09.2-1-20 (N03)', '181211707', NULL, NULL, NULL),
('MHT09.2-1-20 (N03)', '181211737', NULL, NULL, NULL),
('MHT09.2-1-20 (N03)', '181211854', NULL, NULL, NULL),
('MHT09.2-1-20 (N03)', '181213262', NULL, NULL, NULL),
('MHT09.2-1-20 (N03)', '181213396', NULL, NULL, NULL),
('MHT09.2-1-20 (N03)', '181213609', NULL, NULL, NULL),
('MHT09.2-1-20 (N03)', '181213624', NULL, NULL, NULL),
('MHT09.2-1-20 (N03)', '181230369', NULL, NULL, NULL),
('MHT09.2-1-20 (N03)', '181230393', NULL, NULL, NULL),
('MHT09.2-1-20 (N03)', '181233102', NULL, NULL, NULL),
('MHT09.2-1-20 (N03)', '181233518', NULL, NULL, NULL),
('MHT09.2-1-20 (N04)', '1406968', NULL, NULL, NULL),
('MHT09.2-1-20 (N04)', '160702254', NULL, NULL, NULL),
('MHT09.2-1-20 (N04)', '181200024', NULL, NULL, NULL),
('MHT09.2-1-20 (N04)', '181200133', NULL, NULL, NULL),
('MHT09.2-1-20 (N04)', '181200171', NULL, NULL, NULL),
('MHT09.2-1-20 (N04)', '181200351', NULL, NULL, NULL),
('MHT09.2-1-20 (N04)', '181200380', NULL, NULL, NULL),
('MHT09.2-1-20 (N04)', '181200406', NULL, NULL, NULL),
('MHT09.2-1-20 (N04)', '181200582', NULL, NULL, NULL),
('MHT09.2-1-20 (N04)', '181200767', NULL, NULL, NULL),
('MHT09.2-1-20 (N04)', '181200836', NULL, NULL, NULL),
('MHT09.2-1-20 (N04)', '181200875', NULL, NULL, NULL),
('MHT09.2-1-20 (N04)', '181201020', NULL, NULL, NULL),
('MHT09.2-1-20 (N04)', '181201022', NULL, NULL, NULL),
('MHT09.2-1-20 (N04)', '181201076', NULL, NULL, NULL),
('MHT09.2-1-20 (N04)', '181201178', NULL, NULL, NULL),
('MHT09.2-1-20 (N04)', '181201436', NULL, NULL, NULL),
('MHT09.2-1-20 (N04)', '181201649', NULL, NULL, NULL),
('MHT09.2-1-20 (N04)', '181201664', NULL, NULL, NULL),
('MHT09.2-1-20 (N04)', '181201708', NULL, NULL, NULL),
('MHT09.2-1-20 (N04)', '181201714', NULL, NULL, NULL),
('MHT09.2-1-20 (N04)', '181201732', NULL, NULL, NULL),
('MHT09.2-1-20 (N04)', '181201831', NULL, NULL, NULL),
('MHT09.2-1-20 (N04)', '181201887', NULL, NULL, NULL),
('MHT09.2-1-20 (N04)', '181201893', NULL, NULL, NULL),
('MHT09.2-1-20 (N04)', '181201949', NULL, NULL, NULL),
('MHT09.2-1-20 (N04)', '181201962', NULL, NULL, NULL),
('MHT09.2-1-20 (N04)', '181202131', NULL, NULL, NULL),
('MHT09.2-1-20 (N04)', '181202261', NULL, NULL, NULL),
('MHT09.2-1-20 (N04)', '181202267', NULL, NULL, NULL),
('MHT09.2-1-20 (N04)', '181202288', NULL, NULL, NULL),
('MHT09.2-1-20 (N04)', '181202290', NULL, NULL, NULL),
('MHT09.2-1-20 (N04)', '181202441', NULL, NULL, NULL),
('MHT09.2-1-20 (N04)', '181202447', NULL, NULL, NULL),
('MHT09.2-1-20 (N04)', '181202531', NULL, NULL, NULL),
('MHT09.2-1-20 (N04)', '181202562', NULL, NULL, NULL),
('MHT09.2-1-20 (N04)', '181202599', NULL, NULL, NULL),
('MHT09.2-1-20 (N04)', '181202679', NULL, NULL, NULL),
('MHT09.2-1-20 (N04)', '181202809', NULL, NULL, NULL),
('MHT09.2-1-20 (N04)', '181202880', NULL, NULL, NULL),
('MHT09.2-1-20 (N04)', '181202889', NULL, NULL, NULL),
('MHT09.2-1-20 (N04)', '181202991', NULL, NULL, NULL),
('MHT09.2-1-20 (N04)', '181203077', NULL, NULL, NULL),
('MHT09.2-1-20 (N04)', '181203222', NULL, NULL, NULL),
('MHT09.2-1-20 (N04)', '181203228', NULL, NULL, NULL),
('MHT09.2-1-20 (N04)', '181203245', NULL, NULL, NULL),
('MHT09.2-1-20 (N04)', '181203415', NULL, NULL, NULL),
('MHT09.2-1-20 (N04)', '181203544', NULL, NULL, NULL),
('MHT09.2-1-20 (N04)', '181203677', NULL, NULL, NULL),
('MHT09.2-1-20 (N04)', '181203688', NULL, NULL, NULL),
('MHT09.2-1-20 (N04)', '181203704', NULL, NULL, NULL),
('MHT09.2-1-20 (N04)', '181203847', NULL, NULL, NULL),
('MHT09.2-1-20 (N04)', '181203879', NULL, NULL, NULL),
('MHT09.2-1-20 (N04)', '181203918', NULL, NULL, NULL),
('MHT09.2-1-20 (N04)', '181210015', NULL, NULL, NULL),
('MHT09.2-1-20 (N04)', '181210140', NULL, NULL, NULL),
('MHT09.2-1-20 (N04)', '181210168', NULL, NULL, NULL),
('MHT09.2-1-20 (N04)', '181210228', NULL, NULL, NULL),
('MHT09.2-1-20 (N04)', '181210258', NULL, NULL, NULL),
('MHT09.2-1-20 (N04)', '181210552', NULL, NULL, NULL),
('MHT09.2-1-20 (N04)', '181210613', NULL, NULL, NULL),
('MHT09.2-1-20 (N04)', '181211780', NULL, NULL, NULL),
('MHT09.2-1-20 (N04)', '181211845', NULL, NULL, NULL),
('MHT09.2-1-20 (N04)', '181212177', NULL, NULL, NULL),
('MHT09.2-1-20 (N04)', '181213060', NULL, NULL, NULL),
('MHT09.2-1-20 (N04)', '181213472', NULL, NULL, NULL),
('MHT09.2-1-20 (N04)', '181213477', NULL, NULL, NULL),
('MHT09.2-1-20 (N04)', '181231936', NULL, NULL, NULL),
('MHT09.2-1-20 (N04)', 'V181512647', NULL, NULL, NULL),
('MHT12.3-1-20 (N01)', '151211669', NULL, NULL, NULL),
('MHT12.3-1-20 (N01)', '171200011', NULL, NULL, NULL),
('MHT12.3-1-20 (N01)', '171200023', NULL, NULL, NULL),
('MHT12.3-1-20 (N01)', '171200038', NULL, NULL, NULL),
('MHT12.3-1-20 (N01)', '171200318', NULL, NULL, NULL),
('MHT12.3-1-20 (N01)', '171200418', NULL, NULL, NULL),
('MHT12.3-1-20 (N01)', '171200459', NULL, NULL, NULL),
('MHT12.3-1-20 (N01)', '171200471', NULL, NULL, NULL),
('MHT12.3-1-20 (N01)', '171200488', NULL, NULL, NULL),
('MHT12.3-1-20 (N01)', '171200526', NULL, NULL, NULL),
('MHT12.3-1-20 (N01)', '171200554', NULL, NULL, NULL),
('MHT12.3-1-20 (N01)', '171200596', NULL, NULL, NULL),
('MHT12.3-1-20 (N01)', '171200613', NULL, NULL, NULL),
('MHT12.3-1-20 (N01)', '171200684', NULL, NULL, NULL),
('MHT12.3-1-20 (N01)', '171200755', NULL, NULL, NULL),
('MHT12.3-1-20 (N01)', '171200791', NULL, NULL, NULL),
('MHT12.3-1-20 (N01)', '171201099', NULL, NULL, NULL),
('MHT12.3-1-20 (N01)', '171201147', NULL, NULL, NULL),
('MHT12.3-1-20 (N01)', '171201348', NULL, NULL, NULL),
('MHT12.3-1-20 (N01)', '171201447', NULL, NULL, NULL),
('MHT12.3-1-20 (N01)', '171201479', NULL, NULL, NULL),
('MHT12.3-1-20 (N01)', '171201623', NULL, NULL, NULL),
('MHT12.3-1-20 (N01)', '171201724', NULL, NULL, NULL),
('MHT12.3-1-20 (N01)', '171201777', NULL, NULL, NULL),
('MHT12.3-1-20 (N01)', '171201876', NULL, NULL, NULL),
('MHT12.3-1-20 (N01)', '171201936', NULL, NULL, NULL),
('MHT12.3-1-20 (N01)', '171202011', NULL, NULL, NULL),
('MHT12.3-1-20 (N01)', '171202068', NULL, NULL, NULL),
('MHT12.3-1-20 (N01)', '171202169', NULL, NULL, NULL),
('MHT12.3-1-20 (N01)', '171202222', NULL, NULL, NULL),
('MHT12.3-1-20 (N01)', '171202313', NULL, NULL, NULL),
('MHT12.3-1-20 (N01)', '171202314', NULL, NULL, NULL),
('MHT12.3-1-20 (N01)', '171202364', NULL, NULL, NULL),
('MHT12.3-1-20 (N01)', '171202403', NULL, NULL, NULL),
('MHT12.3-1-20 (N01)', '171202447', NULL, NULL, NULL),
('MHT12.3-1-20 (N01)', '171202497', NULL, NULL, NULL),
('MHT12.3-1-20 (N01)', '171202723', NULL, NULL, NULL),
('MHT12.3-1-20 (N01)', '171202737', NULL, NULL, NULL),
('MHT12.3-1-20 (N01)', '171202746', NULL, NULL, NULL),
('MHT12.3-1-20 (N01)', '171202904', NULL, NULL, NULL),
('MHT12.3-1-20 (N01)', '171203068', NULL, NULL, NULL),
('MHT12.3-1-20 (N01)', '171203189', NULL, NULL, NULL),
('MHT12.3-1-20 (N01)', '171203272', NULL, NULL, NULL),
('MHT12.3-1-20 (N01)', '171203470', NULL, NULL, NULL),
('MHT12.3-1-20 (N01)', '171203480', NULL, NULL, NULL),
('MHT12.3-1-20 (N01)', '171203515', NULL, NULL, NULL),
('MHT12.3-1-20 (N01)', '171210142', NULL, NULL, NULL),
('MHT12.3-1-20 (N01)', '171210160', NULL, NULL, NULL),
('MHT12.3-1-20 (N01)', '171210187', NULL, NULL, NULL),
('MHT12.3-1-20 (N01)', '171210225', NULL, NULL, NULL),
('MHT12.3-1-20 (N01)', '171210861', NULL, NULL, NULL),
('MHT12.3-1-20 (N01)', '171211424', NULL, NULL, NULL),
('MHT12.3-1-20 (N01)', '171212264', NULL, NULL, NULL),
('MHT12.3-1-20 (N01)', '171212853', NULL, NULL, NULL),
('MHT12.3-1-20 (N01)', '881760006', NULL, NULL, NULL),
('MHT12.3-1-20 (N02)', '160702120', NULL, NULL, NULL),
('MHT12.3-1-20 (N02)', '160702168', NULL, NULL, NULL),
('MHT12.3-1-20 (N02)', '160704563', NULL, NULL, NULL),
('MHT12.3-1-20 (N02)', '171200024', NULL, NULL, NULL),
('MHT12.3-1-20 (N02)', '171200150', NULL, NULL, NULL),
('MHT12.3-1-20 (N02)', '171200165', NULL, NULL, NULL),
('MHT12.3-1-20 (N02)', '171200201', NULL, NULL, NULL),
('MHT12.3-1-20 (N02)', '171200296', NULL, NULL, NULL),
('MHT12.3-1-20 (N02)', '171200448', NULL, NULL, NULL),
('MHT12.3-1-20 (N02)', '171200466', NULL, NULL, NULL),
('MHT12.3-1-20 (N02)', '171200474', NULL, NULL, NULL),
('MHT12.3-1-20 (N02)', '171200499', NULL, NULL, NULL),
('MHT12.3-1-20 (N02)', '171200534', NULL, NULL, NULL),
('MHT12.3-1-20 (N02)', '171200609', NULL, NULL, NULL),
('MHT12.3-1-20 (N02)', '171200700', NULL, NULL, NULL),
('MHT12.3-1-20 (N02)', '171200779', NULL, NULL, NULL),
('MHT12.3-1-20 (N02)', '171200794', NULL, NULL, NULL),
('MHT12.3-1-20 (N02)', '171200997', NULL, NULL, NULL),
('MHT12.3-1-20 (N02)', '171201102', NULL, NULL, NULL),
('MHT12.3-1-20 (N02)', '171201158', NULL, NULL, NULL),
('MHT12.3-1-20 (N02)', '171201300', NULL, NULL, NULL),
('MHT12.3-1-20 (N02)', '171201362', NULL, NULL, NULL),
('MHT12.3-1-20 (N02)', '171201440', NULL, NULL, NULL),
('MHT12.3-1-20 (N02)', '171201494', NULL, NULL, NULL),
('MHT12.3-1-20 (N02)', '171201525', NULL, NULL, NULL),
('MHT12.3-1-20 (N02)', '171201636', NULL, NULL, NULL),
('MHT12.3-1-20 (N02)', '171201729', NULL, NULL, NULL),
('MHT12.3-1-20 (N02)', '171201760', NULL, NULL, NULL),
('MHT12.3-1-20 (N02)', '171201797', NULL, NULL, NULL),
('MHT12.3-1-20 (N02)', '171201879', NULL, NULL, NULL),
('MHT12.3-1-20 (N02)', '171201944', NULL, NULL, NULL),
('MHT12.3-1-20 (N02)', '171202016', NULL, NULL, NULL),
('MHT12.3-1-20 (N02)', '171202071', NULL, NULL, NULL),
('MHT12.3-1-20 (N02)', '171202225', NULL, NULL, NULL),
('MHT12.3-1-20 (N02)', '171202265', NULL, NULL, NULL),
('MHT12.3-1-20 (N02)', '171202324', NULL, NULL, NULL),
('MHT12.3-1-20 (N02)', '171202372', NULL, NULL, NULL),
('MHT12.3-1-20 (N02)', '171202385', NULL, NULL, NULL),
('MHT12.3-1-20 (N02)', '171202404', NULL, NULL, NULL),
('MHT12.3-1-20 (N02)', '171202503', NULL, NULL, NULL),
('MHT12.3-1-20 (N02)', '171202726', NULL, NULL, NULL),
('MHT12.3-1-20 (N02)', '171202767', NULL, NULL, NULL),
('MHT12.3-1-20 (N02)', '171202869', NULL, NULL, NULL),
('MHT12.3-1-20 (N02)', '171202981', NULL, NULL, NULL),
('MHT12.3-1-20 (N02)', '171203071', NULL, NULL, NULL),
('MHT12.3-1-20 (N02)', '171203202', NULL, NULL, NULL),
('MHT12.3-1-20 (N02)', '171203511', NULL, NULL, NULL),
('MHT12.3-1-20 (N02)', '171203519', NULL, NULL, NULL),
('MHT12.3-1-20 (N02)', '171210012', NULL, NULL, NULL),
('MHT12.3-1-20 (N02)', '171210104', NULL, NULL, NULL),
('MHT12.3-1-20 (N02)', '171210758', NULL, NULL, NULL),
('MHT12.3-1-20 (N02)', '171212125', NULL, NULL, NULL),
('MHT12.3-1-20 (N02)', '171212200', NULL, NULL, NULL),
('MHT12.3-1-20 (N02)', '991790002', NULL, NULL, NULL),
('MHT12.3-1-20 (N03)', '171200013', NULL, NULL, NULL),
('MHT12.3-1-20 (N03)', '171200031', NULL, NULL, NULL),
('MHT12.3-1-20 (N03)', '171200127', NULL, NULL, NULL),
('MHT12.3-1-20 (N03)', '171200301', NULL, NULL, NULL),
('MHT12.3-1-20 (N03)', '171200396', NULL, NULL, NULL),
('MHT12.3-1-20 (N03)', '171200455', NULL, NULL, NULL),
('MHT12.3-1-20 (N03)', '171200475', NULL, NULL, NULL),
('MHT12.3-1-20 (N03)', '171200506', NULL, NULL, NULL),
('MHT12.3-1-20 (N03)', '171200552', NULL, NULL, NULL),
('MHT12.3-1-20 (N03)', '171200563', NULL, NULL, NULL),
('MHT12.3-1-20 (N03)', '171200585', NULL, NULL, NULL),
('MHT12.3-1-20 (N03)', '171200616', NULL, NULL, NULL),
('MHT12.3-1-20 (N03)', '171200705', NULL, NULL, NULL),
('MHT12.3-1-20 (N03)', '171200780', NULL, NULL, NULL),
('MHT12.3-1-20 (N03)', '171200902', NULL, NULL, NULL),
('MHT12.3-1-20 (N03)', '171201160', NULL, NULL, NULL),
('MHT12.3-1-20 (N03)', '171201228', NULL, NULL, NULL),
('MHT12.3-1-20 (N03)', '171201317', NULL, NULL, NULL),
('MHT12.3-1-20 (N03)', '171201369', NULL, NULL, NULL),
('MHT12.3-1-20 (N03)', '171201396', NULL, NULL, NULL),
('MHT12.3-1-20 (N03)', '171201446', NULL, NULL, NULL),
('MHT12.3-1-20 (N03)', '171201648', NULL, NULL, NULL),
('MHT12.3-1-20 (N03)', '171201758', NULL, NULL, NULL),
('MHT12.3-1-20 (N03)', '171201863', NULL, NULL, NULL),
('MHT12.3-1-20 (N03)', '171201895', NULL, NULL, NULL),
('MHT12.3-1-20 (N03)', '171201955', NULL, NULL, NULL),
('MHT12.3-1-20 (N03)', '171202022', NULL, NULL, NULL),
('MHT12.3-1-20 (N03)', '171202078', NULL, NULL, NULL),
('MHT12.3-1-20 (N03)', '171202145', NULL, NULL, NULL),
('MHT12.3-1-20 (N03)', '171202168', NULL, NULL, NULL),
('MHT12.3-1-20 (N03)', '171202209', NULL, NULL, NULL),
('MHT12.3-1-20 (N03)', '171202255', NULL, NULL, NULL),
('MHT12.3-1-20 (N03)', '171202266', NULL, NULL, NULL),
('MHT12.3-1-20 (N03)', '171202409', NULL, NULL, NULL),
('MHT12.3-1-20 (N03)', '171202466', NULL, NULL, NULL),
('MHT12.3-1-20 (N03)', '171202676', NULL, NULL, NULL),
('MHT12.3-1-20 (N03)', '171202727', NULL, NULL, NULL),
('MHT12.3-1-20 (N03)', '171202793', NULL, NULL, NULL),
('MHT12.3-1-20 (N03)', '171202883', NULL, NULL, NULL),
('MHT12.3-1-20 (N03)', '171202952', NULL, NULL, NULL),
('MHT12.3-1-20 (N03)', '171203004', NULL, NULL, NULL),
('MHT12.3-1-20 (N03)', '171203083', NULL, NULL, NULL),
('MHT12.3-1-20 (N03)', '171203103', NULL, NULL, NULL),
('MHT12.3-1-20 (N03)', '171203242', NULL, NULL, NULL),
('MHT12.3-1-20 (N03)', '171203401', NULL, NULL, NULL),
('MHT12.3-1-20 (N03)', '171203513', NULL, NULL, NULL),
('MHT12.3-1-20 (N03)', '171210156', NULL, NULL, NULL),
('MHT12.3-1-20 (N03)', '171210167', NULL, NULL, NULL),
('MHT12.3-1-20 (N03)', '171210219', NULL, NULL, NULL),
('MHT12.3-1-20 (N03)', '171210908', NULL, NULL, NULL),
('MHT12.3-1-20 (N03)', '171211496', NULL, NULL, NULL),
('MHT12.3-1-20 (N03)', '171211596', NULL, NULL, NULL),
('MHT12.3-1-20 (N03)', '171212346', NULL, NULL, NULL),
('MHT12.3-1-20 (N03)', '171212668', NULL, NULL, NULL),
('MHT12.3-1-20 (N03)', '171213540', NULL, NULL, NULL),
('MHT12.3-1-20 (N04)', '160702263', NULL, NULL, NULL),
('MHT12.3-1-20 (N04)', '171200130', NULL, NULL, NULL),
('MHT12.3-1-20 (N04)', '171200170', NULL, NULL, NULL),
('MHT12.3-1-20 (N04)', '171200232', NULL, NULL, NULL),
('MHT12.3-1-20 (N04)', '171200312', NULL, NULL, NULL),
('MHT12.3-1-20 (N04)', '171200397', NULL, NULL, NULL),
('MHT12.3-1-20 (N04)', '171200458', NULL, NULL, NULL),
('MHT12.3-1-20 (N04)', '171200469', NULL, NULL, NULL),
('MHT12.3-1-20 (N04)', '171200480', NULL, NULL, NULL),
('MHT12.3-1-20 (N04)', '171200511', NULL, NULL, NULL),
('MHT12.3-1-20 (N04)', '171200571', NULL, NULL, NULL),
('MHT12.3-1-20 (N04)', '171200623', NULL, NULL, NULL),
('MHT12.3-1-20 (N04)', '171200752', NULL, NULL, NULL),
('MHT12.3-1-20 (N04)', '171200785', NULL, NULL, NULL),
('MHT12.3-1-20 (N04)', '171200827', NULL, NULL, NULL),
('MHT12.3-1-20 (N04)', '171200928', NULL, NULL, NULL),
('MHT12.3-1-20 (N04)', '171201239', NULL, NULL, NULL),
('MHT12.3-1-20 (N04)', '171201330', NULL, NULL, NULL),
('MHT12.3-1-20 (N04)', '171201371', NULL, NULL, NULL),
('MHT12.3-1-20 (N04)', '171201468', NULL, NULL, NULL),
('MHT12.3-1-20 (N04)', '171201500', NULL, NULL, NULL),
('MHT12.3-1-20 (N04)', '171201614', NULL, NULL, NULL),
('MHT12.3-1-20 (N04)', '171201669', NULL, NULL, NULL),
('MHT12.3-1-20 (N04)', '171201776', NULL, NULL, NULL),
('MHT12.3-1-20 (N04)', '171201875', NULL, NULL, NULL),
('MHT12.3-1-20 (N04)', '171201933', NULL, NULL, NULL),
('MHT12.3-1-20 (N04)', '171201960', NULL, NULL, NULL),
('MHT12.3-1-20 (N04)', '171202064', NULL, NULL, NULL),
('MHT12.3-1-20 (N04)', '171202160', NULL, NULL, NULL),
('MHT12.3-1-20 (N04)', '171202219', NULL, NULL, NULL),
('MHT12.3-1-20 (N04)', '171202261', NULL, NULL, NULL),
('MHT12.3-1-20 (N04)', '171202299', NULL, NULL, NULL),
('MHT12.3-1-20 (N04)', '171202489', NULL, NULL, NULL),
('MHT12.3-1-20 (N04)', '171202682', NULL, NULL, NULL),
('MHT12.3-1-20 (N04)', '171202718', NULL, NULL, NULL),
('MHT12.3-1-20 (N04)', '171202729', NULL, NULL, NULL),
('MHT12.3-1-20 (N04)', '171202836', NULL, NULL, NULL),
('MHT12.3-1-20 (N04)', '171202884', NULL, NULL, NULL),
('MHT12.3-1-20 (N04)', '171202958', NULL, NULL, NULL),
('MHT12.3-1-20 (N04)', '171203055', NULL, NULL, NULL),
('MHT12.3-1-20 (N04)', '171203125', NULL, NULL, NULL),
('MHT12.3-1-20 (N04)', '171203441', NULL, NULL, NULL),
('MHT12.3-1-20 (N04)', '171203458', NULL, NULL, NULL),
('MHT12.3-1-20 (N04)', '171203514', NULL, NULL, NULL),
('MHT12.3-1-20 (N04)', '171203575', NULL, NULL, NULL),
('MHT12.3-1-20 (N04)', '171210015', NULL, NULL, NULL),
('MHT12.3-1-20 (N04)', '171210074', NULL, NULL, NULL),
('MHT12.3-1-20 (N04)', '171210220', NULL, NULL, NULL),
('MHT12.3-1-20 (N04)', '171210553', NULL, NULL, NULL),
('MHT12.3-1-20 (N04)', '171210588', NULL, NULL, NULL),
('MHT12.3-1-20 (N04)', '171211391', NULL, NULL, NULL),
('MHT12.3-1-20 (N04)', '171212097', NULL, NULL, NULL),
('MHT12.3-1-20 (N04)', '171212388', NULL, NULL, NULL),
('MHT12.3-1-20 (N04)', '171213248', NULL, NULL, NULL),
('MHT235.3-1-20 (N01)', '160702177', NULL, NULL, NULL),
('MHT235.3-1-20 (N01)', '160702271', NULL, NULL, NULL),
('MHT235.3-1-20 (N01)', '160704556', NULL, NULL, NULL),
('MHT235.3-1-20 (N01)', '171200011', NULL, NULL, NULL),
('MHT235.3-1-20 (N01)', '171200023', NULL, NULL, NULL),
('MHT235.3-1-20 (N01)', '171200038', NULL, NULL, NULL),
('MHT235.3-1-20 (N01)', '171200318', NULL, NULL, NULL),
('MHT235.3-1-20 (N01)', '171200418', NULL, NULL, NULL),
('MHT235.3-1-20 (N01)', '171200459', NULL, NULL, NULL),
('MHT235.3-1-20 (N01)', '171200471', NULL, NULL, NULL),
('MHT235.3-1-20 (N01)', '171200488', NULL, NULL, NULL),
('MHT235.3-1-20 (N01)', '171200526', NULL, NULL, NULL),
('MHT235.3-1-20 (N01)', '171200554', NULL, NULL, NULL),
('MHT235.3-1-20 (N01)', '171200596', NULL, NULL, NULL),
('MHT235.3-1-20 (N01)', '171200613', NULL, NULL, NULL),
('MHT235.3-1-20 (N01)', '171200684', NULL, NULL, NULL),
('MHT235.3-1-20 (N01)', '171200755', NULL, NULL, NULL),
('MHT235.3-1-20 (N01)', '171200791', NULL, NULL, NULL),
('MHT235.3-1-20 (N01)', '171201099', NULL, NULL, NULL),
('MHT235.3-1-20 (N01)', '171201147', NULL, NULL, NULL),
('MHT235.3-1-20 (N01)', '171201348', NULL, NULL, NULL),
('MHT235.3-1-20 (N01)', '171201447', NULL, NULL, NULL),
('MHT235.3-1-20 (N01)', '171201479', NULL, NULL, NULL),
('MHT235.3-1-20 (N01)', '171201623', NULL, NULL, NULL),
('MHT235.3-1-20 (N01)', '171201724', NULL, NULL, NULL),
('MHT235.3-1-20 (N01)', '171201777', NULL, NULL, NULL),
('MHT235.3-1-20 (N01)', '171201876', NULL, NULL, NULL),
('MHT235.3-1-20 (N01)', '171201936', NULL, NULL, NULL),
('MHT235.3-1-20 (N01)', '171202011', NULL, NULL, NULL),
('MHT235.3-1-20 (N01)', '171202068', NULL, NULL, NULL),
('MHT235.3-1-20 (N01)', '171202169', NULL, NULL, NULL),
('MHT235.3-1-20 (N01)', '171202222', NULL, NULL, NULL),
('MHT235.3-1-20 (N01)', '171202313', NULL, NULL, NULL),
('MHT235.3-1-20 (N01)', '171202314', NULL, NULL, NULL),
('MHT235.3-1-20 (N01)', '171202364', NULL, NULL, NULL),
('MHT235.3-1-20 (N01)', '171202403', NULL, NULL, NULL),
('MHT235.3-1-20 (N01)', '171202447', NULL, NULL, NULL),
('MHT235.3-1-20 (N01)', '171202497', NULL, NULL, NULL),
('MHT235.3-1-20 (N01)', '171202723', NULL, NULL, NULL),
('MHT235.3-1-20 (N01)', '171202737', NULL, NULL, NULL),
('MHT235.3-1-20 (N01)', '171202746', NULL, NULL, NULL),
('MHT235.3-1-20 (N01)', '171202904', NULL, NULL, NULL),
('MHT235.3-1-20 (N01)', '171203068', NULL, NULL, NULL),
('MHT235.3-1-20 (N01)', '171203189', NULL, NULL, NULL),
('MHT235.3-1-20 (N01)', '171203272', NULL, NULL, NULL),
('MHT235.3-1-20 (N01)', '171203470', NULL, NULL, NULL),
('MHT235.3-1-20 (N01)', '171203480', NULL, NULL, NULL),
('MHT235.3-1-20 (N01)', '171203515', NULL, NULL, NULL),
('MHT235.3-1-20 (N01)', '171210142', NULL, NULL, NULL),
('MHT235.3-1-20 (N01)', '171210160', NULL, NULL, NULL),
('MHT235.3-1-20 (N01)', '171210187', NULL, NULL, NULL),
('MHT235.3-1-20 (N01)', '171210225', NULL, NULL, NULL),
('MHT235.3-1-20 (N01)', '171210861', NULL, NULL, NULL),
('MHT235.3-1-20 (N01)', '171211424', NULL, NULL, NULL),
('MHT235.3-1-20 (N01)', '171212264', NULL, NULL, NULL),
('MHT235.3-1-20 (N01)', '171212853', NULL, NULL, NULL),
('MHT235.3-1-20 (N01)', '881760006', NULL, NULL, NULL),
('MHT235.3-1-20 (N02)', '160702120', NULL, NULL, NULL),
('MHT235.3-1-20 (N02)', '160702168', NULL, NULL, NULL),
('MHT235.3-1-20 (N02)', '160702263', NULL, NULL, NULL),
('MHT235.3-1-20 (N02)', '171200024', NULL, NULL, NULL),
('MHT235.3-1-20 (N02)', '171200150', NULL, NULL, NULL),
('MHT235.3-1-20 (N02)', '171200165', NULL, NULL, NULL),
('MHT235.3-1-20 (N02)', '171200201', NULL, NULL, NULL),
('MHT235.3-1-20 (N02)', '171200296', NULL, NULL, NULL),
('MHT235.3-1-20 (N02)', '171200448', NULL, NULL, NULL),
('MHT235.3-1-20 (N02)', '171200466', NULL, NULL, NULL),
('MHT235.3-1-20 (N02)', '171200474', NULL, NULL, NULL),
('MHT235.3-1-20 (N02)', '171200499', NULL, NULL, NULL),
('MHT235.3-1-20 (N02)', '171200534', NULL, NULL, NULL),
('MHT235.3-1-20 (N02)', '171200609', NULL, NULL, NULL),
('MHT235.3-1-20 (N02)', '171200700', NULL, NULL, NULL),
('MHT235.3-1-20 (N02)', '171200779', NULL, NULL, NULL),
('MHT235.3-1-20 (N02)', '171200794', NULL, NULL, NULL),
('MHT235.3-1-20 (N02)', '171200997', NULL, NULL, NULL),
('MHT235.3-1-20 (N02)', '171201102', NULL, NULL, NULL),
('MHT235.3-1-20 (N02)', '171201158', NULL, NULL, NULL),
('MHT235.3-1-20 (N02)', '171201300', NULL, NULL, NULL),
('MHT235.3-1-20 (N02)', '171201362', NULL, NULL, NULL),
('MHT235.3-1-20 (N02)', '171201440', NULL, NULL, NULL),
('MHT235.3-1-20 (N02)', '171201494', NULL, NULL, NULL),
('MHT235.3-1-20 (N02)', '171201525', NULL, NULL, NULL),
('MHT235.3-1-20 (N02)', '171201636', NULL, NULL, NULL),
('MHT235.3-1-20 (N02)', '171201729', NULL, NULL, NULL),
('MHT235.3-1-20 (N02)', '171201760', NULL, NULL, NULL),
('MHT235.3-1-20 (N02)', '171201797', NULL, NULL, NULL),
('MHT235.3-1-20 (N02)', '171201879', NULL, NULL, NULL),
('MHT235.3-1-20 (N02)', '171201944', NULL, NULL, NULL),
('MHT235.3-1-20 (N02)', '171202016', NULL, NULL, NULL),
('MHT235.3-1-20 (N02)', '171202071', NULL, NULL, NULL),
('MHT235.3-1-20 (N02)', '171202225', NULL, NULL, NULL),
('MHT235.3-1-20 (N02)', '171202265', NULL, NULL, NULL),
('MHT235.3-1-20 (N02)', '171202324', NULL, NULL, NULL),
('MHT235.3-1-20 (N02)', '171202372', NULL, NULL, NULL),
('MHT235.3-1-20 (N02)', '171202385', NULL, NULL, NULL),
('MHT235.3-1-20 (N02)', '171202404', NULL, NULL, NULL),
('MHT235.3-1-20 (N02)', '171202503', NULL, NULL, NULL),
('MHT235.3-1-20 (N02)', '171202726', NULL, NULL, NULL),
('MHT235.3-1-20 (N02)', '171202767', NULL, NULL, NULL),
('MHT235.3-1-20 (N02)', '171202869', NULL, NULL, NULL),
('MHT235.3-1-20 (N02)', '171202981', NULL, NULL, NULL),
('MHT235.3-1-20 (N02)', '171203071', NULL, NULL, NULL),
('MHT235.3-1-20 (N02)', '171203202', NULL, NULL, NULL),
('MHT235.3-1-20 (N02)', '171203511', NULL, NULL, NULL),
('MHT235.3-1-20 (N02)', '171203519', NULL, NULL, NULL),
('MHT235.3-1-20 (N02)', '171210012', NULL, NULL, NULL),
('MHT235.3-1-20 (N02)', '171210104', NULL, NULL, NULL),
('MHT235.3-1-20 (N02)', '171210758', NULL, NULL, NULL),
('MHT235.3-1-20 (N02)', '171212125', NULL, NULL, NULL),
('MHT235.3-1-20 (N02)', '171212200', NULL, NULL, NULL),
('MHT235.3-1-20 (N02)', '991790002', NULL, NULL, NULL),
('MHT235.3-1-20 (N03)', '160702121', NULL, NULL, NULL),
('MHT235.3-1-20 (N03)', '160702239', NULL, NULL, NULL),
('MHT235.3-1-20 (N03)', '171200013', NULL, NULL, NULL),
('MHT235.3-1-20 (N03)', '171200031', NULL, NULL, NULL),
('MHT235.3-1-20 (N03)', '171200127', NULL, NULL, NULL),
('MHT235.3-1-20 (N03)', '171200301', NULL, NULL, NULL),
('MHT235.3-1-20 (N03)', '171200396', NULL, NULL, NULL),
('MHT235.3-1-20 (N03)', '171200455', NULL, NULL, NULL),
('MHT235.3-1-20 (N03)', '171200475', NULL, NULL, NULL),
('MHT235.3-1-20 (N03)', '171200506', NULL, NULL, NULL),
('MHT235.3-1-20 (N03)', '171200552', NULL, NULL, NULL),
('MHT235.3-1-20 (N03)', '171200563', NULL, NULL, NULL),
('MHT235.3-1-20 (N03)', '171200585', NULL, NULL, NULL),
('MHT235.3-1-20 (N03)', '171200616', NULL, NULL, NULL),
('MHT235.3-1-20 (N03)', '171200705', NULL, NULL, NULL),
('MHT235.3-1-20 (N03)', '171200780', NULL, NULL, NULL),
('MHT235.3-1-20 (N03)', '171200902', NULL, NULL, NULL),
('MHT235.3-1-20 (N03)', '171201160', NULL, NULL, NULL),
('MHT235.3-1-20 (N03)', '171201228', NULL, NULL, NULL),
('MHT235.3-1-20 (N03)', '171201317', NULL, NULL, NULL),
('MHT235.3-1-20 (N03)', '171201369', NULL, NULL, NULL),
('MHT235.3-1-20 (N03)', '171201396', NULL, NULL, NULL),
('MHT235.3-1-20 (N03)', '171201446', NULL, NULL, NULL),
('MHT235.3-1-20 (N03)', '171201648', NULL, NULL, NULL),
('MHT235.3-1-20 (N03)', '171201758', NULL, NULL, NULL),
('MHT235.3-1-20 (N03)', '171201863', NULL, NULL, NULL),
('MHT235.3-1-20 (N03)', '171201895', NULL, NULL, NULL),
('MHT235.3-1-20 (N03)', '171201955', NULL, NULL, NULL),
('MHT235.3-1-20 (N03)', '171202022', NULL, NULL, NULL),
('MHT235.3-1-20 (N03)', '171202078', NULL, NULL, NULL),
('MHT235.3-1-20 (N03)', '171202145', NULL, NULL, NULL),
('MHT235.3-1-20 (N03)', '171202168', NULL, NULL, NULL),
('MHT235.3-1-20 (N03)', '171202209', NULL, NULL, NULL),
('MHT235.3-1-20 (N03)', '171202255', NULL, NULL, NULL),
('MHT235.3-1-20 (N03)', '171202266', NULL, NULL, NULL),
('MHT235.3-1-20 (N03)', '171202409', NULL, NULL, NULL),
('MHT235.3-1-20 (N03)', '171202466', NULL, NULL, NULL),
('MHT235.3-1-20 (N03)', '171202676', NULL, NULL, NULL),
('MHT235.3-1-20 (N03)', '171202727', NULL, NULL, NULL),
('MHT235.3-1-20 (N03)', '171202793', NULL, NULL, NULL),
('MHT235.3-1-20 (N03)', '171202883', NULL, NULL, NULL),
('MHT235.3-1-20 (N03)', '171202952', NULL, NULL, NULL),
('MHT235.3-1-20 (N03)', '171203004', NULL, NULL, NULL),
('MHT235.3-1-20 (N03)', '171203083', NULL, NULL, NULL),
('MHT235.3-1-20 (N03)', '171203103', NULL, NULL, NULL),
('MHT235.3-1-20 (N03)', '171203242', NULL, NULL, NULL),
('MHT235.3-1-20 (N03)', '171203401', NULL, NULL, NULL),
('MHT235.3-1-20 (N03)', '171203513', NULL, NULL, NULL),
('MHT235.3-1-20 (N03)', '171210156', NULL, NULL, NULL),
('MHT235.3-1-20 (N03)', '171210167', NULL, NULL, NULL),
('MHT235.3-1-20 (N03)', '171210219', NULL, NULL, NULL),
('MHT235.3-1-20 (N03)', '171210908', NULL, NULL, NULL),
('MHT235.3-1-20 (N03)', '171211496', NULL, NULL, NULL),
('MHT235.3-1-20 (N03)', '171211596', NULL, NULL, NULL),
('MHT235.3-1-20 (N03)', '171212346', NULL, NULL, NULL),
('MHT235.3-1-20 (N03)', '171212668', NULL, NULL, NULL),
('MHT235.3-1-20 (N03)', '171213540', NULL, NULL, NULL),
('MHT235.3-1-20 (N04)', '160702159', NULL, NULL, NULL),
('MHT235.3-1-20 (N04)', '160713702', NULL, NULL, NULL),
('MHT235.3-1-20 (N04)', '171200130', NULL, NULL, NULL),
('MHT235.3-1-20 (N04)', '171200170', NULL, NULL, NULL),
('MHT235.3-1-20 (N04)', '171200232', NULL, NULL, NULL),
('MHT235.3-1-20 (N04)', '171200312', NULL, NULL, NULL),
('MHT235.3-1-20 (N04)', '171200397', NULL, NULL, NULL),
('MHT235.3-1-20 (N04)', '171200458', NULL, NULL, NULL),
('MHT235.3-1-20 (N04)', '171200469', NULL, NULL, NULL),
('MHT235.3-1-20 (N04)', '171200480', NULL, NULL, NULL),
('MHT235.3-1-20 (N04)', '171200511', NULL, NULL, NULL),
('MHT235.3-1-20 (N04)', '171200571', NULL, NULL, NULL),
('MHT235.3-1-20 (N04)', '171200623', NULL, NULL, NULL),
('MHT235.3-1-20 (N04)', '171200752', NULL, NULL, NULL),
('MHT235.3-1-20 (N04)', '171200785', NULL, NULL, NULL),
('MHT235.3-1-20 (N04)', '171200827', NULL, NULL, NULL),
('MHT235.3-1-20 (N04)', '171200928', NULL, NULL, NULL),
('MHT235.3-1-20 (N04)', '171201239', NULL, NULL, NULL),
('MHT235.3-1-20 (N04)', '171201330', NULL, NULL, NULL),
('MHT235.3-1-20 (N04)', '171201371', NULL, NULL, NULL),
('MHT235.3-1-20 (N04)', '171201468', NULL, NULL, NULL),
('MHT235.3-1-20 (N04)', '171201500', NULL, NULL, NULL),
('MHT235.3-1-20 (N04)', '171201614', NULL, NULL, NULL),
('MHT235.3-1-20 (N04)', '171201669', NULL, NULL, NULL),
('MHT235.3-1-20 (N04)', '171201776', NULL, NULL, NULL),
('MHT235.3-1-20 (N04)', '171201875', NULL, NULL, NULL),
('MHT235.3-1-20 (N04)', '171201933', NULL, NULL, NULL),
('MHT235.3-1-20 (N04)', '171201960', NULL, NULL, NULL),
('MHT235.3-1-20 (N04)', '171202064', NULL, NULL, NULL),
('MHT235.3-1-20 (N04)', '171202160', NULL, NULL, NULL),
('MHT235.3-1-20 (N04)', '171202219', NULL, NULL, NULL),
('MHT235.3-1-20 (N04)', '171202261', NULL, NULL, NULL),
('MHT235.3-1-20 (N04)', '171202299', NULL, NULL, NULL),
('MHT235.3-1-20 (N04)', '171202489', NULL, NULL, NULL),
('MHT235.3-1-20 (N04)', '171202682', NULL, NULL, NULL),
('MHT235.3-1-20 (N04)', '171202718', NULL, NULL, NULL),
('MHT235.3-1-20 (N04)', '171202729', NULL, NULL, NULL),
('MHT235.3-1-20 (N04)', '171202836', NULL, NULL, NULL),
('MHT235.3-1-20 (N04)', '171202884', NULL, NULL, NULL),
('MHT235.3-1-20 (N04)', '171202958', NULL, NULL, NULL),
('MHT235.3-1-20 (N04)', '171203055', NULL, NULL, NULL),
('MHT235.3-1-20 (N04)', '171203125', NULL, NULL, NULL),
('MHT235.3-1-20 (N04)', '171203441', NULL, NULL, NULL),
('MHT235.3-1-20 (N04)', '171203458', NULL, NULL, NULL),
('MHT235.3-1-20 (N04)', '171203514', NULL, NULL, NULL),
('MHT235.3-1-20 (N04)', '171203575', NULL, NULL, NULL),
('MHT235.3-1-20 (N04)', '171210015', NULL, NULL, NULL),
('MHT235.3-1-20 (N04)', '171210074', NULL, NULL, NULL),
('MHT235.3-1-20 (N04)', '171210220', NULL, NULL, NULL),
('MHT235.3-1-20 (N04)', '171210553', NULL, NULL, NULL),
('MHT235.3-1-20 (N04)', '171210588', NULL, NULL, NULL),
('MHT235.3-1-20 (N04)', '171211391', NULL, NULL, NULL),
('MHT235.3-1-20 (N04)', '171212097', NULL, NULL, NULL),
('MHT235.3-1-20 (N04)', '171212388', NULL, NULL, NULL),
('MHT235.3-1-20 (N04)', '171213248', NULL, NULL, NULL);
-------------------------------------------------------------



INSERT INTO schedule (id_schedule, id_module_class, id_room, shift_schedule, day_schedule,number_student) 
VALUES
('1', 'MHT235.3-1-20 (N01)', '401b-A7', '1', cast(N'2020/08/26' as date), NULL),
('10', 'MHT235.3-1-20 (N01.BT1)', '401b-A7', '1', cast(N'2020/08/28' as date), NULL),
('100', 'MHT07.3-1-20 (N01.BT1)', '401b-A7', '2', cast(N'2020/10/09' as date), NULL),
('101', 'MHT07.3-1-20 (N01.BT1)', '401b-A7', '2', CAST(N'2020/10/16'as date), NULL),
('102', 'MHT07.3-1-20 (N01.BT1)', '401b-A7', '2', CAST(N'2020/10/23'as date), NULL),
('103', 'MHT07.3-1-20 (N01.BT1)', '401b-A7', '2',CAST(N'2020/10/30'as date), NULL),
('104', 'MHT07.3-1-20 (N01.BT1)', '401b-A7', '2', CAST(N'2020/11/06'as date), NULL),
('105', 'MHT07.3-1-20 (N01.BT1)', '401b-A7', '2', CAST(N'2020/11/13'as date), NULL),
('106', 'MHT07.3-1-20 (N01.BT1)', '401b-A7', '2', CAST(N'2020/11/20'as date), NULL),
('107', 'MHT07.3-1-20 (N01.BT1)', '401b-A7', '2', CAST(N'2020/11/27'as date), NULL),
('108', 'MHT07.3-1-20 (N01.BT1)', '401b-A7', '2', CAST(N'2020/12/04'as date), NULL),
('109', 'MHT235.3-1-20 (N02)', '401b-A7', '4', CAST(N'2020/08/28'as date), NULL),
('11', 'MHT235.3-1-20 (N01.BT1)', '401b-A7', '1', CAST(N'2020/11/04'as date), NULL),
('110', 'MHT235.3-1-20 (N02)', '401b-A7', '4', CAST(N'2020/09/04'as date), NULL),
('111', 'MHT235.3-1-20 (N02)', '401b-A7', '4', CAST(N'2020/09/11'as date), NULL),
('112', 'MHT235.3-1-20 (N02)', '401b-A7', '4', CAST(N'2020/09/18'as date), NULL),
('113', 'MHT235.3-1-20 (N02)', '401b-A7', '4', CAST(N'2020/09/25'as date), NULL),
('114', 'MHT235.3-1-20 (N02)', '401b-A7', '4', CAST(N'2020/10/02'as date), NULL),
('115', 'MHT235.3-1-20 (N02)', '401b-A7', '4', CAST(N'2020/10/09'as date), NULL),
('116', 'MHT235.3-1-20 (N02)', '401b-A7', '4', CAST(N'2020/10/16' as date), NULL),
('117', 'MHT235.3-1-20 (N02)', '401b-A7', '4', CAST(N'2020/10/23'as date), NULL),
('118', 'MHT235.3-1-20 (N02.BT1)', '401b-A7', '4', CAST(N'2020/10/30'as date), NULL),
('119', 'MHT235.3-1-20 (N02.BT1)', '401b-A7', '4', CAST(N'2020/11/06'as date), NULL),
('12', 'MHT235.3-1-20 (N01.BT1)', '401b-A7', '1', CAST(N'2020/11/11'as date), NULL),
('120', 'MHT235.3-1-20 (N02.BT1)', '401b-A7', '4', CAST(N'2020/11/13'as date), NULL),
('121', 'MHT235.3-1-20 (N02.BT1)', '401b-A7', '4', CAST(N'2020/11/20'as date), NULL),
('122', 'CPM10.3-1-20 (N02)', '401b-A7', '3', CAST(N'2020/08/24'as date), NULL),
('123', 'CPM10.3-1-20 (N02)', '401b-A7', '3', CAST(N'2020/08/31'as date), NULL),
('124', 'CPM10.3-1-20 (N02)', '401b-A7', '4', CAST(N'2020/08/27'as date), NULL),
('125', 'CPM10.3-1-20 (N02)', '401b-A7', '4', CAST(N'2020/09/03'as date), NULL),
('126', 'CPM10.3-1-20 (N02)', '401b-A7', '3', CAST(N'2020/09/07'as date), NULL),
('127', 'CPM10.3-1-20 (N02)', '401b-A7', '3', CAST(N'2020/09/14'as date), NULL),
('128', 'CPM10.3-1-20 (N02)', '401b-A7', '3', CAST(N'2020/09/21'as date), NULL),
('129', 'CPM10.3-1-20 (N02)', '401b-A7', '3', CAST(N'2020/09/28'as date), NULL),
('13', 'MHT235.3-1-20 (N01.BT1)', '401b-A7', '1', CAST(N'2020/11/18'as date), NULL),
('130', 'CPM10.3-1-20 (N02)', '401b-A7', '3', CAST(N'2020/10/05'as date), NULL),
('131', 'CPM10.3-1-20 (N02)', '401b-A7', '3', CAST(N'2020/10/12'as date), NULL),
('132', 'CPM10.3-1-20 (N02)', '401b-A7', '3', CAST(N'2020/10/19'as date), NULL),
('133', 'CPM10.3-1-20 (N02.BT1)', '401b-A7', '3', CAST(N'2020/10/26' as date), NULL),
('134', 'CPM10.3-1-20 (N02.BT1)', '401b-A7', '3', CAST(N'2020/11/02' as date), NULL),
('135', 'CPM10.3-1-20 (N02.BT1)', '401b-A7', '3', CAST(N'2020/11/09'as date), NULL),
('136', 'CPM10.3-1-20 (N02.BT1)', '401b-A7', '3', CAST(N'2020/11/16'as date), NULL),
('137', 'CPM10.3-1-20 (N02.BT1)', '401b-A7', '3', CAST(N'2020/11/23'as date), NULL),
('138', 'CPM10.3-1-20 (N02.BT1)', '401b-A7', '3', CAST(N'2020/11/30'as date) , NULL),
('14', 'CPM10.3-1-20 (N01)', '401b-A7', '1', CAST(N'2020/08/29'as date), NULL),
('15', 'CPM10.3-1-20 (N01)', '401b-A7', '1', CAST(N'2020/09/05'as date), NULL),
('150', 'KHM10.3-1-20 (N02)', '401b-A7', '3', CAST(N'2020/08/27'as date), NULL),
('151', 'KHM10.3-1-20 (N02)', '401b-A7', '3', CAST(N'2020/09/03'as date), NULL),
('152', 'KHM10.3-1-20 (N02)', '401b-A7', '4', CAST(N'2020/08/25'as date), NULL),
('153', 'KHM10.3-1-20 (N02)', '401b-A7', '4', CAST(N'2020/09/01'as date), NULL),
('154', 'KHM10.3-1-20 (N02)', '401b-A7', '4', CAST(N'2020/09/08'as date), NULL),
('155', 'KHM10.3-1-20 (N02)', '401b-A7', '4', CAST(N'2020/09/15'as date), NULL),
('156', 'KHM10.3-1-20 (N02)', '401b-A7', '4', CAST(N'2020/09/22'as date), NULL),
('157', 'KHM10.3-1-20 (N02)', '401b-A7', '4', CAST(N'2020/09/29'as date), NULL),
('158', 'KHM10.3-1-20 (N02)', '401b-A7', '4', CAST(N'2020/10/06'as date), NULL),
('159', 'KHM10.3-1-20 (N02)', '401b-A7', '4', CAST(N'2020/10/13'as date), NULL),
('16', 'CPM10.3-1-20 (N01)', '401b-A7', '1', CAST(N'2020/09/12'as date), NULL),
('160', 'KHM10.3-1-20 (N02)', '401b-A7', '4', CAST(N'2020/10/20'as date), NULL),
('161', 'KHM10.3-1-20 (N02.BT1)', '401b-A7', '4', CAST(N'2020/10/27'as date), NULL),
('162', 'KHM10.3-1-20 (N02.BT1)', '401b-A7', '4', CAST(N'2020/11/03'as date), NULL),
('163', 'KHM10.3-1-20 (N02.BT1)', '401b-A7', '4', CAST(N'2020/11/10'as date), NULL),
('164', 'KHM10.3-1-20 (N02.BT1)', '401b-A7', '4', CAST(N'2020/11/17'as date), NULL),
('165', 'KHM10.3-1-20 (N02.BT1)', '401b-A7', '4',CAST(N'2020/11/24'as date), NULL),
('166', 'KHM10.3-1-20 (N02.BT1)', '401b-A7', '4', CAST(N'2020/12/01'as date), NULL),
('167', 'MHT12.3-1-20 (N02)', '401b-A7', '3',CAST(N'2020/08/25'as date), NULL),
('168', 'MHT12.3-1-20 (N02)', '401b-A7', '3', CAST(N'2020/09/01'as date), NULL),
('169', 'MHT12.3-1-20 (N02)', '401b-A7', '3', CAST(N'2020/09/08'as date), NULL),
('17', 'CPM10.3-1-20 (N01)', '401b-A7', '1', CAST(N'2020/09/19'as date), NULL),
('170', 'MHT12.3-1-20 (N02)', '401b-A7', '3', CAST(N'2020/09/15'as date), NULL),
('171', 'MHT12.3-1-20 (N02)', '401b-A7', '3', CAST(N'2020/09/22'as date), NULL),
('172', 'MHT12.3-1-20 (N02)', '401b-A7', '3',CAST(N'2020/09/29'as date), NULL),
('173', 'MHT12.3-1-20 (N02)', '401b-A7', '3', CAST(N'2020/10/06'as date), NULL),
('174', 'MHT12.3-1-20 (N02)', '401b-A7', '3', CAST(N'2020/10/13'as date), NULL),
('175', 'MHT12.3-1-20 (N02)', '401b-A7', '3', CAST(N'2020/10/20'as date), NULL),
('176', 'MHT12.3-1-20 (N02)', '401b-A7', '3',CAST(N'2020/10/27'as date), NULL),
('177', 'MHT12.3-1-20 (N02)', '401b-A7', '3', CAST(N'2020/11/03'as date), NULL),
('178', 'MHT12.3-1-20 (N02.BT1)', '401b-A7', '4', CAST(N'2020/09/24'as date), NULL),
('179', 'MHT12.3-1-20 (N02.BT1)', '401b-A7', '4', CAST(N'2020/10/01'as date), NULL),
('18', 'CPM10.3-1-20 (N01)', '401b-A7', '1', CAST(N'2020/09/26'as date), NULL),
('180', 'MHT12.3-1-20 (N02.BT1)', '401b-A7', '4', CAST(N'2020/10/08'as date), NULL),
('181', 'MHT12.3-1-20 (N02.BT1)', '401b-A7', '4', CAST(N'2020/10/15'as date), NULL),
('182', 'MHT12.3-1-20 (N02.BT1)', '401b-A7', '4', CAST(N'2020/10/22'as date), NULL),
('183', 'MHT12.3-1-20 (N02.BT1)', '401b-A7', '4', CAST(N'2020/10/29'as date), NULL),
('184', 'MHT12.3-1-20 (N02.BT1)', '401b-A7', '4', CAST(N'2020/11/05'as date), NULL),
('185', 'MHT12.3-1-20 (N02.BT1)', '401b-A7', '4', CAST(N'2020/11/12'as date), NULL),
('186', 'MHT12.3-1-20 (N02.BT1)', '401b-A7', '4', CAST(N'2020/11/19'as date), NULL),
('187', 'MHT12.3-1-20 (N02.BT1)', '401b-A7', '4', CAST(N'2020/11/26'as date), NULL),
('188', 'MHT12.3-1-20 (N02.BT1)', '401b-A7', '4', CAST(N'2020/12/03'as date), NULL),
('189', 'CPM07.3-1-20 (N02)', '401b-A7', '3', CAST(N'2020/08/28'as date), NULL),
('19', 'CPM10.3-1-20 (N01)', '401b-A7', '1', CAST(N'2020/10/03'as date), NULL),
('190', 'CPM07.3-1-20 (N02)', '401b-A7', '3', CAST(N'2020/09/04'as date), NULL),
('191', 'CPM07.3-1-20 (N02)', '401b-A7', '3', CAST(N'2020/09/11'as date), NULL),
('192', 'CPM07.3-1-20 (N02)', '401b-A7', '3', CAST(N'2020/09/18'as date), NULL),
('193', 'CPM07.3-1-20 (N02)', '401b-A7', '3', CAST(N'2020/09/25'as date), NULL),
('194', 'CPM07.3-1-20 (N02)', '401b-A7', '3', CAST(N'2020/10/02'as date), NULL),
('195', 'CPM07.3-1-20 (N02)', '401b-A7', '3',CAST(N'2020/10/09'as date), NULL),
('196', 'CPM07.3-1-20 (N02)', '401b-A7', '3', CAST(N'2020/10/16'as date), NULL),
('197', 'CPM07.3-1-20 (N02)', '401b-A7', '3', CAST(N'2020/10/23'as date), NULL),
('198', 'CPM07.3-1-20 (N02)', '401b-A7', '3', CAST(N'2020/10/30'as date), NULL),
('199', 'CPM07.3-1-20 (N02)', '401b-A7', '3', CAST(N'2020/11/06'as date), NULL);

INSERT INTO schedule (id_schedule, id_module_class, id_room, shift_schedule, day_schedule,number_student) 
VALUES
('2', 'MHT235.3-1-20 (N01)', '401b-A7', '1', CAST(N'2020/09/02'as date), NULL),
('20', 'CPM10.3-1-20 (N01)', '401b-A7', '1', CAST(N'2020/10/10'as date), NULL),
('200', 'CPM07.3-1-20 (N02.BT1)', '401b-A7', '3',CAST(N'2020/11/13'as date), NULL),
('201', 'CPM07.3-1-20 (N02.BT1)', '401b-A7', '3', CAST(N'2020/11/20'as date), NULL),
('202', 'CPM07.3-1-20 (N02.BT1)', '401b-A7', '3', CAST(N'2020/11/27'as date), NULL),
('203', 'CPM07.3-1-20 (N02.BT1)', '401b-A7', '4', CAST(N'2020/11/09'as date), NULL),
('204', 'CPM07.3-1-20 (N02.BT1)', '401b-A7', '4', CAST(N'2020/11/16'as date), NULL),
('205', 'CPM07.3-1-20 (N02.BT1)', '401b-A7', '4', CAST(N'2020/11/23'as date), NULL),
('206', 'MHT07.3-1-20 (N02)', '401b-A7', '4', CAST(N'2020/08/24'as date), NULL),
('207', 'MHT07.3-1-20 (N02)', '401b-A7', '4', CAST(N'2020/08/31'as date), NULL),
('208', 'MHT07.3-1-20 (N02)', '401b-A7', '4', CAST(N'2020/09/07'as date), NULL),
('209', 'MHT07.3-1-20 (N02)', '401b-A7', '4', CAST(N'2020/09/14'as date), NULL),
('21', 'CPM10.3-1-20 (N01)', '401b-A7', '1', CAST(N'2020/10/17'as date), NULL),
('210', 'MHT07.3-1-20 (N02)', '401b-A7', '4', CAST(N'2020/09/21'as date), NULL),
('211', 'MHT07.3-1-20 (N02)', '401b-A7', '4', CAST(N'2020/09/28'as date), NULL),
('212', 'MHT07.3-1-20 (N02)', '401b-A7', '4', CAST(N'2020/10/05'as date), NULL),
('213', 'MHT07.3-1-20 (N02)', '401b-A7', '4', CAST(N'2020/10/12'as date), NULL),
('214', 'MHT07.3-1-20 (N02)', '401b-A7', '4', CAST(N'2020/10/19'as date), NULL),
('215', 'MHT07.3-1-20 (N02)', '401b-A7', '4', CAST(N'2020/10/26'as date), NULL),
('216', 'MHT07.3-1-20 (N02)', '401b-A7', '4', CAST(N'2020/11/02'as date), NULL),
('217', 'MHT07.3-1-20 (N02.BT1)', '401b-A7', '3', CAST(N'2020/09/24'as date), NULL),
('218', 'MHT07.3-1-20 (N02.BT1)', '401b-A7', '3', CAST(N'2020/10/01'as date), NULL),
('219', 'MHT07.3-1-20 (N02.BT1)', '401b-A7', '3', CAST(N'2020/10/08'as date), NULL),
('22', 'CPM10.3-1-20 (N01)', '401b-A7', '1', CAST(N'2020/10/24'as date), NULL),
('220', 'MHT07.3-1-20 (N02.BT1)', '401b-A7', '3', CAST(N'2020/10/15'as date), NULL),
('221', 'MHT07.3-1-20 (N02.BT1)', '401b-A7', '3', CAST(N'2020/10/22'as date), NULL),
('222', 'MHT07.3-1-20 (N02.BT1)', '401b-A7', '3', CAST(N'2020/10/29'as date), NULL),
('223', 'MHT07.3-1-20 (N02.BT1)', '401b-A7', '3', CAST(N'2020/11/05'as date), NULL),
('224', 'MHT07.3-1-20 (N02.BT1)', '401b-A7', '3', CAST(N'2020/11/12'as date), NULL),
('225', 'MHT07.3-1-20 (N02.BT1)', '401b-A7', '3', CAST(N'2020/11/19'as date), NULL),
('226', 'MHT07.3-1-20 (N02.BT1)', '401b-A7', '3', CAST(N'2020/11/26'as date), NULL),
('227', 'MHT07.3-1-20 (N02.BT1)', '401b-A7', '3', CAST(N'2020/12/03'as date), NULL),
('228', 'MHT235.3-1-20 (N03)', '401a-A7', '3', CAST(N'2020/08/29'as date), NULL),
('229', 'MHT235.3-1-20 (N03)', '401a-A7', '3', CAST(N'2020/09/05'as date), NULL),
('23', 'CPM10.3-1-20 (N01)', '401b-A7', '1', CAST(N'2020/10/31'as date), NULL),
('230', 'MHT235.3-1-20 (N03)', '401a-A7', '3', CAST(N'2020/09/12'as date), NULL),
('231', 'MHT235.3-1-20 (N03)', '401a-A7', '3', CAST(N'2020/09/19'as date), NULL),
('232', 'MHT235.3-1-20 (N03)', '401a-A7', '3', CAST(N'2020/09/26'as date), NULL),
('233', 'MHT235.3-1-20 (N03)', '401a-A7', '3', CAST(N'2020/10/03'as date), NULL),
('234', 'MHT235.3-1-20 (N03)', '401a-A7', '3', CAST(N'2020/10/10'as date), NULL),
('235', 'MHT235.3-1-20 (N03)', '401a-A7', '3', CAST(N'2020/10/17'as date), NULL),
('236', 'MHT235.3-1-20 (N03)', '401a-A7', '3', CAST(N'2020/10/24'as date), NULL),
('237', 'MHT235.3-1-20 (N03.BT1)', '401a-A7', '3', CAST(N'2020/10/31'as date), NULL),
('238', 'MHT235.3-1-20 (N03.BT1)', '401a-A7', '3', CAST(N'2020/11/07'as date), NULL),
('239', 'MHT235.3-1-20 (N03.BT1)', '401a-A7', '3', CAST(N'2020/11/14'as date), NULL),
('24', 'CPM10.3-1-20 (N01)', '401b-A7', '1', CAST(N'2020/11/07'as date), NULL),
('240', 'MHT235.3-1-20 (N03.BT1)', '401a-A7', '3', CAST(N'2020/11/21'as date), NULL),
('241', 'CPM10.3-1-20 (N03)', '401a-A7', '3', CAST(N'2020/08/25'as date), NULL),
('242', 'CPM10.3-1-20 (N03)', '401a-A7', '3', CAST(N'2020/09/01'as date), NULL),
('243', 'CPM10.3-1-20 (N03)', '401a-A7', '3', CAST(N'2020/09/08'as date), NULL),
('244', 'CPM10.3-1-20 (N03)', '401a-A7', '3', CAST(N'2020/09/15'as date), NULL),
('245', 'CPM10.3-1-20 (N03)', '401a-A7', '3', CAST(N'2020/09/22'as date), NULL),
('246', 'CPM10.3-1-20 (N03)', '401a-A7', '3', CAST(N'2020/09/29'as date), NULL),
('247', 'CPM10.3-1-20 (N03)', '401a-A7', '3', CAST(N'2020/10/06'as date), NULL),
('248', 'CPM10.3-1-20 (N03)', '401a-A7', '3', CAST(N'2020/10/13'as date), NULL),
('249', 'CPM10.3-1-20 (N03)', '401a-A7', '3', CAST(N'2020/10/20'as date), NULL),
('25', 'CPM10.3-1-20 (N01.BT1)', '401b-A7', '1', CAST(N'2020/11/14'as date), NULL),
('250', 'CPM10.3-1-20 (N03)', '401a-A7', '3', CAST(N'2020/10/27'as date), NULL),
('251', 'CPM10.3-1-20 (N03)', '401a-A7', '3', CAST(N'2020/11/03'as date), NULL),
('252', 'CPM10.3-1-20 (N03.BT1)', '401b-A7', '4', CAST(N'2020/11/11'as date), NULL),
('253', 'CPM10.3-1-20 (N03.BT1)', '401b-A7', '4', CAST(N'2020/11/18'as date), NULL),
('254', 'CPM10.3-1-20 (N03.BT1)', '401b-A7', '4', CAST(N'2020/11/25'as date), NULL),
('255', 'CPM10.3-1-20 (N03.BT1)', '401a-A7', '3', CAST(N'2020/11/10'as date), NULL),
('256', 'CPM10.3-1-20 (N03.BT1)', '401a-A7', '3', CAST(N'2020/11/17'as date), NULL),
('257', 'CPM10.3-1-20 (N03.BT1)', '401a-A7', '3', CAST(N'2020/11/24'as date), NULL),
('26', 'CPM10.3-1-20 (N01.BT1)', '401b-A7', '1', CAST(N'2020/11/21'as date), NULL),
('269', 'KHM10.3-1-20 (N02)', '401b-A7', '3', CAST(N'2020/08/27'as date), NULL),
('27', 'CPM10.3-1-20 (N01.BT1)', '401b-A7', '1', CAST(N'2020/11/28'as date), NULL),
('270', 'KHM10.3-1-20 (N02)', '401b-A7', '3', CAST(N'2020/09/03'as date), NULL),
('271', 'KHM10.3-1-20 (N02)', '401b-A7', '4', CAST(N'2020/08/25'as date), NULL),
('272', 'KHM10.3-1-20 (N02)', '401b-A7', '4', CAST(N'2020/09/01'as date), NULL),
('273', 'KHM10.3-1-20 (N02)', '401b-A7', '4',CAST(N'2020/09/08'as date), NULL),
('274', 'KHM10.3-1-20 (N02)', '401b-A7', '4', CAST(N'2020/09/15'as date), NULL),
('275', 'KHM10.3-1-20 (N02)', '401b-A7', '4', CAST(N'2020/09/22'as date), NULL),
('276', 'KHM10.3-1-20 (N02)', '401b-A7', '4', CAST(N'2020/09/29'as date), NULL),
('277', 'KHM10.3-1-20 (N02)', '401b-A7', '4', CAST(N'2020/10/06'as date), NULL),
('278', 'KHM10.3-1-20 (N02)', '401b-A7', '4', CAST(N'2020/10/13'as date), NULL),
('279', 'KHM10.3-1-20 (N02)', '401b-A7', '4', CAST(N'2020/10/20'as date), NULL),
('28', 'CPM10.3-1-20 (N01.BT1)', '401b-A7', '1', CAST(N'2020/11/10'as date), NULL),
('280', 'KHM10.3-1-20 (N02.BT1)', '401b-A7', '4', CAST(N'2020/10/27'as date), NULL),
('281', 'KHM10.3-1-20 (N02.BT1)', '401b-A7', '4', CAST(N'2020/11/03'as date), NULL),
('282', 'KHM10.3-1-20 (N02.BT1)', '401b-A7', '4', CAST(N'2020/11/10'as date), NULL),
('283', 'KHM10.3-1-20 (N02.BT1)', '401b-A7', '4', CAST(N'2020/11/17'as date), NULL),
('284', 'KHM10.3-1-20 (N02.BT1)', '401b-A7', '4', CAST(N'2020/11/24'as date), NULL),
('285', 'KHM10.3-1-20 (N02.BT1)', '401b-A7', '4', CAST(N'2020/12/01'as date), NULL),
('286', 'MHT12.3-1-20 (N03)', '401b-A7', '4', CAST(N'2020/08/26'as date), NULL),
('287', 'MHT12.3-1-20 (N03)', '401b-A7', '4', CAST(N'2020/09/02'as date), NULL),
('288', 'MHT12.3-1-20 (N03)', '401b-A7', '4', CAST(N'2020/09/09'as date), NULL),
('289', 'MHT12.3-1-20 (N03)', '401b-A7', '4', CAST(N'2020/09/16'as date), NULL),
('29', 'CPM10.3-1-20 (N01.BT1)', '401b-A7', '1', CAST(N'2020/11/17'as date), NULL),
('290', 'MHT12.3-1-20 (N03)', '401b-A7', '4', CAST(N'2020/09/23'as date), NULL),
('291', 'MHT12.3-1-20 (N03)', '401b-A7', '4', CAST(N'2020/09/30'as date), NULL),
('292', 'MHT12.3-1-20 (N03)', '401b-A7', '4', CAST(N'2020/10/07'as date), NULL),
('293', 'MHT12.3-1-20 (N03)', '401b-A7', '4', CAST(N'2020/10/14'as date), NULL),
('294', 'MHT12.3-1-20 (N03)', '401b-A7', '4', CAST(N'2020/10/21'as date), NULL),
('295', 'MHT12.3-1-20 (N03)', '401b-A7', '4', CAST(N'2020/10/28'as date), NULL),
('296', 'MHT12.3-1-20 (N03)', '401b-A7', '4', CAST(N'2020/11/04'as date), NULL),
('297', 'MHT12.3-1-20 (N03.BT1)', '401a-A7', '3', CAST(N'2020/09/25'as date), NULL),
('298', 'MHT12.3-1-20 (N03.BT1)', '401a-A7', '3', CAST(N'2020/10/02'as date), NULL),
('299', 'MHT12.3-1-20 (N03.BT1)', '401a-A7', '3', CAST(N'2020/10/09'as date), NULL);

INSERT INTO schedule (id_schedule, id_module_class, id_room, shift_schedule, day_schedule,number_student) 
VALUES
('3', 'MHT235.3-1-20 (N01)', '401b-A7', '1', CAST(N'2020/09/09'as date), NULL),
('30', 'CPM10.3-1-20 (N01.BT1)', '401b-A7', '1', CAST(N'2020/11/24'as date), NULL),
('300', 'MHT12.3-1-20 (N03.BT1)', '401a-A7', '3', CAST(N'2020/10/16'as date), NULL),
('301', 'MHT12.3-1-20 (N03.BT1)', '401a-A7', '3', CAST(N'2020/10/23'as date), NULL),
('302', 'MHT12.3-1-20 (N03.BT1)', '401a-A7', '3', CAST(N'2020/10/30'as date), NULL),
('303', 'MHT12.3-1-20 (N03.BT1)', '401a-A7', '3', CAST(N'2020/11/06'as date), NULL),
('304', 'MHT12.3-1-20 (N03.BT1)', '401a-A7', '3', CAST(N'2020/11/13'as date), NULL),
('305', 'MHT12.3-1-20 (N03.BT1)', '401a-A7', '3', CAST(N'2020/11/20'as date), NULL),
('306', 'MHT12.3-1-20 (N03.BT1)', '401a-A7', '3', CAST(N'2020/11/27'as date), NULL),
('307', 'MHT12.3-1-20 (N03.BT1)', '401a-A7', '3', CAST(N'2020/12/04'as date), NULL),
('308', 'CPM07.3-1-20 (N03)', '401a-A7', '4', CAST(N'2020/08/29'as date), NULL),
('309', 'CPM07.3-1-20 (N03)', '401a-A7', '4', CAST(N'2020/09/05'as date), NULL),
('31', 'KHM10.3-1-20 (N01)', '401b-A7', '2', CAST(N'2020/08/29'as date), NULL),
('310', 'CPM07.3-1-20 (N03)', '401a-A7', '4', CAST(N'2020/09/12'as date), NULL),
('311', 'CPM07.3-1-20 (N03)', '401a-A7', '4', CAST(N'2020/09/19'as date), NULL),
('312', 'CPM07.3-1-20 (N03)', '401a-A7', '4', CAST(N'2020/09/26'as date), NULL),
('313', 'CPM07.3-1-20 (N03)', '401a-A7', '4', CAST(N'2020/10/03'as date), NULL),
('314', 'CPM07.3-1-20 (N03)', '401a-A7', '4', CAST(N'2020/10/10'as date), NULL),
('315', 'CPM07.3-1-20 (N03)', '401a-A7', '4', CAST(N'2020/10/17'as date), NULL),
('316', 'CPM07.3-1-20 (N03)', '401a-A7', '4', CAST(N'2020/10/24'as date), NULL),
('317', 'CPM07.3-1-20 (N03)', '401a-A7', '4', CAST(N'2020/10/31'as date), NULL),
('318', 'CPM07.3-1-20 (N03)', '401a-A7', '4', CAST(N'2020/11/07'as date), NULL),
('319', 'CPM07.3-1-20 (N03.BT1)', '401a-A7', '4', CAST(N'2020/11/14'as date), NULL),
('32', 'KHM10.3-1-20 (N01)', '401b-A7', '2', CAST(N'2020/09/05'as date), NULL),
('320', 'CPM07.3-1-20 (N03.BT1)', '401a-A7', '4',CAST(N'2020/11/21'as date), NULL),
('321', 'CPM07.3-1-20 (N03.BT1)', '401a-A7', '4', CAST(N'2020/11/28'as date), NULL),
('322', 'CPM07.3-1-20 (N03.BT1)', '401b-A7', '3', CAST(N'2020/11/11'as date), NULL),
('323', 'CPM07.3-1-20 (N03.BT1)', '401b-A7', '3', CAST(N'2020/11/18'as date), NULL),
('324', 'CPM07.3-1-20 (N03.BT1)', '401b-A7', '3', CAST(N'2020/11/25'as date), NULL),
('325', 'MHT07.3-1-20 (N03)', '401b-A7', '3', CAST(N'2020/08/26'as date), NULL),
('326', 'MHT07.3-1-20 (N03)', '401b-A7', '3', CAST(N'2020/09/02'as date), NULL),
('327', 'MHT07.3-1-20 (N03)', '401b-A7', '3', CAST(N'2020/09/09'as date), NULL),
('328', 'MHT07.3-1-20 (N03)', '401b-A7', '3', CAST(N'2020/09/16'as date), NULL),
('329', 'MHT07.3-1-20 (N03)', '401b-A7', '3',CAST(N'2020/09/23'as date), NULL),
('33', 'KHM10.3-1-20 (N01)', '401b-A7', '2', CAST(N'2020/09/12'as date), NULL),
('330', 'MHT07.3-1-20 (N03)', '401b-A7', '3', CAST(N'2020/09/30'as date), NULL),
('331', 'MHT07.3-1-20 (N03)', '401b-A7', '3', CAST(N'2020/10/07'as date), NULL),
('332', 'MHT07.3-1-20 (N03)', '401b-A7', '3', CAST(N'2020/10/14'as date), NULL),
('333', 'MHT07.3-1-20 (N03)', '401b-A7', '3', CAST(N'2020/10/21'as date), NULL),
('334', 'MHT07.3-1-20 (N03)', '401b-A7', '3', CAST(N'2020/10/28'as date), NULL),
('335', 'MHT07.3-1-20 (N03)', '401b-A7', '3', CAST(N'2020/11/04'as date), NULL),
('336', 'MHT07.3-1-20 (N03.BT1)', '401a-A7', '4', CAST(N'2020/09/25'as date), NULL),
('337', 'MHT07.3-1-20 (N03.BT1)', '401a-A7', '4', CAST(N'2020/10/02'as date), NULL),
('338', 'MHT07.3-1-20 (N03.BT1)', '401a-A7', '4', CAST(N'2020/10/09'as date), NULL),
('339', 'MHT07.3-1-20 (N03.BT1)', '401a-A7', '4', CAST(N'2020/10/16'as date), NULL),
('34', 'KHM10.3-1-20 (N01)', '401b-A7', '2', CAST(N'2020/09/19'as date), NULL),
('340', 'MHT07.3-1-20 (N03.BT1)', '401a-A7', '4', CAST(N'2020/10/23'as date), NULL),
('341', 'MHT07.3-1-20 (N03.BT1)', '401a-A7', '4', CAST(N'2020/10/30'as date), NULL),
('342', 'MHT07.3-1-20 (N03.BT1)', '401a-A7', '4', CAST(N'2020/11/06'as date), NULL),
('343', 'MHT07.3-1-20 (N03.BT1)', '401a-A7', '4', CAST(N'2020/11/13'as date), NULL),
('344', 'MHT07.3-1-20 (N03.BT1)', '401a-A7', '4', CAST(N'2020/11/20'as date), NULL),
('345', 'MHT07.3-1-20 (N03.BT1)', '401a-A7', '4', CAST(N'2020/11/27'as date), NULL),
('346', 'MHT07.3-1-20 (N03.BT1)', '401a-A7', '4', CAST(N'2020/12/04'as date), NULL),
('347', 'MHT235.3-1-20 (N04)', '401a-A7', '4',CAST(N'2020/08/24'as date), NULL),
('348', 'MHT235.3-1-20 (N04)', '401a-A7', '4', CAST(N'2020/08/31'as date), NULL),
('349', 'MHT235.3-1-20 (N04)', '401a-A7', '4', CAST(N'2020/09/07'as date), NULL),
('35', 'KHM10.3-1-20 (N01)', '401b-A7', '2', CAST(N'2020/09/26'as date), NULL),
('350', 'MHT235.3-1-20 (N04)', '401a-A7', '4',CAST(N'2020/09/14'as date), NULL),
('351', 'MHT235.3-1-20 (N04)', '401a-A7', '4', CAST(N'2020/09/21'as date), NULL),
('352', 'MHT235.3-1-20 (N04)', '401a-A7', '4', CAST(N'2020/09/28'as date), NULL),
('353', 'MHT235.3-1-20 (N04)', '401a-A7', '4',CAST(N'2020/10/05'as date), NULL),
('354', 'MHT235.3-1-20 (N04)', '401a-A7', '4', CAST(N'2020/10/12'as date), NULL),
('355', 'MHT235.3-1-20 (N04)', '401a-A7', '4', CAST(N'2020/10/19'as date), NULL),
('356', 'MHT235.3-1-20 (N04.BT1)', '401a-A7', '4', CAST(N'2020/10/26'as date), NULL),
('357', 'MHT235.3-1-20 (N04.BT1)', '401a-A7', '4', CAST(N'2020/11/02'as date), NULL),
('358', 'MHT235.3-1-20 (N04.BT1)', '401a-A7', '4', CAST(N'2020/11/09'as date), NULL),
('359', 'MHT235.3-1-20 (N04.BT1)', '401a-A7', '4', CAST(N'2020/11/16'as date), NULL),
('36', 'KHM10.3-1-20 (N01)', '401b-A7', '2', CAST(N'2020/10/03'as date), NULL),
('360', 'CPM10.3-1-20 (N04)', '401a-A7', '3', CAST(N'2020/08/26'as date), NULL),
('361', 'CPM10.3-1-20 (N04)', '401a-A7', '3', CAST(N'2020/09/02'as date), NULL),
('362', 'CPM10.3-1-20 (N04)', '401a-A7', '3', CAST(N'2020/09/09'as date), NULL),
('363', 'CPM10.3-1-20 (N04)', '401a-A7', '3', CAST(N'2020/09/16'as date), NULL),
('364', 'CPM10.3-1-20 (N04)', '401a-A7', '3', CAST(N'2020/09/23'as date), NULL),
('365', 'CPM10.3-1-20 (N04)', '401a-A7', '3', CAST(N'2020/09/30'as date), NULL),
('366', 'CPM10.3-1-20 (N04)', '401a-A7', '3', CAST(N'2020/10/07'as date), NULL),
('367', 'CPM10.3-1-20 (N04)', '401a-A7', '3', CAST(N'2020/10/14'as date), NULL),
('368', 'CPM10.3-1-20 (N04)', '401a-A7', '3', CAST(N'2020/10/21'as date), NULL),
('369', 'CPM10.3-1-20 (N04)', '401a-A7', '3', CAST(N'2020/10/28'as date), NULL),
('37', 'KHM10.3-1-20 (N01)', '401b-A7', '2', CAST(N'2020/10/10'as date), NULL),
('370', 'CPM10.3-1-20 (N04)', '401a-A7', '3', CAST(N'2020/11/04'as date), NULL),
('371', 'CPM10.3-1-20 (N04.BT1)', '401a-A7', '3', CAST(N'2020/11/11'as date), NULL),
('372', 'CPM10.3-1-20 (N04.BT1)', '401a-A7', '3', CAST(N'2020/11/18'as date), NULL),
('373', 'CPM10.3-1-20 (N04.BT1)', '401a-A7', '3', CAST(N'2020/11/25'as date), NULL),
('374', 'CPM10.3-1-20 (N04.BT1)', '401a-A7', '3', CAST(N'2020/11/09'as date), NULL),
('375', 'CPM10.3-1-20 (N04.BT1)', '401a-A7', '3', CAST(N'2020/11/16'as date), NULL),
('376', 'CPM10.3-1-20 (N04.BT1)', '401a-A7', '3', CAST(N'2020/11/23'as date), NULL),
('38', 'KHM10.3-1-20 (N01)', '401b-A7', '2', CAST(N'2020/10/17'as date), NULL),
('388', 'KHM10.3-1-20 (N04)', '401a-A7', '2', CAST(N'2020/08/28'as date), NULL),
('389', 'KHM10.3-1-20 (N04)', '401a-A7', '2', CAST(N'2020/09/04'as date), NULL),
('39', 'KHM10.3-1-20 (N01)', '401b-A7', '2', CAST(N'2020/10/24'as date), NULL),
('390', 'KHM10.3-1-20 (N04)', '401a-A7', '2', CAST(N'2020/09/11'as date), NULL),
('391', 'KHM10.3-1-20 (N04)', '401a-A7', '2', CAST(N'2020/09/18'as date), NULL),
('392', 'KHM10.3-1-20 (N04)', '401a-A7', '2', CAST(N'2020/09/25'as date), NULL),
('393', 'KHM10.3-1-20 (N04)', '401a-A7', '2', CAST(N'2020/10/02'as date), NULL),
('394', 'KHM10.3-1-20 (N04)', '401a-A7', '2', CAST(N'2020/10/09'as date), NULL),
('395', 'KHM10.3-1-20 (N04)', '401a-A7', '2', CAST(N'2020/10/16'as date), NULL),
('396', 'KHM10.3-1-20 (N04)', '401a-A7', '2', CAST(N'2020/10/23'as date), NULL),
('397', 'KHM10.3-1-20 (N04)', '401a-A7', '2', CAST(N'2020/10/30'as date), NULL),
('398', 'KHM10.3-1-20 (N04)', '401a-A7', '2', CAST(N'2020/11/06'as date), NULL),
('399', 'KHM10.3-1-20 (N04.BT1)', '401a-A7', '2', CAST(N'2020/11/13'as date), NULL);
INSERT INTO schedule (id_schedule, id_module_class, id_room, shift_schedule, day_schedule,number_student) 
VALUES
('4', 'MHT235.3-1-20 (N01)', '401b-A7', '1', CAST(N'2020/09/16'as date), NULL),
('40', 'KHM10.3-1-20 (N01)', '401b-A7', '2', CAST(N'2020/10/31'as date), NULL),
('400', 'KHM10.3-1-20 (N04.BT1)', '401a-A7', '2', CAST(N'2020/11/20'as date), NULL),
('401', 'KHM10.3-1-20 (N04.BT1)', '401a-A7', '2', CAST(N'2020/11/27'as date), NULL),
('402', 'KHM10.3-1-20 (N04.BT1)', '302-A7', '1', CAST(N'2020/11/10'as date), NULL),
('403', 'KHM10.3-1-20 (N04.BT1)', '302-A7', '1', CAST(N'2020/11/17'as date), NULL),
('404', 'KHM10.3-1-20 (N04.BT1)', '302-A7', '1', CAST(N'2020/11/24'as date), NULL),
('405', 'MHT12.3-1-20 (N04)', '302-A7', '2', CAST(N'2020/08/25'as date), NULL),
('406', 'MHT12.3-1-20 (N04)', '302-A7', '2', CAST(N'2020/09/01'as date), NULL),
('407', 'MHT12.3-1-20 (N04)', '302-A7', '2', CAST(N'2020/09/08'as date), NULL),
('408', 'MHT12.3-1-20 (N04)', '302-A7', '2', CAST(N'2020/09/15'as date), NULL),
('409', 'MHT12.3-1-20 (N04)', '302-A7', '2', CAST(N'2020/09/22'as date), NULL),
('41', 'KHM10.3-1-20 (N01)', '401b-A7', '2', CAST(N'2020/11/07'as date), NULL),
('410', 'MHT12.3-1-20 (N04)', '302-A7', '2',CAST(N'2020/09/29'as date), NULL),
('411', 'MHT12.3-1-20 (N04)', '302-A7', '2', CAST(N'2020/10/06'as date), NULL),
('412', 'MHT12.3-1-20 (N04)', '302-A7', '2', CAST(N'2020/10/13'as date), NULL),
('413', 'MHT12.3-1-20 (N04)', '302-A7', '2', CAST(N'2020/10/20'as date), NULL),
('414', 'MHT12.3-1-20 (N04)', '302-A7', '2', CAST(N'2020/10/27'as date), NULL),
('415', 'MHT12.3-1-20 (N04)', '302-A7', '2', CAST(N'2020/11/03'as date), NULL),
('416', 'MHT12.3-1-20 (N04.BT1)', '401b-A7', '2', CAST(N'2020/09/24'as date), NULL),
('417', 'MHT12.3-1-20 (N04.BT1)', '401b-A7', '2', CAST(N'2020/10/01'as date), NULL),
('418', 'MHT12.3-1-20 (N04.BT1)', '401b-A7', '2', CAST(N'2020/10/08'as date), NULL),
('419', 'MHT12.3-1-20 (N04.BT1)', '401b-A7', '2', CAST(N'2020/10/15'as date), NULL),
('42', 'KHM10.3-1-20 (N01.BT1)', '401b-A7', '2', CAST(N'2020/11/14'as date), NULL),
('420', 'MHT12.3-1-20 (N04.BT1)', '401b-A7', '2', CAST(N'2020/10/22'as date), NULL),
('421', 'MHT12.3-1-20 (N04.BT1)', '401b-A7', '2', CAST(N'2020/10/29'as date), NULL),
('422', 'MHT12.3-1-20 (N04.BT1)', '401b-A7', '2', CAST(N'2020/11/05'as date), NULL),
('423', 'MHT12.3-1-20 (N04.BT1)', '401b-A7', '2', CAST(N'2020/11/12'as date), NULL),
('424', 'MHT12.3-1-20 (N04.BT1)', '401b-A7', '2', CAST(N'2020/11/19'as date), NULL),
('425', 'MHT12.3-1-20 (N04.BT1)', '401b-A7', '2', CAST(N'2020/11/26'as date), NULL),
('426', 'MHT12.3-1-20 (N04.BT1)', '401b-A7', '2', CAST(N'2020/12/03'as date), NULL),
('427', 'CPM07.3-1-20 (N04)', '401a-A7', '1', CAST(N'2020/08/28'as date), NULL),
('428', 'CPM07.3-1-20 (N04)', '401a-A7', '1', CAST(N'2020/09/04'as date), NULL),
('429', 'CPM07.3-1-20 (N04)', '401a-A7', '1', CAST(N'2020/09/11'as date), NULL),
('43', 'KHM10.3-1-20 (N01.BT1)', '401b-A7', '2', CAST(N'2020/11/21'as date), NULL),
('430', 'CPM07.3-1-20 (N04)', '401a-A7', '1', CAST(N'2020/09/18'as date), NULL),
('431', 'CPM07.3-1-20 (N04)', '401a-A7', '1', CAST(N'2020/09/25'as date), NULL),
('432', 'CPM07.3-1-20 (N04)', '401a-A7', '1', CAST(N'2020/10/02'as date), NULL),
('433', 'CPM07.3-1-20 (N04)', '401a-A7', '1', CAST(N'2020/10/09'as date), NULL),
('434', 'CPM07.3-1-20 (N04)', '401a-A7', '1', CAST(N'2020/10/16'as date), NULL),
('435', 'CPM07.3-1-20 (N04)', '401a-A7', '1', CAST(N'2020/10/23'as date), NULL),
('436', 'CPM07.3-1-20 (N04)', '401a-A7', '1', CAST(N'2020/10/30'as date), NULL),
('437', 'CPM07.3-1-20 (N04)', '401a-A7', '1', CAST(N'2020/11/06'as date), NULL),
('438', 'CPM07.3-1-20 (N04.BT1)', '401a-A7', '1', CAST(N'2020/11/13'as date), NULL),
('439', 'CPM07.3-1-20 (N04.BT1)', '401a-A7', '1', CAST(N'2020/11/20'as date), NULL),
('44', 'KHM10.3-1-20 (N01.BT1)', '401b-A7', '2', CAST(N'2020/11/28'as date), NULL),
('440', 'CPM07.3-1-20 (N04.BT1)', '401a-A7', '1', CAST(N'2020/11/27'as date), NULL),
('441', 'CPM07.3-1-20 (N04.BT1)', '302-A7', '2', CAST(N'2020/11/10'as date), NULL),
('442', 'CPM07.3-1-20 (N04.BT1)', '302-A7', '2', CAST(N'2020/11/17'as date), NULL),
('443', 'CPM07.3-1-20 (N04.BT1)', '302-A7', '2', CAST(N'2020/11/24'as date), NULL),
('444', 'MHT07.3-1-20 (N04)', '401a-A7', '3', CAST(N'2020/08/24'as date), NULL),
('445', 'MHT07.3-1-20 (N04)', '401a-A7', '3', CAST(N'2020/08/31'as date), NULL),
('446', 'MHT07.3-1-20 (N04)', '401a-A7', '3', CAST(N'2020/09/07'as date), NULL),
('447', 'MHT07.3-1-20 (N04)', '401a-A7', '3', CAST(N'2020/09/14'as date), NULL),
('448', 'MHT07.3-1-20 (N04)', '401a-A7', '3', CAST(N'2020/09/21'as date), NULL),
('449', 'MHT07.3-1-20 (N04)', '401a-A7', '3', CAST(N'2020/09/28'as date), NULL),
('45', 'KHM10.3-1-20 (N01.BT1)', '401b-A7', '2', CAST(N'2020/11/11'as date), NULL),
('450', 'MHT07.3-1-20 (N04)', '401a-A7', '3', CAST(N'2020/10/05'as date), NULL),
('451', 'MHT07.3-1-20 (N04)', '401a-A7', '3', CAST(N'2020/10/12'as date), NULL),
('452', 'MHT07.3-1-20 (N04)', '401a-A7', '3', CAST(N'2020/10/19'as date), NULL),
('453', 'MHT07.3-1-20 (N04)', '401a-A7', '3',CAST(N'2020/10/26'as date), NULL),
('454', 'MHT07.3-1-20 (N04)', '401a-A7', '3', CAST(N'2020/11/02'as date), NULL),
('455', 'MHT07.3-1-20 (N04.BT1)', '401b-A7', '1', CAST(N'2020/09/24'as date), NULL),
('456', 'MHT07.3-1-20 (N04.BT1)', '401b-A7', '1', CAST(N'2020/10/01'as date), NULL),
('457', 'MHT07.3-1-20 (N04.BT1)', '401b-A7', '1', CAST(N'2020/10/08'as date), NULL),
('458', 'MHT07.3-1-20 (N04.BT1)', '401b-A7', '1', CAST(N'2020/10/15'as date), NULL),
('459', 'MHT07.3-1-20 (N04.BT1)', '401b-A7', '1', CAST(N'2020/10/22'as date), NULL),
('46', 'KHM10.3-1-20 (N01.BT1)', '401b-A7', '2', CAST(N'2020/11/18'as date), NULL),
('460', 'MHT07.3-1-20 (N04.BT1)', '401b-A7', '1', CAST(N'2020/10/29'as date), NULL),
('461', 'MHT07.3-1-20 (N04.BT1)', '401b-A7', '1', CAST(N'2020/11/05'as date), NULL),
('462', 'MHT07.3-1-20 (N04.BT1)', '401b-A7', '1', CAST(N'2020/11/12'as date), NULL),
('463', 'MHT07.3-1-20 (N04.BT1)', '401b-A7', '1',CAST(N'2020/11/19'as date), NULL),
('464', 'MHT07.3-1-20 (N04.BT1)', '401b-A7', '1', CAST(N'2020/11/26'as date), NULL),
('465', 'MHT07.3-1-20 (N04.BT1)', '401b-A7', '1', CAST(N'2020/12/03'as date), NULL),
('466', 'CPM211.3-1-20 (N01)', '502-A3', '2', CAST(N'2020/08/24'as date), NULL),
('467', 'CPM211.3-1-20 (N01)', '502-A3', '2', CAST(N'2020/08/31'as date), NULL),
('468', 'CPM211.3-1-20 (N01)', '502-A3', '2',CAST(N'2020/09/07'as date), NULL),
('469', 'CPM211.3-1-20 (N01)', '502-A3', '1', CAST(N'2020/08/27'as date), NULL),
('47', 'KHM10.3-1-20 (N01.BT1)', '401b-A7', '2', CAST(N'2020/11/25'as date), NULL),
('470', 'CPM211.3-1-20 (N01)', '502-A3', '1', CAST(N'2020/09/03'as date), NULL),
('471', 'CPM211.3-1-20 (N01)', '502-A3', '1', CAST(N'2020/10/09'as date), NULL),
('472', 'CPM211.3-1-20 (N01)', '502-A3', '1', CAST(N'2020/09/17'as date), NULL),
('473', 'CPM211.3-1-20 (N01)', '502-A3', '1', CAST(N'2020/09/24'as date), NULL),
('474', 'CPM211.3-1-20 (N01)', '502-A3', '1',CAST(N'2020/10/01'as date), NULL),
('475', 'CPM211.3-1-20 (N01)', '502-A3', '1', CAST(N'2020/10/08'as date), NULL),
('476', 'CPM211.3-1-20 (N01)', '502-A3', '1', CAST(N'2020/10/15'as date), NULL),
('477', 'CPM211.3-1-20 (N01.BT1)', '502-A3', '1', CAST(N'2020/10/22'as date), NULL),
('478', 'CPM211.3-1-20 (N01.BT1)', '502-A3', '1', CAST(N'2020/10/29'as date), NULL),
('479', 'CPM211.3-1-20 (N01.BT1)', '502-A3', '1', CAST(N'2020/11/05'as date), NULL),
('48', 'MHT12.3-1-20 (N01)', '401b-A7', '2', CAST(N'2020/08/26'as date), NULL),
('480', 'CPM211.3-1-20 (N01.BT1)', '502-A3', '1', CAST(N'2020/11/12'as date), NULL),
('481', 'CPM211.3-1-20 (N01.BT1)', '502-A3', '1', CAST(N'2020/11/19'as date), NULL),
('482', 'CPM211.3-1-20 (N01.BT1)', '502-A3', '1', CAST(N'2020/11/26'as date), NULL),
('483', 'MHT06.3-1-20 (N01)', '502-A3', '1', CAST(N'2020/08/29'as date), NULL),
('484', 'MHT06.3-1-20 (N01)', '502-A3', '1', CAST(N'2020/09/05'as date), NULL),
('485', 'MHT06.3-1-20 (N01)', '502-A3', '1', CAST(N'2020/09/12'as date), NULL),
('486', 'MHT06.3-1-20 (N01)', '502-A3', '1', CAST(N'2020/09/19'as date), NULL),
('487', 'MHT06.3-1-20 (N01)', '502-A3', '1', CAST(N'2020/09/26'as date), NULL),
('488', 'MHT06.3-1-20 (N01)', '502-A3', '1', CAST(N'2020/10/03'as date), NULL),
('489', 'MHT06.3-1-20 (N01)', '502-A3', '1', CAST(N'2020/10/10'as date), NULL),
('49', 'MHT12.3-1-20 (N01)', '401b-A7', '2', CAST(N'2020/09/02'as date), NULL),
('490', 'MHT06.3-1-20 (N01)', '502-A3', '1', CAST(N'2020/10/17'as date), NULL),
('491', 'MHT06.3-1-20 (N01)', '502-A3', '1', CAST(N'2020/10/24'as date), NULL),
('492', 'MHT06.3-1-20 (N01)', '502-A3', '1', CAST(N'2020/10/31'as date), NULL),
('493', 'MHT06.3-1-20 (N01)', '502-A3', '1', CAST(N'2020/11/07'as date), NULL),
('494', 'MHT06.3-1-20 (N01.BT1)', '502-A3', '1', CAST(N'2020/11/14'as date), NULL),
('495', 'MHT06.3-1-20 (N01.BT1)', '502-A3', '1', CAST(N'2020/11/21'as date), NULL),
('496', 'MHT06.3-1-20 (N01.BT1)', '502-A3', '1', CAST(N'2020/11/28'as date), NULL),
('497', 'MHT06.3-1-20 (N01.BT1)', '502-A3', '1', CAST(N'2020/11/09'as date), NULL),
('498', 'MHT06.3-1-20 (N01.BT1)', '502-A3', '1', CAST(N'2020/11/16'as date), NULL),
('499', 'MHT06.3-1-20 (N01.BT1)', '502-A3', '1', CAST(N'2020/11/23'as date), NULL);
INSERT INTO schedule (id_schedule, id_module_class, id_room, shift_schedule, day_schedule,number_student) 
VALUES
('5', 'MHT235.3-1-20 (N01)', '401b-A7', '1', CAST(N'2020/09/23'as date), NULL),
('50', 'MHT12.3-1-20 (N01)', '401b-A7', '2', CAST(N'2020/09/09'as date), NULL),
('500', 'CPM06.3-1-20 (N01)', '502-A3', '2', CAST(N'2020/08/29'as date), NULL),
('501', 'CPM06.3-1-20 (N01)', '502-A3', '2', CAST(N'2020/09/05'as date), NULL),
('502', 'CPM06.3-1-20 (N01)', '502-A3', '2', CAST(N'2020/09/12'as date), NULL),
('503', 'CPM06.3-1-20 (N01)', '502-A3', '1', CAST(N'2020/08/24'as date), NULL),
('504', 'CPM06.3-1-20 (N01)', '502-A3', '1', CAST(N'2020/08/31'as date), NULL),
('505', 'CPM06.3-1-20 (N01)', '502-A3', '1', CAST(N'2020/09/07'as date), NULL),
('506', 'CPM06.3-1-20 (N01)', '502-A3', '2', CAST(N'2020/09/19'as date), NULL),
('507', 'CPM06.3-1-20 (N01)', '502-A3', '2', CAST(N'2020/09/26'as date), NULL),
('508', 'CPM06.3-1-20 (N01)', '502-A3', '2', CAST(N'2020/10/03'as date), NULL),
('509', 'CPM06.3-1-20 (N01)', '502-A3', '2', CAST(N'2020/10/10'as date), NULL),
('51', 'MHT12.3-1-20 (N01)', '401b-A7', '2', CAST(N'2020/09/16'as date), NULL),
('510', 'CPM06.3-1-20 (N01)', '502-A3', '2', CAST(N'2020/10/17'as date), NULL),
('511', 'CPM06.3-1-20 (N01.BT1)', '502-A3', '2', CAST(N'2020/10/24'as date), NULL),
('512', 'CPM06.3-1-20 (N01.BT1)', '502-A3', '2', CAST(N'2020/10/31'as date), NULL),
('513', 'CPM06.3-1-20 (N01.BT1)', '502-A3', '2', CAST(N'2020/11/07'as date), NULL),
('514', 'CPM06.3-1-20 (N01.BT1)', '502-A3', '2', CAST(N'2020/11/14'as date), NULL),
('515', 'CPM06.3-1-20 (N01.BT1)', '502-A3', '2', CAST(N'2020/11/21'as date), NULL),
('516', 'CPM06.3-1-20 (N01.BT1)', '502-A3', '2', CAST(N'2020/11/28'as date), NULL),
('517', 'MHT09.2-1-20 (N01)', '502-A3', '2', CAST(N'2020/08/25'as date), NULL),
('518', 'MHT09.2-1-20 (N01)', '502-A3', '2', CAST(N'2020/09/01'as date), NULL),
('519', 'MHT09.2-1-20 (N01)', '502-A3', '2', CAST(N'2020/09/08'as date), NULL),
('52', 'MHT12.3-1-20 (N01)', '401b-A7', '2', CAST(N'2020/09/23'as date), NULL),
('520', 'MHT09.2-1-20 (N01)', '502-A3', '2', CAST(N'2020/09/15'as date), NULL),
('521', 'MHT09.2-1-20 (N01)', '502-A3', '2', CAST(N'2020/09/22'as date), NULL),
('522', 'MHT09.2-1-20 (N01)', '502-A3', '2', CAST(N'2020/09/29'as date), NULL),
('523', 'MHT09.2-1-20 (N01.BT1)', '502-A3', '2',CAST(N'2020/10/06'as date), NULL),
('524', 'MHT09.2-1-20 (N01.BT1)', '502-A3', '2', CAST(N'2020/10/13'as date), NULL),
('525', 'MHT09.2-1-20 (N01.BT1)', '502-A3', '2', CAST(N'2020/10/20'as date), NULL),
('526', 'MHT09.2-1-20 (N01.BT1)', '502-A3', '2', CAST(N'2020/10/27'as date), NULL),
('527', 'MHT09.2-1-20 (N01.BT1)', '502-A3', '2', CAST(N'2020/11/03'as date), NULL),
('528', 'MHT09.2-1-20 (N01.BT1)', '502-A3', '2', CAST(N'2020/11/10'as date), NULL),
('529', 'KHM26.3-1-20 (N01)', '502-A3', '2', CAST(N'2020/08/27'as date), NULL),
('53', 'MHT12.3-1-20 (N01)', '401b-A7', '2', CAST(N'2020/09/30'as date), NULL),
('530', 'KHM26.3-1-20 (N01)', '502-A3', '2', CAST(N'2020/09/03'as date), NULL),
('531', 'KHM26.3-1-20 (N01)', '502-A3', '2', CAST(N'2020/09/10'as date), NULL),
('532', 'KHM26.3-1-20 (N01)', '502-A3', '2', CAST(N'2020/09/17'as date), NULL),
('533', 'KHM26.3-1-20 (N01)', '502-A3', '2', CAST(N'2020/09/24'as date), NULL),
('534', 'KHM26.3-1-20 (N01)', '502-A3', '2', CAST(N'2020/10/01'as date), NULL),
('535', 'KHM26.3-1-20 (N01)', '502-A3', '2', CAST(N'2020/10/08'as date), NULL),
('536', 'KHM26.3-1-20 (N01)', '502-A3', '2', CAST(N'2020/10/15'as date), NULL),
('537', 'KHM26.3-1-20 (N01)', '502-A3', '2', CAST(N'2020/10/22'as date), NULL),
('538', 'KHM26.3-1-20 (N01)', '502-A3', '2', CAST(N'2020/10/29'as date), NULL),
('539', 'KHM26.3-1-20 (N01)', '502-A3', '2', CAST(N'2020/11/05'as date), NULL),
('54', 'MHT12.3-1-20 (N01)', '401b-A7', '2', CAST(N'2020/10/07'as date), NULL),
('540', 'KHM26.3-1-20 (N01.BT1)', '502-A3', '2', CAST(N'2020/11/12'as date), NULL),
('541', 'KHM26.3-1-20 (N01.BT1)', '502-A3', '2', CAST(N'2020/11/19'as date), NULL),
('542', 'KHM26.3-1-20 (N01.BT1)', '502-A3', '2',CAST(N'2020/11/26'as date), NULL),
('543', 'KHM26.3-1-20 (N01.BT1)', '502-A3', '2', CAST(N'2020/11/09'as date), NULL),
('544', 'KHM26.3-1-20 (N01.BT1)', '502-A3', '2', CAST(N'2020/11/16'as date), NULL),
('545', 'KHM26.3-1-20 (N01.BT1)', '502-A3', '2', CAST(N'2020/11/23'as date), NULL),
('546', 'ANHB1.4-1-20 (N15)', '401-A3B', '2', CAST(N'2020/08/28'as date), NULL),
('547', 'ANHB1.4-1-20 (N15)', '401-A3B', '2', CAST(N'2020/09/04'as date), NULL),
('548', 'ANHB1.4-1-20 (N15)', '401-A3B', '2', CAST(N'2020/09/11'as date), NULL),
('549', 'ANHB1.4-1-20 (N15)', '401-A3B', '2', CAST(N'2020/09/18'as date), NULL),
('55', 'MHT12.3-1-20 (N01)', '401b-A7', '2', CAST(N'2020/10/14'as date), NULL),
('550', 'ANHB1.4-1-20 (N15)', '401-A3B', '2', CAST(N'2020/09/25'as date), NULL);
INSERT INTO schedule (id_schedule, id_module_class, id_room, shift_schedule, day_schedule,number_student) 
VALUES
('551', 'ANHB1.4-1-20 (N15)', '401-A3B', '2', CAST(N'2020/10/02'as date), NULL),
('552', 'ANHB1.4-1-20 (N15)', '401-A3B', '2', CAST(N'2020/10/09'as date), NULL),
('553', 'ANHB1.4-1-20 (N15)', '401-A3B', '2', CAST(N'2020/10/16'as date), NULL),
('554', 'ANHB1.4-1-20 (N15)', '407-A3', '1', CAST(N'2020/08/25'as date), NULL),
('555', 'ANHB1.4-1-20 (N15)', '407-A3', '1', CAST(N'2020/09/01'as date), NULL),
('556', 'ANHB1.4-1-20 (N15)', '407-A3', '1', CAST(N'2020/09/08'as date), NULL),
('557', 'ANHB1.4-1-20 (N15)', '407-A3', '1', CAST(N'2020/09/15'as date), NULL),
('558', 'ANHB1.4-1-20 (N15)', '407-A3', '1', CAST(N'2020/09/22'as date), NULL),
('559', 'ANHB1.4-1-20 (N15)', '407-A3', '1', CAST(N'2020/09/29'as date), NULL),
('56', 'MHT12.3-1-20 (N01)', '401b-A7', '2', CAST(N'2020/10/21'as date), NULL),
('560', 'ANHB1.4-1-20 (N15)', '407-A3', '1', CAST(N'2020/10/06'as date), NULL),
('561', 'ANHB1.4-1-20 (N15)', '407-A3', '1', CAST(N'2020/10/13'as date), NULL),
('562', 'ANHB1.4-1-20 (N15)', '407-A3', '1',CAST(N'2020/10/20'as date), NULL),
('563', 'ANHB1.4-1-20 (N15.BT1)', '401-A3B', '2', CAST(N'2020/10/23'as date), NULL),
('564', 'ANHB1.4-1-20 (N15.BT1)', '401-A3B', '2', CAST(N'2020/10/30'as date), NULL),
('565', 'ANHB1.4-1-20 (N15.BT1)', '401-A3B', '2', CAST(N'2020/11/06'as date), NULL),
('566', 'ANHB1.4-1-20 (N15.BT1)', '401-A3B', '2',CAST(N'2020/11/13'as date), NULL),
('567', 'ANHB1.4-1-20 (N15.BT1)', '401-A3B', '2', CAST(N'2020/11/20'as date), NULL),
('568', 'ANHB1.4-1-20 (N15.BT1)', '401-A3B', '2', CAST(N'2020/11/27'as date), NULL),
('569', 'ANHB1.4-1-20 (N15.BT1)', '407-A3', '1', CAST(N'2020/10/27'as date), NULL);
INSERT INTO schedule (id_schedule, id_module_class, id_room, shift_schedule, day_schedule,number_student) 
VALUES
('57', 'MHT12.3-1-20 (N01)', '401b-A7', '2', CAST(N'2020/10/28'as date), NULL),
('570', 'ANHB1.4-1-20 (N15.BT1)', '407-A3', '1', CAST(N'2020/11/03'as date), NULL),
('571', 'ANHB1.4-1-20 (N15.BT1)', '407-A3', '1', CAST(N'2020/11/10'as date), NULL),
('572', 'ANHB1.4-1-20 (N15.BT1)', '407-A3', '1', CAST(N'2020/11/17'as date), NULL),
('573', 'ANHB1.4-1-20 (N15.BT1)', '407-A3', '1', CAST(N'2020/11/24'as date), NULL),
('574', 'CPM211.3-1-20 (N02)', '502-A3', '2', CAST(N'2020/08/26'as date), NULL),
('575', 'CPM211.3-1-20 (N02)', '502-A3', '2', CAST(N'2020/09/02'as date), NULL),
('576', 'CPM211.3-1-20 (N02)', '502-A3', '2', CAST(N'2020/09/09'as date), NULL),
('577', 'CPM211.3-1-20 (N02)', '502-A3', '2', CAST(N'2020/09/16'as date), NULL),
('578', 'CPM211.3-1-20 (N02)', '502-A3', '2', CAST(N'2020/09/23'as date), NULL),
('579', 'CPM211.3-1-20 (N02)', '502-A3', '2', CAST(N'2020/09/30'as date), NULL);
INSERT INTO schedule (id_schedule, id_module_class, id_room, shift_schedule, day_schedule,number_student) 
VALUES
('58', 'MHT12.3-1-20 (N01)', '401b-A7', '2', CAST(N'2020/11/04'as date), NULL),
('580', 'CPM211.3-1-20 (N02)', '502-A3', '2', CAST(N'2020/10/07'as date), NULL),
('581', 'CPM211.3-1-20 (N02)', '502-A3', '2', CAST(N'2020/10/14'as date), NULL),
('582', 'CPM211.3-1-20 (N02)', '502-A3', '2', CAST(N'2020/10/21'as date), NULL),
('583', 'CPM211.3-1-20 (N02)', '502-A3', '2', CAST(N'2020/10/28'as date), NULL),
('584', 'CPM211.3-1-20 (N02)', '502-A3', '2', CAST(N'2020/11/04'as date), NULL),
('585', 'CPM211.3-1-20 (N02.BT1)', '502-A3', '2', CAST(N'2020/11/11'as date), NULL),
('586', 'CPM211.3-1-20 (N02.BT1)', '502-A3', '2', CAST(N'2020/11/18'as date), NULL),
('587', 'CPM211.3-1-20 (N02.BT1)', '502-A3', '2', CAST(N'2020/11/25'as date), NULL),
('588', 'CPM211.3-1-20 (N02.BT1)', '202-A8', '2', CAST(N'2020/11/09'as date), NULL),
('589', 'CPM211.3-1-20 (N02.BT1)', '202-A8', '2', CAST(N'2020/11/16'as date), NULL);
INSERT INTO schedule (id_schedule, id_module_class, id_room, shift_schedule, day_schedule,number_student) 
VALUES
('59', 'MHT12.3-1-20 (N01.BT1)', '401b-A7', '1', CAST(N'2020/09/25'as date), NULL),
('590', 'CPM211.3-1-20 (N02.BT1)', '202-A8', '2', CAST(N'2020/11/23'as date), NULL),
('591', 'MHT06.3-1-20 (N02)', '403-A7', '2', CAST(N'2020/08/29'as date), NULL),
('592', 'MHT06.3-1-20 (N02)', '403-A7', '2', CAST(N'2020/09/05'as date), NULL),
('593', 'MHT06.3-1-20 (N02)', '403-A7', '2', CAST(N'2020/09/12'as date), NULL),
('594', 'MHT06.3-1-20 (N02)', '503-A7', '1', CAST(N'2020/08/24'as date), NULL),
('595', 'MHT06.3-1-20 (N02)', '503-A7', '1', CAST(N'2020/08/31'as date), NULL),
('596', 'MHT06.3-1-20 (N02)', '503-A7', '1', CAST(N'2020/09/07'as date), NULL),
('597', 'MHT06.3-1-20 (N02)', '403-A7', '2', CAST(N'2020/09/19'as date), NULL),
('598', 'MHT06.3-1-20 (N02)', '403-A7', '2', CAST(N'2020/09/26'as date), NULL),
('599', 'MHT06.3-1-20 (N02)', '403-A7', '2', CAST(N'2020/10/03'as date), NULL);
INSERT INTO schedule (id_schedule, id_module_class, id_room, shift_schedule, day_schedule,number_student) 
VALUES
('6', 'MHT235.3-1-20 (N01)', '401b-A7', '1',CAST(N'2020/09/30'as date), NULL),
('60', 'MHT12.3-1-20 (N01.BT1)', '401b-A7', '1', CAST(N'2020/10/02'as date), NULL),
('600', 'MHT06.3-1-20 (N02)', '403-A7', '2', CAST(N'2020/10/10'as date), NULL),
('601', 'MHT06.3-1-20 (N02)', '403-A7', '2', CAST(N'2020/10/17'as date), NULL),
('602', 'MHT06.3-1-20 (N02.BT1)', '403-A7', '2', CAST(N'2020/10/24'as date), NULL),
('603', 'MHT06.3-1-20 (N02.BT1)', '403-A7', '2',CAST(N'2020/10/31'as date), NULL),
('604', 'MHT06.3-1-20 (N02.BT1)', '403-A7', '2', CAST(N'2020/11/07'as date), NULL),
('605', 'MHT06.3-1-20 (N02.BT1)', '403-A7', '2', CAST(N'2020/11/14'as date), NULL),
('607', 'MHT06.3-1-20 (N02.BT1)', '403-A7', '2', CAST(N'2020/11/28'as date), NULL),
('608', 'CPM06.3-1-20 (N02)', '502-A3', '1', CAST(N'2020/08/26'as date), NULL),
('609', 'CPM06.3-1-20 (N02)', '502-A3', '1', CAST(N'2020/09/02'as date), NULL),
('61', 'MHT12.3-1-20 (N01.BT1)', '401b-A7', '1', CAST(N'2020/10/09'as date), NULL),
('610', 'CPM06.3-1-20 (N02)', '502-A3', '1', CAST(N'2020/09/09'as date), NULL),
('611', 'CPM06.3-1-20 (N02)', '502-A3', '1', CAST(N'2020/09/16'as date), NULL),
('612', 'CPM06.3-1-20 (N02)', '502-A3', '1', CAST(N'2020/09/23'as date), NULL),
('613', 'CPM06.3-1-20 (N02)', '502-A3', '1', CAST(N'2020/09/30'as date), NULL),
('614', 'CPM06.3-1-20 (N02)', '502-A3', '1', CAST(N'2020/10/07'as date), NULL),
('615', 'CPM06.3-1-20 (N02)', '502-A3', '1', CAST(N'2020/10/14'as date), NULL),
('616', 'CPM06.3-1-20 (N02)', '502-A3', '1', CAST(N'2020/10/21'as date), NULL),
('617', 'CPM06.3-1-20 (N02)', '502-A3', '1', CAST(N'2020/10/28'as date), NULL),
('618', 'CPM06.3-1-20 (N02)', '502-A3', '1', CAST(N'2020/11/04'as date), NULL),
('619', 'CPM06.3-1-20 (N02.BT1)', '502-A3', '1', CAST(N'2020/11/11'as date), NULL);
INSERT INTO schedule (id_schedule, id_module_class, id_room, shift_schedule, day_schedule,number_student) 
VALUES
('62', 'MHT12.3-1-20 (N01.BT1)', '401b-A7', '1', CAST(N'2020/10/16'as date), NULL),
('620', 'CPM06.3-1-20 (N02.BT1)', '502-A3', '1', CAST(N'2020/11/18'as date), NULL),
('621', 'CPM06.3-1-20 (N02.BT1)', '502-A3', '1', CAST(N'2020/11/25'as date), NULL),
('622', 'CPM06.3-1-20 (N02.BT1)', '202-A8', '1', CAST(N'2020/11/09'as date), NULL),
('623', 'CPM06.3-1-20 (N02.BT1)', '202-A8', '1', CAST(N'2020/11/16'as date), NULL),
('624', 'CPM06.3-1-20 (N02.BT1)', '202-A8', '1', CAST(N'2020/11/23'as date), NULL),
('625', 'MHT09.2-1-20 (N02)', '502-A3', '2', CAST(N'2020/08/28'as date), NULL),
('626', 'MHT09.2-1-20 (N02)', '502-A3', '2', CAST(N'2020/09/04'as date), NULL),
('627', 'MHT09.2-1-20 (N02)', '502-A3', '2', CAST(N'2020/09/11'as date), NULL),
('628', 'MHT09.2-1-20 (N02)', '502-A3', '2', CAST(N'2020/09/18'as date), NULL),
('629', 'MHT09.2-1-20 (N02)', '502-A3', '2', CAST(N'2020/09/25'as date), NULL),
('63', 'MHT12.3-1-20 (N01.BT1)', '401b-A7', '1', CAST(N'2020/10/23'as date), NULL),
('630', 'MHT09.2-1-20 (N02)', '502-A3', '2', CAST(N'2020/10/02'as date), NULL),
('631', 'MHT09.2-1-20 (N02.BT1)', '502-A3', '2', CAST(N'2020/10/09'as date), NULL),
('632', 'MHT09.2-1-20 (N02.BT1)', '502-A3', '2', CAST(N'2020/10/16'as date), NULL),
('633', 'MHT09.2-1-20 (N02.BT1)', '502-A3', '2', CAST(N'2020/10/23'as date), NULL),
('634', 'MHT09.2-1-20 (N02.BT1)', '502-A3', '2', CAST(N'2020/10/30'as date), NULL),
('635', 'MHT09.2-1-20 (N02.BT1)', '502-A3', '2', CAST(N'2020/11/06'as date), NULL),
('636', 'MHT09.2-1-20 (N02.BT1)', '502-A3', '2', CAST(N'2020/11/13'as date), NULL),
('637', 'KHM26.3-1-20 (N02)', '403-A7', '1', CAST(N'2020/08/29'as date), NULL),
('638', 'KHM26.3-1-20 (N02)', '403-A7', '1', CAST(N'2020/09/05'as date), NULL),
('639', 'KHM26.3-1-20 (N02)', '403-A7', '1', CAST(N'2020/09/12'as date), NULL);
INSERT INTO schedule (id_schedule, id_module_class, id_room, shift_schedule, day_schedule,number_student) 
VALUES
('64', 'MHT12.3-1-20 (N01.BT1)', '401b-A7', '1', CAST(N'2020/10/30'as date), NULL),
('640', 'KHM26.3-1-20 (N02)', '503-A7', '2', CAST(N'2020/08/24'as date), NULL),
('641', 'KHM26.3-1-20 (N02)', '503-A7', '2', CAST(N'2020/08/31'as date), NULL),
('642', 'KHM26.3-1-20 (N02)', '503-A7', '2', CAST(N'2020/09/07'as date), NULL),
('643', 'KHM26.3-1-20 (N02)', '403-A7', '1', CAST(N'2020/09/19'as date), NULL),
('644', 'KHM26.3-1-20 (N02)', '403-A7', '1', CAST(N'2020/09/26'as date), NULL),
('645', 'KHM26.3-1-20 (N02)', '403-A7', '1', CAST(N'2020/10/03'as date), NULL),
('646', 'KHM26.3-1-20 (N02)', '403-A7', '1', CAST(N'2020/10/10'as date), NULL),
('647', 'KHM26.3-1-20 (N02)', '403-A7', '1',CAST(N'2020/10/17'as date), NULL),
('648', 'KHM26.3-1-20 (N02.BT1)', '403-A7', '1', CAST(N'2020/10/24'as date), NULL),
('649', 'KHM26.3-1-20 (N02.BT1)', '403-A7', '1', CAST(N'2020/10/31'as date), NULL);
INSERT INTO schedule (id_schedule, id_module_class, id_room, shift_schedule, day_schedule,number_student) 
VALUES
('65', 'MHT12.3-1-20 (N01.BT1)', '401b-A7', '1', CAST(N'2020/11/06'as date), NULL),
('650', 'KHM26.3-1-20 (N02.BT1)', '403-A7', '1', CAST(N'2020/11/07'as date), NULL),
('651', 'KHM26.3-1-20 (N02.BT1)', '403-A7', '1', CAST(N'2020/11/14'as date), NULL),
('652', 'KHM26.3-1-20 (N02.BT1)', '403-A7', '1', CAST(N'2020/11/21'as date), NULL),
('653', 'KHM26.3-1-20 (N02.BT1)', '403-A7', '1', CAST(N'2020/11/28'as date), NULL),
('654', 'ANHB1.4-1-20 (N16)', '502-A3', '1', CAST(N'2020/08/28'as date), NULL),
('655', 'ANHB1.4-1-20 (N16)', '502-A3', '1', CAST(N'2020/09/04'as date), NULL),
('656', 'ANHB1.4-1-20 (N16)', '502-A3', '1', CAST(N'2020/09/11'as date), NULL),
('657', 'ANHB1.4-1-20 (N16)', '502-A3', '1', CAST(N'2020/09/18'as date), NULL),
('658', 'ANHB1.4-1-20 (N16)', '502-A3', '1', CAST(N'2020/09/25'as date), NULL),
('659', 'ANHB1.4-1-20 (N16)', '502-A3', '1', CAST(N'2020/10/02'as date), NULL);
INSERT INTO schedule (id_schedule, id_module_class, id_room, shift_schedule, day_schedule,number_student) 
VALUES
('66', 'MHT12.3-1-20 (N01.BT1)', '401b-A7', '1', CAST(N'2020/11/13'as date), NULL),
('660', 'ANHB1.4-1-20 (N16)', '502-A3', '1', CAST(N'2020/10/09'as date), NULL),
('661', 'ANHB1.4-1-20 (N16)', '502-A3', '1', CAST(N'2020/10/16'as date), NULL),
('662', 'ANHB1.4-1-20 (N16)', '407-A3', '2', CAST(N'2020/08/25'as date), NULL),
('663', 'ANHB1.4-1-20 (N16)', '407-A3', '2', CAST(N'2020/09/01'as date), NULL),
('664', 'ANHB1.4-1-20 (N16)', '407-A3', '2', CAST(N'2020/09/08'as date), NULL),
('665', 'ANHB1.4-1-20 (N16)', '407-A3', '2', CAST(N'2020/09/15'as date), NULL),
('666', 'ANHB1.4-1-20 (N16)', '407-A3', '2', CAST(N'2020/09/22'as date), NULL),
('667', 'ANHB1.4-1-20 (N16)', '407-A3', '2', CAST(N'2020/09/29'as date), NULL),
('668', 'ANHB1.4-1-20 (N16)', '407-A3', '2', CAST(N'2020/10/06'as date), NULL),
('669', 'ANHB1.4-1-20 (N16)', '407-A3', '2', CAST(N'2020/10/13'as date), NULL),
('67', 'MHT12.3-1-20 (N01.BT1)', '401b-A7', '1', CAST(N'2020/11/20'as date), NULL),
('670', 'ANHB1.4-1-20 (N16)', '502-A3', '1', CAST(N'2020/10/23'as date), NULL),
('671', 'ANHB1.4-1-20 (N16.BT1)', '407-A3', '2', CAST(N'2020/10/20'as date), NULL),
('672', 'ANHB1.4-1-20 (N16.BT1)', '502-A3', '1', CAST(N'2020/10/30'as date), NULL),
('673', 'ANHB1.4-1-20 (N16.BT1)', '502-A3', '1', CAST(N'2020/11/06'as date), NULL),
('674', 'ANHB1.4-1-20 (N16.BT1)', '502-A3', '1', CAST(N'2020/11/13'as date), NULL),
('675', 'ANHB1.4-1-20 (N16.BT1)', '502-A3', '1', CAST(N'2020/11/20'as date), NULL),
('676', 'ANHB1.4-1-20 (N16.BT1)', '502-A3', '1',CAST(N'2020/11/27'as date), NULL),
('677', 'ANHB1.4-1-20 (N16.BT1)', '407-A3', '2', CAST(N'2020/10/27'as date), NULL),
('678', 'ANHB1.4-1-20 (N16.BT1)', '407-A3', '2', CAST(N'2020/11/03'as date), NULL),
('679', 'ANHB1.4-1-20 (N16.BT1)', '407-A3', '2', CAST(N'2020/11/10'as date), NULL),
('68', 'MHT12.3-1-20 (N01.BT1)', '401b-A7', '1', CAST(N'2020/11/27'as date), NULL),
('680', 'ANHB1.4-1-20 (N16.BT1)', '407-A3', '2', CAST(N'2020/11/17'as date), NULL),
('681', 'ANHB1.4-1-20 (N16.BT1)', '407-A3', '2', CAST(N'2020/11/24'as date), NULL),
('682', 'CPM211.3-1-20 (N03)', '502-A3', '4', CAST(N'2020/08/29'as date), NULL),
('683', 'CPM211.3-1-20 (N03)', '502-A3', '4', CAST(N'2020/09/05'as date), NULL),
('684', 'CPM211.3-1-20 (N03)', '502-A3', '4', CAST(N'2020/09/12'as date), NULL),
('685', 'CPM211.3-1-20 (N03)', '305-A8', '1', CAST(N'2020/08/25'as date), NULL),
('686', 'CPM211.3-1-20 (N03)', '305-A8', '1', CAST(N'2020/09/01'as date), NULL),
('687', 'CPM211.3-1-20 (N03)', '305-A8', '1', CAST(N'2020/09/08'as date), NULL),
('688', 'CPM211.3-1-20 (N03)', '502-A3', '4', CAST(N'2020/09/19'as date), NULL),
('689', 'CPM211.3-1-20 (N03)', '502-A3', '4', CAST(N'2020/09/26'as date), NULL),
('69', 'MHT12.3-1-20 (N01.BT1)', '401b-A7', '1', CAST(N'2020/12/04'as date), NULL),
('690', 'CPM211.3-1-20 (N03)', '502-A3', '4', CAST(N'2020/10/03'as date), NULL),
('691', 'CPM211.3-1-20 (N03)', '502-A3', '4', CAST(N'2020/10/10'as date), NULL),
('692', 'CPM211.3-1-20 (N03)', '502-A3', '4', CAST(N'2020/10/17'as date), NULL),
('693', 'CPM211.3-1-20 (N03.BT1)', '502-A3', '4', CAST(N'2020/10/24'as date), NULL),
('694', 'CPM211.3-1-20 (N03.BT1)', '502-A3', '4', CAST(N'2020/10/31'as date), NULL),
('695', 'CPM211.3-1-20 (N03.BT1)', '502-A3', '4', CAST(N'2020/11/07'as date), NULL),
('696', 'CPM211.3-1-20 (N03.BT1)', '502-A3', '4', CAST(N'2020/11/14'as date), NULL),
('697', 'CPM211.3-1-20 (N03.BT1)', '502-A3', '4', CAST(N'2020/11/21'as date), NULL),
('698', 'CPM211.3-1-20 (N03.BT1)', '502-A3', '4', CAST(N'2020/11/28'as date), NULL),
('699', 'MHT06.3-1-20 (N03)', '502-A3', '3', CAST(N'2020/08/29'as date), NULL);
INSERT INTO schedule (id_schedule, id_module_class, id_room, shift_schedule, day_schedule,number_student) 
VALUES
('7', 'MHT235.3-1-20 (N01)', '401b-A7', '1', CAST(N'2020/10/07'as date), NULL),
('70', 'CPM07.3-1-20 (N01)', '401b-A7', '2', CAST(N'2020/08/25'as date), NULL),
('700', 'MHT06.3-1-20 (N03)', '502-A3', '3', CAST(N'2020/09/05'as date), NULL),
('701', 'MHT06.3-1-20 (N03)', '502-A3', '3', CAST(N'2020/09/12'as date), NULL),
('702', 'MHT06.3-1-20 (N03)', '502-A3', '3', CAST(N'2020/09/19'as date), NULL),
('703', 'MHT06.3-1-20 (N03)', '502-A3', '3', CAST(N'2020/09/26'as date), NULL),
('704', 'MHT06.3-1-20 (N03)', '502-A3', '3', CAST(N'2020/10/03'as date), NULL),
('705', 'MHT06.3-1-20 (N03)', '502-A3', '3', CAST(N'2020/10/10'as date), NULL),
('706', 'MHT06.3-1-20 (N03)', '502-A3', '3', CAST(N'2020/10/17'as date), NULL),
('707', 'MHT06.3-1-20 (N03)', '502-A3', '3', CAST(N'2020/10/24'as date), NULL),
('708', 'MHT06.3-1-20 (N03)', '502-A3', '3', CAST(N'2020/10/31'as date), NULL),
('709', 'MHT06.3-1-20 (N03)', '502-A3', '3', CAST(N'2020/11/07'as date), NULL),
('71', 'CPM07.3-1-20 (N01)', '401b-A7', '2', CAST(N'2020/09/01'as date), NULL),
('710', 'MHT06.3-1-20 (N03.BT1)', '502-A3', '3', CAST(N'2020/11/14'as date), NULL),
('711', 'MHT06.3-1-20 (N03.BT1)', '502-A3', '3', CAST(N'2020/11/21'as date), NULL),
('712', 'MHT06.3-1-20 (N03.BT1)', '502-A3', '3', CAST(N'2020/11/28'as date), NULL),
('713', 'MHT06.3-1-20 (N03.BT1)', '201-A5', '1', CAST(N'2020/11/10'as date), NULL),
('714', 'MHT06.3-1-20 (N03.BT1)', '201-A5', '1', CAST(N'2020/11/17'as date), NULL),
('715', 'MHT06.3-1-20 (N03.BT1)', '201-A5', '1', CAST(N'2020/11/24'as date), NULL),
('716', 'CPM06.3-1-20 (N03)', '502-A3', '3', CAST(N'2020/08/28'as date), NULL),
('717', 'CPM06.3-1-20 (N03)', '502-A3', '3', CAST(N'2020/09/04'as date), NULL),
('718', 'CPM06.3-1-20 (N03)', '502-A3', '3', CAST(N'2020/09/11'as date), NULL),
('719', 'CPM06.3-1-20 (N03)', '305-A8', '2', CAST(N'2020/08/25'as date), NULL),
('72', 'CPM07.3-1-20 (N01)', '401b-A7', '2', CAST(N'2020/08/28'as date), NULL),
('720', 'CPM06.3-1-20 (N03)', '305-A8', '2', CAST(N'2020/09/01'as date), NULL),
('721', 'CPM06.3-1-20 (N03)', '305-A8', '2', CAST(N'2020/09/08'as date), NULL),
('722', 'CPM06.3-1-20 (N03)', '502-A3', '3', CAST(N'2020/09/18'as date), NULL),
('723', 'CPM06.3-1-20 (N03)', '502-A3', '3', CAST(N'2020/09/25'as date), NULL),
('724', 'CPM06.3-1-20 (N03)', '502-A3', '3', CAST(N'2020/10/02'as date), NULL),
('725', 'CPM06.3-1-20 (N03)', '502-A3', '3', CAST(N'2020/10/09'as date), NULL),
('726', 'CPM06.3-1-20 (N03)', '502-A3', '3', CAST(N'2020/10/16'as date), NULL),
('727', 'CPM06.3-1-20 (N03.BT1)', '502-A3', '3', CAST(N'2020/10/23'as date), NULL),
('728', 'CPM06.3-1-20 (N03.BT1)', '502-A3', '3', CAST(N'2020/10/30'as date), NULL),
('729', 'CPM06.3-1-20 (N03.BT1)', '502-A3', '3', CAST(N'2020/11/06'as date), NULL),
('73', 'CPM07.3-1-20 (N01)', '401b-A7', '2', CAST(N'2020/09/04'as date), NULL),
('730', 'CPM06.3-1-20 (N03.BT1)', '502-A3', '3', CAST(N'2020/11/13'as date), NULL),
('731', 'CPM06.3-1-20 (N03.BT1)', '502-A3', '3', CAST(N'2020/11/20'as date), NULL),
('732', 'CPM06.3-1-20 (N03.BT1)', '502-A3', '3', CAST(N'2020/11/27'as date), NULL),
('733', 'MHT09.2-1-20 (N03)', '502-A3', '3', CAST(N'2020/08/26'as date), NULL),
('734', 'MHT09.2-1-20 (N03)', '502-A3', '3', CAST(N'2020/09/02'as date), NULL),
('735', 'MHT09.2-1-20 (N03)', '502-A3', '3', CAST(N'2020/09/09'as date), NULL),
('736', 'MHT09.2-1-20 (N03)', '502-A3', '3', CAST(N'2020/09/16'as date), NULL),
('737', 'MHT09.2-1-20 (N03)', '502-A3', '3', CAST(N'2020/09/23'as date), NULL),
('738', 'MHT09.2-1-20 (N03)', '502-A3', '3', CAST(N'2020/09/30'as date), NULL),
('739', 'MHT09.2-1-20 (N03.BT1)', '502-A3', '3', CAST(N'2020/10/07'as date), NULL),
('74', 'CPM07.3-1-20 (N01)', '401b-A7', '2', CAST(N'2020/09/08'as date), NULL),
('740', 'MHT09.2-1-20 (N03.BT1)', '502-A3', '3', CAST(N'2020/10/14'as date), NULL),
('741', 'MHT09.2-1-20 (N03.BT1)', '502-A3', '3', CAST(N'2020/10/21'as date), NULL),
('742', 'MHT09.2-1-20 (N03.BT1)', '502-A3', '3', CAST(N'2020/10/28'as date), NULL),
('743', 'MHT09.2-1-20 (N03.BT1)', '502-A3', '3', CAST(N'2020/11/04'as date), NULL),
('744', 'MHT09.2-1-20 (N03.BT1)', '502-A3', '3', CAST(N'2020/11/11'as date), NULL),
('745', 'KHM26.3-1-20 (N03)', '502-A3', '4', CAST(N'2020/08/28'as date), NULL),
('746', 'KHM26.3-1-20 (N03)', '502-A3', '4', CAST(N'2020/09/04'as date), NULL),
('747', 'KHM26.3-1-20 (N03)', '502-A3', '4', CAST(N'2020/09/11'as date), NULL),
('748', 'KHM26.3-1-20 (N03)', '502-A3', '4', CAST(N'2020/09/18'as date), NULL),
('749', 'KHM26.3-1-20 (N03)', '502-A3', '4', CAST(N'2020/09/25'as date), NULL),
('75', 'CPM07.3-1-20 (N01)', '401b-A7', '2', CAST(N'2020/09/15'as date), NULL),
('750', 'KHM26.3-1-20 (N03)', '502-A3', '4', CAST(N'2020/10/02'as date), NULL),
('751', 'KHM26.3-1-20 (N03)', '502-A3', '4', CAST(N'2020/10/09'as date), NULL),
('752', 'KHM26.3-1-20 (N03)', '502-A3', '4', CAST(N'2020/10/16'as date), NULL),
('753', 'KHM26.3-1-20 (N03)', '502-A3', '4', CAST(N'2020/10/23'as date), NULL),
('754', 'KHM26.3-1-20 (N03)', '502-A3', '4', CAST(N'2020/10/30'as date), NULL),
('755', 'KHM26.3-1-20 (N03)', '502-A3', '4', CAST(N'2020/11/06'as date), NULL),
('756', 'KHM26.3-1-20 (N03.BT1)', '502-A3', '4', CAST(N'2020/11/13'as date), NULL),
('757', 'KHM26.3-1-20 (N03.BT1)', '502-A3', '4', CAST(N'2020/11/20'as date), NULL),
('758', 'KHM26.3-1-20 (N03.BT1)', '502-A3', '4', CAST(N'2020/11/27'as date), NULL),
('759', 'KHM26.3-1-20 (N03.BT1)', '201-A5', '2', CAST(N'2020/11/10'as date), NULL),
('76', 'CPM07.3-1-20 (N01)', '401b-A7', '2', CAST(N'2020/09/22'as date), NULL),
('760', 'KHM26.3-1-20 (N03.BT1)', '201-A5', '2', CAST(N'2020/11/17'as date), NULL),
('761', 'KHM26.3-1-20 (N03.BT1)', '201-A5', '2', CAST(N'2020/11/24'as date), NULL),
('762', 'ANHB1.4-1-20 (N17)', '502-A3', '4', CAST(N'2020/08/26'as date), NULL),
('763', 'ANHB1.4-1-20 (N17)', '502-A3', '4', CAST(N'2020/09/02'as date), NULL),
('764', 'ANHB1.4-1-20 (N17)', '502-A3', '4', CAST(N'2020/09/09'as date), NULL),
('765', 'ANHB1.4-1-20 (N17)', '502-A3', '4', CAST(N'2020/09/16'as date), NULL),
('766', 'ANHB1.4-1-20 (N17)', '502-A3', '4', CAST(N'2020/09/23'as date), NULL),
('767', 'ANHB1.4-1-20 (N17)', '502-A3', '4', CAST(N'2020/09/30'as date), NULL),
('768', 'ANHB1.4-1-20 (N17)', '502-A3', '4', CAST(N'2020/10/07'as date), NULL),
('769', 'ANHB1.4-1-20 (N17)', '502-A3', '4', CAST(N'2020/10/14'as date), NULL),
('77', 'CPM07.3-1-20 (N01)', '401b-A7', '2', CAST(N'2020/09/29'as date), NULL),
('770', 'ANHB1.4-1-20 (N17)', '402-A3B', '3', CAST(N'2020/08/24'as date), NULL),
('771', 'ANHB1.4-1-20 (N17)', '402-A3B', '3', CAST(N'2020/08/31'as date), NULL),
('772', 'ANHB1.4-1-20 (N17)', '402-A3B', '3', CAST(N'2020/09/07'as date), NULL),
('773', 'ANHB1.4-1-20 (N17)', '402-A3B', '3', CAST(N'2020/09/14'as date), NULL),
('774', 'ANHB1.4-1-20 (N17)', '402-A3B', '3', CAST(N'2020/09/21'as date), NULL),
('775', 'ANHB1.4-1-20 (N17)', '402-A3B', '3', CAST(N'2020/09/28'as date), NULL),
('776', 'ANHB1.4-1-20 (N17)', '402-A3B', '3', CAST(N'2020/10/05'as date), NULL),
('777', 'ANHB1.4-1-20 (N17)', '402-A3B', '3', CAST(N'2020/10/12'as date), NULL),
('778', 'ANHB1.4-1-20 (N17)', '402-A3B', '3', CAST(N'2020/10/19'as date), NULL),
('779', 'ANHB1.4-1-20 (N17.BT1)', '502-A3', '4', CAST(N'2020/10/21'as date), NULL),
('78', 'CPM07.3-1-20 (N01)', '401b-A7', '2', CAST(N'2020/10/06'as date), NULL),
('780', 'ANHB1.4-1-20 (N17.BT1)', '502-A3', '4', CAST(N'2020/10/28'as date), NULL),
('781', 'ANHB1.4-1-20 (N17.BT1)', '502-A3', '4', CAST(N'2020/11/04'as date), NULL),
('782', 'ANHB1.4-1-20 (N17.BT1)', '502-A3', '4', CAST(N'2020/11/11'as date), NULL),
('783', 'ANHB1.4-1-20 (N17.BT1)', '502-A3', '4', CAST(N'2020/11/18'as date), NULL),
('784', 'ANHB1.4-1-20 (N17.BT1)', '502-A3', '4',CAST(N'2020/11/25'as date), NULL),
('785', 'ANHB1.4-1-20 (N17.BT1)', '402-A3B', '3', CAST(N'2020/10/26'as date), NULL),
('786', 'ANHB1.4-1-20 (N17.BT1)', '402-A3B', '3', CAST(N'2020/11/02'as date), NULL),
('787', 'ANHB1.4-1-20 (N17.BT1)', '402-A3B', '3', CAST(N'2020/11/09'as date), NULL),
('788', 'ANHB1.4-1-20 (N17.BT1)', '402-A3B', '3', CAST(N'2020/11/16'as date), NULL),
('789', 'ANHB1.4-1-20 (N17.BT1)', '402-A3B', '3', CAST(N'2020/11/23'as date), NULL),
('79', 'CPM07.3-1-20 (N01)', '401b-A7', '2', CAST(N'2020/10/13'as date), NULL),
('790', 'CPM211.3-1-20 (N04)', '502-A3', '3', CAST(N'2020/08/27'as date), NULL),
('791', 'CPM211.3-1-20 (N04)', '502-A3', '3', CAST(N'2020/09/03'as date), NULL),
('792', 'CPM211.3-1-20 (N04)', '502-A3', '3', CAST(N'2020/09/10'as date), NULL),
('793', 'CPM211.3-1-20 (N04)', '502-A3', '3', CAST(N'2020/09/17'as date), NULL),
('794', 'CPM211.3-1-20 (N04)', '502-A3', '3', CAST(N'2020/09/24'as date), NULL),
('795', 'CPM211.3-1-20 (N04)', '502-A3', '3', CAST(N'2020/10/01'as date), NULL),
('796', 'CPM211.3-1-20 (N04)', '502-A3', '3', CAST(N'2020/10/08'as date), NULL),
('797', 'CPM211.3-1-20 (N04)', '502-A3', '3', CAST(N'2020/10/15'as date), NULL),
('798', 'CPM211.3-1-20 (N04)', '502-A3', '3', CAST(N'2020/10/22'as date), NULL),
('799', 'CPM211.3-1-20 (N04)', '502-A3', '3', CAST(N'2020/10/29'as date), NULL),
('8', 'MHT235.3-1-20 (N01)', '401b-A7', '1', CAST(N'2020/10/14'as date), NULL),
('80', 'CPM07.3-1-20 (N01)', '401b-A7', '2', CAST(N'2020/10/20'as date), NULL),
('800', 'CPM211.3-1-20 (N04)', '502-A3', '3', CAST(N'2020/11/05'as date), NULL),
('801', 'CPM211.3-1-20 (N04.BT1)', '502-A3', '3', CAST(N'2020/11/12'as date), NULL),
('802', 'CPM211.3-1-20 (N04.BT1)', '502-A3', '3', CAST(N'2020/11/19'as date), NULL),
('803', 'CPM211.3-1-20 (N04.BT1)', '502-A3', '3', CAST(N'2020/11/26'as date), NULL),
('804', 'CPM211.3-1-20 (N04.BT1)', '202-A5', '1', CAST(N'2020/11/10'as date), NULL),
('805', 'CPM211.3-1-20 (N04.BT1)', '202-A5', '1', CAST(N'2020/11/17'as date), NULL),
('806', 'CPM211.3-1-20 (N04.BT1)', '202-A5', '1', CAST(N'2020/11/24'as date), NULL);
INSERT INTO schedule (id_schedule, id_module_class, id_room, shift_schedule, day_schedule,number_student) 
VALUES
('807', 'MHT06.3-1-20 (N04)', N'403-A7', '4', CAST(N'2020/08/29'as date), NULL),
('808', 'MHT06.3-1-20 (N04)', N'403-A7', '4', CAST(N'2020/09/05'as date), NULL),
('809', 'MHT06.3-1-20 (N04)', N'403-A7', '4', CAST(N'2020/09/12'as date), NULL),
('81', 'CPM07.3-1-20 (N01.BT1)', N'401b-A7', '2', CAST(N'2020/10/27'as date), NULL),
('810', 'MHT06.3-1-20 (N04)', N'605-A2', '1', CAST(N'2020/08/25'as date), NULL),
('811', 'MHT06.3-1-20 (N04)', N'605-A2', '1', CAST(N'2020/09/01'as date), NULL),
('812', 'MHT06.3-1-20 (N04)', N'605-A2', '1', CAST(N'2020/09/08'as date), NULL),
('813', 'MHT06.3-1-20 (N04)', N'403-A7', '4', CAST(N'2020/09/19'as date), NULL),
('814', 'MHT06.3-1-20 (N04)', N'403-A7', '4', CAST(N'2020/09/26'as date), NULL),
('815', 'MHT06.3-1-20 (N04)', N'403-A7', '4', CAST(N'2020/10/03'as date), NULL),
('816', 'MHT06.3-1-20 (N04)', N'403-A7', '4', CAST(N'2020/10/10'as date), NULL),
('817', 'MHT06.3-1-20 (N04)', N'403-A7', '4', CAST(N'2020/10/17'as date), NULL),
('818', 'MHT06.3-1-20 (N04.BT1)', N'403-A7', '4', CAST(N'2020/10/24'as date), NULL),
('819', 'MHT06.3-1-20 (N04.BT1)', N'403-A7', '4', CAST(N'2020/10/31'as date), NULL),
('82', 'CPM07.3-1-20 (N01.BT1)', N'401b-A7', '2', CAST(N'2020/11/03'as date), NULL),
('820', 'MHT06.3-1-20 (N04.BT1)', N'403-A7', '4', CAST(N'2020/11/07'as date), NULL),
('821', 'MHT06.3-1-20 (N04.BT1)', N'403-A7', '4', CAST(N'2020/11/14'as date), NULL),
('822', 'MHT06.3-1-20 (N04.BT1)', N'403-A7', '4', CAST(N'2020/11/21'as date), NULL),
('823', 'MHT06.3-1-20 (N04.BT1)', N'403-A7', '4', CAST(N'2020/11/28'as date), NULL),
('824', 'CPM06.3-1-20 (N04)', N'502-A3', '4', CAST(N'2020/08/27'as date), NULL),
('825', 'CPM06.3-1-20 (N04)', N'502-A3', '4', CAST(N'2020/09/03'as date), NULL),
('826', 'CPM06.3-1-20 (N04)', N'502-A3', '4', CAST(N'2020/09/10'as date), NULL),
('827', 'CPM06.3-1-20 (N04)', N'502-A3', '4', CAST(N'2020/09/17'as date), NULL),
('828', 'CPM06.3-1-20 (N04)', N'502-A3', '4', CAST(N'2020/09/24'as date), NULL),
('829', 'CPM06.3-1-20 (N04)', N'502-A3', '4', CAST(N'2020/10/01'as date), NULL);
INSERT INTO schedule (id_schedule, id_module_class, id_room, shift_schedule, day_schedule,number_student) 
VALUES
('83', 'CPM07.3-1-20 (N01.BT1)', N'401b-A7', '2', CAST(N'2020/11/10'as date), NULL),
('830', 'CPM06.3-1-20 (N04)', N'502-A3', '4', CAST(N'2020/10/08'as date), NULL),
('831', 'CPM06.3-1-20 (N04)', N'502-A3', '4', CAST(N'2020/10/15'as date), NUlL),
('832', 'CPM06.3-1-20 (N04)', N'502-A3', '4', CAST(N'2020/10/22'as date), NULL),
('833', 'CPM06.3-1-20 (N04)', N'502-A3', '4', CAST(N'2020/10/29'as date), NULL),
('834', 'CPM06.3-1-20 (N04)', N'502-A3', '4', CAST(N'2020/11/05'as date), NULL),
('835', 'CPM06.3-1-20 (N04.BT1)', N'502-A3', '4', CAST(N'2020/11/12'as date), NULL),
('836', 'CPM06.3-1-20 (N04.BT1)', N'502-A3', '4', CAST(N'2020/11/19'as date), NULL),
('837', 'CPM06.3-1-20 (N04.BT1)', N'502-A3', '4', CAST(N'2020/11/26'as date), NULL),
('838', 'CPM06.3-1-20 (N04.BT1)', N'202-A5', '2', CAST(N'2020/11/10'as date), NULL),
('839', 'CPM06.3-1-20 (N04.BT1)', N'202-A5', '2', CAST(N'2020/11/17'as date), NULL),
('84', 'CPM07.3-1-20 (N01.BT1)', N'401b-A7', '2', CAST(N'2020/11/19'as date), NULL),
('840', 'CPM06.3-1-20 (N04.BT1)', N'202-A5', '2', CAST(N'2020/11/24'as date), NULL),
('841', 'MHT09.2-1-20 (N04)', N'502-A3', '3', CAST(N'2020/08/24'as date), NULL),
('842', 'MHT09.2-1-20 (N04)', N'502-A3', '3', CAST(N'2020/08/31'as date), NULL),
('843', 'MHT09.2-1-20 (N04)', N'502-A3', '3', CAST(N'2020/09/07'as date), NULL),
('844', 'MHT09.2-1-20 (N04)', N'502-A3', '3', CAST(N'2020/09/14'as date), NULL),
('845', 'MHT09.2-1-20 (N04)', N'502-A3', '3', CAST(N'2020/09/21'as date), NULL),
('846', 'MHT09.2-1-20 (N04)', N'502-A3', '3', CAST(N'2020/09/28'as date), NULL),
('847', 'MHT09.2-1-20 (N04.BT1)', N'502-A3', '3', CAST(N'2020/10/05'as date), NULL),
('848', 'MHT09.2-1-20 (N04.BT1)', N'502-A3', '3', CAST(N'2020/10/12'as date), NULL),
('849', 'MHT09.2-1-20 (N04.BT1)', N'502-A3', '3', CAST(N'2020/10/19'as date), NULL),
('85', 'CPM07.3-1-20 (N01.BT1)', N'401b-A7', '2', CAST(N'2020/11/24'as date), NULL),
('850', 'MHT09.2-1-20 (N04.BT1)', N'502-A3', '3', CAST(N'2020/10/26'as date), NULL),
('851', 'MHT09.2-1-20 (N04.BT1)', N'502-A3', '3', CAST(N'2020/11/02'as date), NULL),
('852', 'MHT09.2-1-20 (N04.BT1)', N'502-A3', '3', CAST(N'2020/11/09'as date), NULL),
('853', 'KHM26.3-1-20 (N04)', N'403-A7', '3', CAST(N'2020/08/29'as date), NULL),
('854', 'KHM26.3-1-20 (N04)', N'403-A7', '3', CAST(N'2020/09/05'as date), NULL),
('855', 'KHM26.3-1-20 (N04)', N'403-A7', '3', CAST(N'2020/09/12'as date), NULL),
('856', 'KHM26.3-1-20 (N04)', N'605-A2', '2', CAST(N'2020/08/25'as date), NULL),
('857', 'KHM26.3-1-20 (N04)', N'605-A2', '2', CAST(N'2020/09/01'as date), NULL),
('858', 'KHM26.3-1-20 (N04)', N'605-A2', '2', CAST(N'2020/09/08'as date), NULL),
('859', 'KHM26.3-1-20 (N04)', N'403-A7', '3', CAST(N'2020/09/19'as date), NULL),
('86', 'CPM07.3-1-20 (N01.BT1)', N'401b-A7', '2', CAST(N'2020/12/01'as date), NULL),
('860', 'KHM26.3-1-20 (N04)', N'403-A7', '3', CAST(N'2020/09/26'as date), NULL),
('861', 'KHM26.3-1-20 (N04)', N'403-A7', '3', CAST(N'2020/10/03'as date), NULL),
('862', 'KHM26.3-1-20 (N04)', N'403-A7', '3', CAST(N'2020/10/10'as date), NULL),
('863', 'KHM26.3-1-20 (N04)', N'403-A7', '3', CAST(N'2020/10/17'as date), NULL),
('864', 'KHM26.3-1-20 (N04.BT1)', N'403-A7', '3', CAST(N'2020/10/24'as date), NULL),
('865', 'KHM26.3-1-20 (N04.BT1)', N'403-A7', '3', CAST(N'2020/10/31'as date), NULL),
('866', 'KHM26.3-1-20 (N04.BT1)', N'403-A7', '3', CAST(N'2020/11/07'as date), NULL),
('867', 'KHM26.3-1-20 (N04.BT1)', N'403-A7', '3', CAST(N'2020/11/14'as date), NULL),
('868', 'KHM26.3-1-20 (N04.BT1)', N'403-A7', '3', CAST(N'2020/11/21'as date), NULL),
('869', 'KHM26.3-1-20 (N04.BT1)', N'403-A7', '3', CAST(N'2020/11/28'as date), NULL),
('87', 'MHT07.3-1-20 (N01)', N'401b-A7', '1', CAST(N'2020/08/25'as date), NULL),
('870', 'ANHB1.4-1-20 (N18)', N'505-A3', '3', CAST(N'2020/08/28'as date), NULL),
('871', 'ANHB1.4-1-20 (N18)', N'505-A3', '3', CAST(N'2020/09/04'as date), NULL),
('872', 'ANHB1.4-1-20 (N18)', N'505-A3', '3', CAST(N'2020/09/11'as date), NULL),
('873', 'ANHB1.4-1-20 (N18)', N'505-A3', '3', CAST(N'2020/09/18'as date), NULL),
('874', 'ANHB1.4-1-20 (N18)', N'505-A3', '3', CAST(N'2020/09/25'as date), NULL),
('875', 'ANHB1.4-1-20 (N18)', N'505-A3', '3', CAST(N'2020/10/02'as date), NULL),
('876', 'ANHB1.4-1-20 (N18)', N'505-A3', '3', CAST(N'2020/10/09'as date), NULL),
('877', 'ANHB1.4-1-20 (N18)', N'505-A3', '3', CAST(N'2020/10/16'as date), NULL),
('878', 'ANHB1.4-1-20 (N18)', N'502-A3', '4',CAST(N'2020/08/24'as date), NULL),
('879', 'ANHB1.4-1-20 (N18)', N'502-A3', '4', CAST(N'2020/08/31'as date), NULL),
('88', 'MHT07.3-1-20 (N01)', N'401b-A7', '1', CAST(N'2020/09/01'as date), NULL),
('880', 'ANHB1.4-1-20 (N18)', N'502-A3', '4', CAST(N'2020/09/07'as date), NULL),
('881', 'ANHB1.4-1-20 (N18)', N'502-A3', '4', CAST(N'2020/09/14'as date), NULL),
('882', 'ANHB1.4-1-20 (N18)', N'502-A3', '4', CAST(N'2020/09/21'as date), NULL),
('883', 'ANHB1.4-1-20 (N18)', N'502-A3', '4', CAST(N'2020/09/28'as date), NULL),
('884', 'ANHB1.4-1-20 (N18)', N'502-A3', '4', CAST(N'2020/10/05'as date), NULL),
('885', 'ANHB1.4-1-20 (N18)', N'502-A3', '4', CAST(N'2020/10/12'as date), NULL),
('886', 'ANHB1.4-1-20 (N18)', N'502-A3', '4', CAST(N'2020/10/19'as date), NULL),
('887', 'ANHB1.4-1-20 (N18.BT1)', N'505-A3', '3', CAST(N'2020/10/23'as date), NULL),
('888', 'ANHB1.4-1-20 (N18.BT1)', N'505-A3', '3', CAST(N'2020/10/30'as date), NULL),
('889', 'ANHB1.4-1-20 (N18.BT1)', N'505-A3', '3', CAST(N'2020/11/06'as date), NULL),
('89', 'MHT07.3-1-20 (N01)', N'401b-A7', '1', CAST(N'2020/09/08'as date), NULL),
('890', 'ANHB1.4-1-20 (N18.BT1)', N'505-A3', '3', CAST(N'2020/11/13'as date), NULL),
('891', 'ANHB1.4-1-20 (N18.BT1)', N'505-A3', '3', CAST(N'2020/11/20'as date), NULL),
('892', 'ANHB1.4-1-20 (N18.BT1)', N'505-A3', '3', CAST(N'2020/11/27'as date), NULL),
('893', 'ANHB1.4-1-20 (N18.BT1)', N'502-A3', '4', CAST(N'2020/10/26'as date), NULL),
('894', 'ANHB1.4-1-20 (N18.BT1)', N'502-A3', '4', CAST(N'2020/11/02'as date), NULL),
('895', 'ANHB1.4-1-20 (N18.BT1)', N'502-A3', '4', CAST(N'2020/11/09'as date), NULL),
('896', 'ANHB1.4-1-20 (N18.BT1)', N'502-A3', '4', CAST(N'2020/11/16'as date), NULL),
('897', 'ANHB1.4-1-20 (N18.BT1)', N'502-A3', '4', CAST(N'2020/11/23'as date), NULL),
('9', 'MHT235.3-1-20 (N01)', N'401b-A7', '1', CAST(N'2020/10/21'as date), NULL),
('90', 'MHT07.3-1-20 (N01)', N'401b-A7', '1', CAST(N'2020/09/15'as date), NULL),
('91', 'MHT07.3-1-20 (N01)', N'401b-A7', '1', CAST(N'2020/09/22'as date), NULL),
('92', 'MHT07.3-1-20 (N01)', N'401b-A7', '1', CAST(N'2020/09/29'as date), NULL),
('93', 'MHT07.3-1-20 (N01)', N'401b-A7', '1', CAST(N'2020/10/06'as date), NULL),
('94', 'MHT07.3-1-20 (N01)', N'401b-A7', '1', CAST(N'2020/10/13'as date), NULL),
('95', 'MHT07.3-1-20 (N01)', N'401b-A7', '1', CAST(N'2020/10/20'as date), NULL),
('96', 'MHT07.3-1-20 (N01)', N'401b-A7', '1', CAST(N'2020/10/27'as date), NULL),
('97', 'MHT07.3-1-20 (N01)', N'401b-A7', '1', CAST(N'2020/11/03'as date), NULL),
('98', 'MHT07.3-1-20 (N01.BT1)', N'401b-A7', '2', CAST(N'2020/09/25'as date), NULL),
('99', 'MHT07.3-1-20 (N01.BT1)', N'401b-A7', '2', CAST(N'2020/10/02'as date), NULL);

